participant,recording,participant_group,picture_id,media_code,interval_start_ms,interval_end_ms,interval_duration_ms,sample_count,valid_sample_count,eyes_not_found_count,pupil_sum,pupil_count,sample_start_ms,sample_end_ms,presented_media_width,presented_media_height,original_media_width,original_media_height,pupil_mean,pupil_median,pupil_within_participant_z,pupil_baseline_corrected_pct,participant_pupil_mean,participant_pupil_std,participant_pupil_median,baseline_period_media_code,baseline_pupil_mean,baseline_pupil_median,baseline_pupil_count,pupil_expansion_rate_vs_baseline_pct,pupil_median_expansion_rate_vs_baseline_pct,valid_sample_ratio,eyes_not_found_ratio,fixation_count,total_fixation_duration_ms,mean_fixation_duration_ms,min_fixation_duration_ms,max_fixation_duration_ms,first_fixation_start_ms,first_fixation_duration_ms,scanpath_length_px,mean_fixation_to_fixation_distance_px,aoi_transition_count,aoi_transition_entropy,time_to_first_fixation_ms,saccade_count,total_saccade_duration_ms,mean_saccade_duration_ms,normalized_scanpath_length,class_birds_fixation_duration_ms,class_birds_fixation_count,class_birds_visit_count,class_birds_visit_duration_ms,class_bridge_fixation_duration_ms,class_bridge_fixation_count,class_bridge_visit_count,class_bridge_visit_duration_ms,class_commercial_building_fixation_duration_ms,class_commercial_building_fixation_count,class_commercial_building_visit_count,class_commercial_building_visit_duration_ms,class_dragon_boat_fixation_duration_ms,class_dragon_boat_fixation_count,class_dragon_boat_visit_count,class_dragon_boat_visit_duration_ms,class_human_activities_fixation_duration_ms,class_human_activities_fixation_count,class_human_activities_visit_count,class_human_activities_visit_duration_ms,class_landmark_fixation_duration_ms,class_landmark_fixation_count,class_landmark_visit_count,class_landmark_visit_duration_ms,class_other_fixation_duration_ms,class_other_fixation_count,class_other_visit_count,class_other_visit_duration_ms,class_riparian_vegetation_fixation_duration_ms,class_riparian_vegetation_fixation_count,class_riparian_vegetation_visit_count,class_riparian_vegetation_visit_duration_ms,class_river_fixation_duration_ms,class_river_fixation_count,class_river_visit_count,class_river_visit_duration_ms,class_sign_fixation_duration_ms,class_sign_fixation_count,class_sign_visit_count,class_sign_visit_duration_ms,class_traditional_building_fixation_duration_ms,class_traditional_building_fixation_count,class_traditional_building_visit_count,class_traditional_building_visit_duration_ms,class_upland_vegetation_fixation_duration_ms,class_upland_vegetation_fixation_count,class_upland_vegetation_visit_count,class_upland_vegetation_visit_duration_ms,class_birds_duration_share_of_trial,class_bridge_duration_share_of_trial,class_commercial_building_duration_share_of_trial,class_dragon_boat_duration_share_of_trial,class_human_activities_duration_share_of_trial,class_landmark_duration_share_of_trial,class_other_duration_share_of_trial,class_riparian_vegetation_duration_share_of_trial,class_river_duration_share_of_trial,class_sign_duration_share_of_trial,class_traditional_building_duration_share_of_trial,class_upland_vegetation_duration_share_of_trial,semantic_attention_entropy,semantic_attention_hhi,semantic_attention_gini,class_birds_aoi_pupil_count,class_bridge_aoi_pupil_count,class_commercial_building_aoi_pupil_count,class_dragon_boat_aoi_pupil_count,class_human_activities_aoi_pupil_count,class_landmark_aoi_pupil_count,class_other_aoi_pupil_count,class_riparian_vegetation_aoi_pupil_count,class_river_aoi_pupil_count,class_sign_aoi_pupil_count,class_traditional_building_aoi_pupil_count,class_upland_vegetation_aoi_pupil_count,class_birds_average_pupil_diameter,class_bridge_average_pupil_diameter,class_commercial_building_average_pupil_diameter,class_dragon_boat_average_pupil_diameter,class_human_activities_average_pupil_diameter,class_landmark_average_pupil_diameter,class_other_average_pupil_diameter,class_riparian_vegetation_average_pupil_diameter,class_river_average_pupil_diameter,class_sign_average_pupil_diameter,class_traditional_building_average_pupil_diameter,class_upland_vegetation_average_pupil_diameter,class_birds_pupil_expansion_rate_vs_baseline_pct,class_bridge_pupil_expansion_rate_vs_baseline_pct,class_commercial_building_pupil_expansion_rate_vs_baseline_pct,class_dragon_boat_pupil_expansion_rate_vs_baseline_pct,class_human_activities_pupil_expansion_rate_vs_baseline_pct,class_landmark_pupil_expansion_rate_vs_baseline_pct,class_other_pupil_expansion_rate_vs_baseline_pct,class_riparian_vegetation_pupil_expansion_rate_vs_baseline_pct,class_river_pupil_expansion_rate_vs_baseline_pct,class_sign_pupil_expansion_rate_vs_baseline_pct,class_traditional_building_pupil_expansion_rate_vs_baseline_pct,class_upland_vegetation_pupil_expansion_rate_vs_baseline_pct
S001,R001,PRO,1,Image_001,64815,75381,10566,1268,1268,0,3351.225,1268,64818,75376,1440.0,1080.0,4032.0,3024.0,2.64292192429022,2.619,0.3736978583650098,0.4988488104374653,2.606153670177099,0.0983903260082579,2.606,zhidaoyu,2.5884545454545456,2.546,1067.0,2.104243203007836,2.8672427336999373,1.0,0.0,29,10576.0,364.6896551724138,175.0,675.0,64818.0,650.0,7237.936567250406,258.49773454465736,12,1.9508257945180885,3.0,28,900.0,32.142857142857146,4.02107587069467,0.0,0,0,0.0,0.0,0,0,0.0,0.0,0,0,0.0,0.0,0,0,0.0,0.0,0,0,0.0,0.0,0,0,0.0,0.0,0,0,0.0,267.0,1,1,267.0,650.0,1,1,650.0,0.0,0,0,0.0,3308.0,8,5,3308.0,0.0,0,0,0.0,0.0,0.0,0.0,0.0,0.0,0.0,0.0,0.0252458396369137,0.0614599092284417,0.0,0.3127836611195159,0.0,0.9436029123706524,0.6406864185427682,0.8699605522682445,,,,,0.0,,,32.0,30.0,,397.0,0.0,,,,,,,,2.69409375,2.880733333333333,,2.5995390428211587,,,,,,,,,4.081169002212617,11.291633009049496,,0.4282283954368844,
S001,R001,PRO,2,Image_012,75381,81698,6317,758,757,0,1960.456,757,75385,81693,1440.0,1080.0,4032.0,3024.0,2.5897701453104363,2.593,-0.1665156070860844,-0.4988488104374482,2.606153670177099,0.0983903260082579,2.606,zhidaoyu,2.5884545454545456,2.546,1067.0,0.0508256889502251,1.8460329929300925,0.9986807387862796,0.0,20,5932.0,296.6,125.0,675.0,75385.0,675.0,4144.9609490622,218.1558394243263,9,2.5032583347756456,4.0,19,560.0,29.473684210526315,2.302756082812333,0.0,0,0,0.0,0.0,0,0,0.0,0.0,0,0,0.0,0.0,0,0,0.0,450.0,2,2,450.0,0.0,0,0,0.0,0.0,0,0,0.0,0.0,0,0,0.0,267.0,1,1,267.0,0.0,0,0,0.0,1724.0,5,2,1724.0,0.0,0,0,0.0,0.0,0.0,0.0,0.0,0.0758597437626432,0.0,0.0,0.0,0.0450101146325016,0.0,0.2906271072151045,0.0,1.1532691534485653,0.5447638416569592,0.8494810869862078,,,,,53.0,,,,32.0,0.0,207.0,,,,,,2.6187924528301885,,,,2.64596875,,2.5769661835748794,,,,,,1.1720471363469671,,,,2.2219514979103043,,-0.4438309299207246,
S001,R001,PRO,3,Image_023,81698,86031,4333,520,520,0,1348.764,520,81701,86026,1440.0,1080.0,960.0,720.0,2.593776923076923,2.5805,-0.1257923172155901,-0.9785111281657743,2.606153670177099,0.0983903260082579,2.606,zhidaoyu,2.5884545454545456,2.546,1067.0,0.2056198990136324,1.3550667714061264,1.0,0.0,17,4306.0,253.2941176470588,108.0,575.0,81701.0,458.0,4076.9599234829607,254.80999521768504,6,1.9182958340544891,3.0,23,592.0,25.73913043478261,2.264977735268312,0.0,0,0,0.0,0.0,0,0,0.0,0.0,0,0,0.0,0.0,0,0,0.0,0.0,0,0,0.0,0.0,0,0,0.0,0.0,0,0,0.0,158.0,1,1,158.0,0.0,0,0,0.0,0.0,0,0,0.0,0.0,0,0,0.0,392.0,2,2,392.0,0.0,0.0,0.0,0.0,0.0,0.0,0.0,0.0366929865304226,0.0,0.0,0.0,0.0910357640501625,0.8651721409481241,0.590505785123967,0.8687878787878788,,,,,,,,19.0,0.0,0.0,,47.0,,,,,,,,2.5872105263157894,,,,2.6045744680851066,,,,,,,,-0.0480603045914295,,,,0.6227624378750802
S001,R001,PRO,4,Image_026,86031,90031,4000,480,464,16,1207.551,464,86035,90027,1439.0,1080.0,1706.0,1280.0,2.602480603448276,2.593,-0.0373315840879993,-0.4988488104374482,2.606153670177099,0.0983903260082579,2.606,zhidaoyu,2.5884545454545456,2.546,1067.0,0.5418699748218887,1.8460329929300925,0.9666666666666668,0.0333333333333333,11,3991.0,362.8181818181818,175.0,833.0,86035.0,408.0,2031.7743188889983,203.17743188889983,4,1.0,4.0,12,358.0,29.83333333333333,1.129265343437225,0.0,0,0,0.0,0.0,0,0,0.0,0.0,0,0,0.0,0.0,0,0,0.0,0.0,0,0,0.0,0.0,0,0,0.0,0.0,0,0,0.0,1125.0,2,2,1125.0,0.0,0,0,0.0,0.0,0,0,0.0,0.0,0,0,0.0,0.0,0,0,0.0,0.0,0.0,0.0,0.0,0.0,0.0,0.0,0.2818842395389627,0.0,0.0,0.0,0.0,-0.0,1.0,0.9166666666666666,,,,,0.0,,,135.0,0.0,,,,,,,,,,,2.641674074074074,,,,,,,,,,,,2.0560348920549765,,,,
S001,R001,PRO,5,Image_027,90031,94631,4600,552,551,0,1460.85,551,90035,94627,810.0,1080.0,1280.0,1706.0,2.651270417422867,2.662,0.4585486101751651,2.148887183422872,2.606153670177099,0.0983903260082579,2.606,zhidaoyu,2.5884545454545456,2.546,1067.0,2.426771297901653,4.556166535742346,0.9981884057971014,0.0,13,4376.0,336.61538461538464,75.0,808.0,90035.0,342.0,2028.6809749398967,169.0567479116581,4,2.0,4.0,18,433.0,24.05555555555556,1.5027266481036274,0.0,0,0,0.0,0.0,0,0,0.0,225.0,1,1,225.0,0.0,0,0,0.0,0.0,0,0,0.0,0.0,0,0,0.0,0.0,0,0,0.0,192.0,2,1,192.0,0.0,0,0,0.0,0.0,0,0,0.0,0.0,0,0,0.0,0.0,0,0,0.0,0.0,0.0,0.051416819012797,0.0,0.0,0.0,0.0,0.0438756855575868,0.0,0.0,0.0,0.0,0.9954777505134998,0.5031313079033176,0.8399280575539568,,,27.0,,,,,23.0,0.0,,,,,,2.5622962962962963,,,,,2.5813478260869567,,,,,,,-1.0105740200918132,,,,,-0.2745545360287914,,,,
S001,R001,PRO,6,Image_028,94631,97681,3050,366,366,0,910.635,366,94635,97677,1620.0,1080.0,5472.0,3648.0,2.4880737704918032,2.503,-1.2001169675500958,-3.952417498081342,2.606153670177099,0.0983903260082579,2.606,zhidaoyu,2.5884545454545456,2.546,1067.0,-3.878019613634551,-1.688923802042408,1.0,0.0,9,3125.0,347.22222222222223,133.0,742.0,94635.0,317.0,1963.3441346327688,245.41801682909608,6,2.584962500721156,4.0,8,250.0,31.25,1.008395719202268,1167.0,3,2,1167.0,0.0,0,0,0.0,0.0,0,0,0.0,0.0,0,0,0.0,0.0,0,0,0.0,0.0,0,0,0.0,0.0,0,0,0.0,2109.0,5,3,2109.0,450.0,2,2,450.0,0.0,0,0,0.0,0.0,0,0,0.0,0.0,0,0,0.0,0.37344,0.0,0.0,0.0,0.0,0.0,0.0,0.67488,0.144,0.0,0.0,0.0,1.3576183714555836,0.4330646896984501,0.8242082662372517,106.0,,,,,,,219.0,49.0,,,,2.495198113207547,,,,,,,2.5067168949771688,2.5352244897959184,,,,-3.6027842331927884,,,,,,,-3.1577780888952507,-2.0564415841144195,,,
S001,R001,PRO,7,Image_029,97681,106131,8450,1014,1014,0,2676.319,1014,97685,106127,1620.0,1080.0,6000.0,4000.0,2.639367850098618,2.6525,0.3375756669281881,1.7843438219493473,2.606153670177099,0.0983903260082579,2.606,zhidaoyu,2.5884545454545456,2.546,1067.0,1.966938331348308,4.183032207384134,1.0,0.0,27,8128.0,301.037037037037,67.0,742.0,97685.0,742.0,8063.878094575029,310.14915748365496,14,2.148834854280917,4.0,32,1001.0,31.28125,4.141698853145459,0.0,0,0,0.0,0.0,0,0,0.0,0.0,0,0,0.0,0.0,0,0,0.0,550.0,2,2,550.0,0.0,0,0,0.0,0.0,0,0,0.0,2327.0,11,6,2327.0,0.0,0,0,0.0,0.0,0,0,0.0,0.0,0,0,0.0,0.0,0,0,0.0,0.0,0.0,0.0,0.0,0.0676673228346456,0.0,0.0,0.2862942913385827,0.0,0.0,0.0,0.0,0.7039154312050993,0.6907502589364019,0.8848047734909049,,,,,66.0,,,279.0,0.0,,0.0,,,,,,2.715015151515152,,,2.661032258064516,,,,,,,,,4.889427410763417,,,2.80390137572323,,,,
S001,R001,PRO,8,Image_030,106131,111731,5600,672,661,11,1631.685,661,106135,111727,1920.0,1079.0,2275.0,1279.0,2.4685098335854763,2.439,-1.3989570131119424,-6.408288564850338,2.606153670177099,0.0983903260082579,2.606,zhidaoyu,2.5884545454545456,2.546,1067.0,-4.633834968425393,-4.202670856245081,0.9836309523809524,0.0163690476190476,19,5357.0,281.94736842105266,100.0,617.0,106135.0,617.0,5731.74957356772,318.43053186487333,1,-0.0,4.0,19,644.0,33.89473684210526,2.6024814383412256,0.0,0,0,0.0,0.0,0,0,0.0,0.0,0,0,0.0,0.0,0,0,0.0,0.0,0,0,0.0,0.0,0,0,0.0,0.0,0,0,0.0,0.0,0,0,0.0,892.0,2,1,892.0,0.0,0,0,0.0,0.0,0,0,0.0,0.0,0,0,0.0,0.0,0.0,0.0,0.0,0.0,0.0,0.0,0.0,0.1665111069628523,0.0,0.0,0.0,-0.0,1.0,0.9166666666666666,0.0,,,,,0.0,,0.0,72.0,,,,,,,,,,,,2.6257916666666663,,,,,,,,,,,,1.442448401409504,,,
S001,R001,PRO,9,Image_031,111731,117497,5766,692,692,0,1772.49,692,111735,117494,1621.0,1080.0,2731.0,1820.0,2.5614017341040465,2.555,-0.4548408150339552,-1.957022256331532,2.606153670177099,0.0983903260082579,2.606,zhidaoyu,2.5884545454545456,2.546,1067.0,-1.0451337226688089,0.353495679497264,1.0,0.0,19,5850.0,307.89473684210526,125.0,725.0,111735.0,458.0,6196.761161348299,344.2645089637944,5,1.9219280948873625,4.0,18,617.0,34.27777777777778,3.181366823730592,0.0,0,0,0.0,0.0,0,0,0.0,1200.0,2,2,1200.0,0.0,0,0,0.0,0.0,0,0,0.0,0.0,0,0,0.0,0.0,0,0,0.0,0.0,0,0,0.0,308.0,1,1,308.0,0.0,0,0,0.0,0.0,0,0,0.0,0.0,0,0,0.0,0.0,0.0,0.2051282051282051,0.0,0.0,0.0,0.0,0.0,0.0526495726495726,0.0,0.0,0.0,0.7303353796286864,0.6749431854160657,0.8826259946949602,,,89.0,,,,,,37.0,0.0,,,,,2.5510112359550563,,,,,,2.6614324324324325,,,,,,-1.446550783178386,,,,,,2.8193613484942115,,,
S001,R001,PRO,10,Image_002,117497,125547,8050,966,966,0,2540.499,962,117502,125544,810.0,1080.0,3072.0,4096.0,2.640851351351351,2.653,0.3526533815056156,1.8035303146584865,2.606153670177099,0.0983903260082579,2.606,zhidaoyu,2.5884545454545456,2.546,1067.0,2.024250570241498,4.202670856245098,1.0,0.0,22,8016.0,364.3636363636364,175.0,825.0,117502.0,725.0,5736.495495276746,273.1664521560355,10,2.721928094887362,5.0,21,691.0,32.904761904761905,4.249255922427219,0.0,0,0,0.0,0.0,0,0,0.0,0.0,0,0,0.0,0.0,0,0,0.0,0.0,0,0,0.0,0.0,0,0,0.0,0.0,0,0,0.0,0.0,0,0,0.0,200.0,1,1,200.0,2150.0,6,3,2150.0,1558.0,3,3,1558.0,0.0,0,0,0.0,0.0,0.0,0.0,0.0,0.0,0.0,0.0,0.0,0.0249500998003992,0.2682135728542914,0.1943612774451097,0.0,1.2226783247114266,0.4642252880740135,0.8331627430910952,,,,,,,,,24.0,226.0,140.0,,,,,,,,,,2.685625,2.6123938053097344,2.639228571428572,,,,,,,,,,3.753995012819155,0.9248476044220046,1.9615575658142363,
S001,R001,PRO,11,Image_003,125547,132097,6550,786,760,26,1930.49,752,125552,132094,1620.0,1080.0,5472.0,3648.0,2.5671409574468083,2.5620000000000003,-0.3965096398503291,-1.6884113584036682,2.606153670177099,0.0983903260082579,2.606,zhidaoyu,2.5884545454545456,2.546,1067.0,-0.823409785007236,0.6284367635506858,0.9669211195928752,0.0330788804071246,19,6342.0,333.7894736842105,125.0,825.0,125552.0,825.0,4554.559766905788,253.03109816143265,9,2.94770277922009,5.0,22,641.0,29.13636363636364,2.339273330020532,0.0,0,0,0.0,0.0,0,0,0.0,0.0,0,0,0.0,0.0,0,0,0.0,0.0,0,0,0.0,0.0,0,0,0.0,0.0,0,0,0.0,3433.0,8,4,3433.0,717.0,2,1,717.0,0.0,0,0,0.0,0.0,0,0,0.0,591.0,2,2,591.0,0.0,0.0,0.0,0.0,0.0,0.0,0.0,0.5413118889940082,0.1130558183538316,0.0,0.0,0.0931882686849574,1.123833187343892,0.562744735404032,0.849908598748506,,,,,0.0,,,328.0,86.0,,,71.0,,,,,,,,2.5545579268292684,2.598953488372093,,,2.550521126760563,,,,,,,,-1.3095311518914363,0.4056066171215537,,,-1.4654852162884349
S001,R001,PRO,12,Image_004,132097,139047,6950,834,834,0,2159.219,834,132102,139044,1439.0,1080.0,1706.0,1280.0,2.5889916067146284,2.608,-0.1744283626118924,0.0767459708365396,2.606153670177099,0.0983903260082579,2.606,zhidaoyu,2.5884545454545456,2.546,1067.0,0.0207483365325421,2.4351924587588485,1.0,0.0,19,6759.0,355.7368421052632,167.0,842.0,132102.0,600.0,5701.692124902779,316.76067360570994,15,2.789898095464287,5.0,20,717.0,35.85,3.16901501103845,0.0,0,0,0.0,0.0,0,0,0.0,2275.0,6,5,2275.0,0.0,0,0,0.0,983.0,3,2,983.0,0.0,0,0,0.0,0.0,0,0,0.0,0.0,0,0,0.0,709.0,3,2,709.0,0.0,0,0,0.0,0.0,0,0,0.0,0.0,0,0,0.0,0.0,0.0,0.3365882527001035,0.0,0.1454357153425063,0.0,0.0,0.0,0.1048971741381861,0.0,0.0,0.0,1.402778615181545,0.4222251650225781,0.8157927905218049,,,230.0,,118.0,,,0.0,85.0,,,,,,2.5756260869565217,,2.65235593220339,,,,2.6260470588235294,,,,,,-0.4956030045245044,,2.4687080891977997,,,,1.452314989845897,,,
S001,R001,PRO,13,Image_005,139047,145430,6383,766,766,0,2097.538,766,139052,145427,1920.0,1080.0,960.0,540.0,2.738300261096606,2.761,1.3430852023847917,5.947812739831169,2.606153670177099,0.0983903260082579,2.606,zhidaoyu,2.5884545454545456,2.546,1067.0,5.789003168133541,8.44461901021211,1.0,0.0,14,6635.0,473.9285714285714,217.0,1600.0,139052.0,842.0,3670.128466310369,282.31757433156685,10,2.6464393446710157,5.0,17,492.0,28.94117647058824,1.6660386402815406,0.0,0,0,0.0,0.0,0,0,0.0,0.0,0,0,0.0,0.0,0,0,0.0,0.0,0,0,0.0,0.0,0,0,0.0,775.0,2,1,775.0,783.0,3,2,783.0,0.0,0,0,0.0,0.0,0,0,0.0,0.0,0,0,0.0,1626.0,3,3,1626.0,0.0,0.0,0.0,0.0,0.0,0.0,0.1168048229088168,0.1180105501130369,0.0,0.0,0.0,0.2450640542577241,1.4889832611158471,0.3805133945481175,0.7945456448911222,,,,,0.0,,93.0,94.0,,,,168.0,,,,,,,2.7536989247311827,2.79513829787234,,,,2.722833333333333,,,,,,,6.3839011415832845,7.984832215065997,,,,5.191467940387953
S001,R001,PRO,14,Image_006,145430,158547,13117,1574,1574,0,4228.756,1574,145436,158544,1439.0,1080.0,1706.0,1280.0,2.686630241423126,2.696,0.8179317470629426,3.4535686876439105,2.606153670177099,0.0983903260082579,2.606,zhidaoyu,2.5884545454545456,2.546,1067.0,3.792830596194236,5.8915946582875245,1.0,0.0,27,12657.0,468.77777777777777,225.0,1067.0,145436.0,367.0,5648.1740875631895,217.23746490627653,11,0.9940302114769564,6.0,31,840.0,27.096774193548388,3.1392695495201526,0.0,0,0,0.0,0.0,0,0,0.0,0.0,0,0,0.0,0.0,0,0,0.0,0.0,0,0,0.0,0.0,0,0,0.0,0.0,0,0,0.0,0.0,0,0,0.0,0.0,0,0,0.0,0.0,0,0,0.0,5425.0,10,6,5425.0,0.0,0,0,0.0,0.0,0.0,0.0,0.0,0.0,0.0,0.0,0.0,0.0,0.0,0.4286165758078533,0.0,-0.0,1.0,0.9166666666666666,,,,,0.0,,,,0.0,,614.0,,,,,,,,,,,,2.7053778501628667,,,,,,,,,,,,4.51710867064072,
S001,R001,PRO,15,Image_007,158547,165380,6833,820,820,0,2143.347,820,158552,165378,1439.0,1080.0,1706.0,1280.0,2.6138378048780484,2.62,0.0780984778961335,0.5372217958557266,2.606153670177099,0.0983903260082579,2.606,zhidaoyu,2.5884545454545456,2.546,1067.0,0.9806337711464588,2.9065200314218496,1.0,0.0,19,6816.0,358.7368421052632,67.0,942.0,158552.0,775.0,3111.9720631851096,172.8873368436172,2,1.0,5.0,21,609.0,29.0,1.7296420020809289,0.0,0,0,0.0,0.0,0,0,0.0,0.0,0,0,0.0,0.0,0,0,0.0,0.0,0,0,0.0,0.0,0,0,0.0,0.0,0,0,0.0,650.0,4,1,650.0,0.0,0,0,0.0,0.0,0,0,0.0,0.0,0,0,0.0,0.0,0,0,0.0,0.0,0.0,0.0,0.0,0.0,0.0,0.0,0.0953638497652582,0.0,0.0,0.0,0.0,-0.0,1.0,0.9166666666666666,0.0,,,,,,,78.0,0.0,,,,,,,,,,,2.5856794871794877,,,,,,,,,,,,-0.1072090788664396,,,,
S001,R001,PRO,16,Image_008,165380,170280,4900,588,519,69,1326.402,515,165386,170278,1440.0,1080.0,4096.0,3072.0,2.5755378640776696,2.587,-0.3111668325690869,-0.7290867229470333,2.606153670177099,0.0983903260082579,2.606,zhidaoyu,2.5884545454545456,2.546,1067.0,-0.4990113270313475,1.6103692065986008,0.8826530612244898,0.1173469387755102,15,3967.0,264.46666666666664,108.0,692.0,165386.0,400.0,2730.3380432805943,195.0241459486139,5,0.9709505944546686,6.0,24,558.0,23.25,1.5168544684892191,0.0,0,0,0.0,0.0,0,0,0.0,0.0,0,0,0.0,0.0,0,0,0.0,0.0,0,0,0.0,0.0,0,0,0.0,0.0,0,0,0.0,0.0,0,0,0.0,0.0,0,0,0.0,0.0,0,0,0.0,3093.0,11,3,3093.0,0.0,0,0,0.0,0.0,0.0,0.0,0.0,0.0,0.0,0.0,0.0,0.0,0.0,0.7796823796319637,0.0,-0.0,1.0,0.9166666666666666,,,,,,,,,0.0,,350.0,,,,,,,,,,,,2.579108571428572,,,,,,,,,,,,-0.3610638650149683,
S001,R001,PRO,17,Image_009,170280,175313,5033,604,603,1,1627.569,603,170286,175311,1440.0,1080.0,4032.0,3024.0,2.6991194029850747,2.671,0.944866599996558,2.494244052187258,2.606153670177099,0.0983903260082579,2.606,zhidaoyu,2.5884545454545456,2.546,1067.0,4.2753255113118405,4.909662215239592,0.9983443708609272,0.0016556291390728,13,5326.0,409.6923076923077,117.0,742.0,170286.0,692.0,3774.57590664107,314.5479922200892,9,2.5032583347756456,6.0,14,433.0,30.928571428571427,2.0969866148005947,0.0,0,0,0.0,0.0,0,0,0.0,0.0,0,0,0.0,0.0,0,0,0.0,0.0,0,0,0.0,0.0,0,0,0.0,0.0,0,0,0.0,742.0,1,1,742.0,500.0,2,2,500.0,0.0,0,0,0.0,0.0,0,0,0.0,867.0,2,2,867.0,0.0,0.0,0.0,0.0,0.0,0.0,0.0,0.1393165602703717,0.0938790837401427,0.0,0.0,0.1627863312054074,1.549745216381169,0.3489870794654803,0.7790026868974237,,,,,0.0,,,89.0,60.0,,,104.0,,,,,,,,2.606011235955056,2.6882,,,2.730423076923077,,,,,,,,0.6782692217385416,3.853475222140274,,,5.484683195145731
S001,R001,PRO,18,Image_010,175313,183563,8250,990,957,27,2223.844,847,175319,183561,1440.0,1080.0,1600.0,1200.0,2.6255537190082645,2.64,0.1971743525835777,1.304681504221038,2.606153670177099,0.0983903260082579,2.606,zhidaoyu,2.5884545454545456,2.546,1067.0,1.43325574786959,3.692065985860185,0.9666666666666668,0.0272727272727272,26,7399.0,284.5769230769231,67.0,933.0,175319.0,700.0,8861.348832080432,354.4539532832173,6,1.9182958340544891,6.0,38,1088.0,28.63157894736842,4.9229715733780175,0.0,0,0,0.0,0.0,0,0,0.0,0.0,0,0,0.0,0.0,0,0,0.0,0.0,0,0,0.0,0.0,0,0,0.0,0.0,0,0,0.0,0.0,0,0,0.0,125.0,1,1,125.0,900.0,3,2,900.0,0.0,0,0,0.0,0.0,0,0,0.0,0.0,0.0,0.0,0.0,0.0,0.0,0.0,0.0,0.0168941748884984,0.1216380591971888,0.0,0.0,0.5349436990971066,0.785841760856633,0.8963414634146342,,,,,,,,0.0,15.0,108.0,0.0,,,,,,,,,,2.574266666666667,2.661814814814815,,,,,,,,,,,-0.5481216122876585,2.8341339618690062,,
S001,R001,PRO,19,Image_011,183563,187413,3850,462,446,14,961.94,370,183569,187411,1440.0,1080.0,960.0,720.0,2.599837837837838,2.6175,-0.064191598864413,0.4412893323100648,2.606153670177099,0.0983903260082579,2.606,zhidaoyu,2.5884545454545456,2.546,1067.0,0.4397717705061591,2.80832678711706,0.9653679653679652,0.0303030303030303,11,3425.0,311.3636363636364,83.0,600.0,183569.0,383.0,3927.096571162394,392.7096571162394,6,1.9182958340544891,6.0,13,467.0,35.92307692307692,2.181720317312441,0.0,0,0,0.0,0.0,0,0,0.0,0.0,0,0,0.0,0.0,0,0,0.0,0.0,0,0,0.0,0.0,0,0,0.0,0.0,0,0,0.0,0.0,0,0,0.0,242.0,1,1,242.0,0.0,0,0,0.0,0.0,0,0,0.0,642.0,3,2,642.0,0.0,0.0,0.0,0.0,0.0,0.0,0.0,0.0,0.0706569343065693,0.0,0.0,0.1874452554744525,0.8468022945125057,0.6023730062857027,0.8710407239819005,,,,,,,,0.0,29.0,,,67.0,,,,,,,,,2.578413793103448,,,2.6461791044776115,,,,,,,,,-0.3879052992732489,,,2.230078141585802
S001,R001,PRO,20,Image_013,187413,195096,7683,922,905,7,2113.494,826,187419,195095,1920.0,1080.0,3840.0,2160.0,2.5587094430992736,2.554,-0.4822041861497994,-1.99539524174981,2.606153670177099,0.0983903260082579,2.606,zhidaoyu,2.5884545454545456,2.546,1067.0,-1.1491452460506142,0.3142183817753341,0.9815618221258134,0.0075921908893709,18,6426.0,357.0,117.0,1167.0,187419.0,325.0,3752.4408363685375,220.73181390403167,6,1.9182958340544891,6.0,40,1014.0,25.35,1.7034039778572927,0.0,0,0,0.0,0.0,0,0,0.0,0.0,0,0,0.0,0.0,0,0,0.0,0.0,0,0,0.0,0.0,0,0,0.0,0.0,0,0,0.0,358.0,1,1,358.0,325.0,1,1,325.0,0.0,0,0,0.0,459.0,2,2,459.0,0.0,0,0,0.0,0.0,0.0,0.0,0.0,0.0,0.0,0.0,0.0557111733582321,0.0505757858699035,0.0,0.0714285714285714,0.0,1.569132376728708,0.3408083645921832,0.7695563339171045,,,,,0.0,,,42.0,0.0,,54.0,0.0,,,,,,,,2.540642857142857,,,2.6095740740740743,,,,,,,,,-1.8471133053368876,,,0.8159126710034621,
S001,R001,PRO,21,Image_014,195096,202346,7250,870,870,0,2161.414,835,195103,202345,1440.0,1080.0,4032.0,3024.0,2.5885197604790418,2.593,-0.1792240194079376,-0.4988488104374482,2.606153670177099,0.0983903260082579,2.606,zhidaoyu,2.5884545454545456,2.546,1067.0,0.00251945797583,1.8460329929300925,1.0,0.0,20,7075.0,353.75,92.0,1167.0,195103.0,1167.0,6290.511642287209,331.0795601203794,9,1.7527152789797045,7.0,39,1012.0,25.94871794871795,3.4947286901595604,0.0,0,0,0.0,0.0,0,0,0.0,333.0,1,1,333.0,0.0,0,0,0.0,0.0,0,0,0.0,0.0,0,0,0.0,0.0,0,0,0.0,0.0,0,0,0.0,917.0,4,4,917.0,0.0,0,0,0.0,0.0,0,0,0.0,0.0,0,0,0.0,0.0,0.0,0.0470671378091872,0.0,0.0,0.0,0.0,0.0,0.1296113074204947,0.0,0.0,0.0,0.8362512978123333,0.60913792,0.8722666666666666,,,40.0,,0.0,0.0,,0.0,72.0,,,,,,2.57205,,,,,,2.580555555555556,,,,,,-0.633758297334323,,,,,,-0.3051623955638265,,,
S001,R001,PRO,22,Image_015,202346,216346,14000,1680,1680,0,4025.188,1566,202353,216345,1440.0,1080.0,4032.0,3024.0,2.5703627075351214,2.5675,-0.3637650579486211,-1.4773599386032226,2.606153670177099,0.0983903260082579,2.606,zhidaoyu,2.5884545454545456,2.546,1067.0,-0.6989436206710413,0.8444619010212127,1.0,0.0,32,12999.0,406.21875,125.0,1633.0,202353.0,375.0,6610.020780649116,213.2264767951328,11,1.9808259362290783,7.0,40,1088.0,27.2,3.672233767027287,0.0,0,0,0.0,0.0,0,0,0.0,0.0,0,0,0.0,0.0,0,0,0.0,1308.0,3,3,1308.0,0.0,0,0,0.0,0.0,0,0,0.0,0.0,0,0,0.0,0.0,0,0,0.0,0.0,0,0,0.0,3374.0,6,3,3374.0,0.0,0,0,0.0,0.0,0.0,0.0,0.0,0.1006231248557581,0.0,0.0,0.0,0.0,0.0,0.2595584275713516,0.0,0.8545879514456867,0.5973571428180415,0.8701053680763207,,,,,150.0,,,,0.0,0.0,387.0,,,,,,2.668566666666667,,,,,,2.532863049095607,,,,,,3.094978868869932,,,,,,-2.147671337577088,
S001,R001,PRO,23,Image_016,216346,223596,7250,870,860,7,1935.185,768,216353,223595,1440.0,1080.0,4032.0,3024.0,2.5197721354166664,2.505,-0.8779474391942007,-3.875671527244819,2.606153670177099,0.0983903260082579,2.606,zhidaoyu,2.5884545454545456,2.546,1067.0,-2.6534137969889726,-1.610369206598583,0.9885057471264368,0.0080459770114942,22,6383.0,290.1363636363636,108.0,575.0,216353.0,567.0,4259.524443981127,202.8344973324346,7,0.9852281360342516,7.0,36,833.0,23.13888888888889,2.366402468878404,0.0,0,0,0.0,0.0,0,0,0.0,0.0,0,0,0.0,0.0,0,0,0.0,0.0,0,0,0.0,0.0,0,0,0.0,0.0,0,0,0.0,0.0,0,0,0.0,0.0,0,0,0.0,0.0,0,0,0.0,2300.0,6,4,2300.0,0.0,0,0,0.0,0.0,0.0,0.0,0.0,0.0,0.0,0.0,0.0,0.0,0.0,0.3603321322262259,0.0,-0.0,1.0,0.9166666666666666,,,,,,,,,0.0,,239.0,,,,,,,,,,,,2.5419623430962344,,,,,,,,,,,,-1.7961374844288385,
S001,R001,PRO,24,Image_017,223596,236612,13016,1562,1540,16,4004.499,1525,223603,236612,1440.0,1080.0,4032.0,3024.0,2.625900983606557,2.615,0.2007038113462569,0.3453568687644029,2.606153670177099,0.0983903260082579,2.606,zhidaoyu,2.5884545454545456,2.546,1067.0,1.4466716526959862,2.71013354281227,0.9859154929577464,0.0102432778489116,38,10926.0,287.5263157894737,67.0,867.0,223603.0,275.0,6243.065694148797,168.73150524726478,21,3.4632805178108104,7.0,66,1594.0,24.151515151515152,3.468369830082665,0.0,0,0,0.0,0.0,0,0,0.0,0.0,0,0,0.0,0.0,0,0,0.0,1450.0,6,4,1450.0,0.0,0,0,0.0,0.0,0,0,0.0,0.0,0,0,0.0,1417.0,6,5,1417.0,0.0,0,0,0.0,4917.0,16,7,4917.0,0.0,0,0,0.0,0.0,0.0,0.0,0.0,0.1327109646714259,0.0,0.0,0.0,0.1296906461651107,0.0,0.4500274574409665,0.0,1.3176575457932995,0.4668587512899679,0.8249400479616307,,,,,174.0,,,,168.0,,568.0,,,,,,2.623764367816092,,,,2.673047619047619,,2.5963116197183096,,,,,,1.3641275804341424,,,,3.268091909963146,,0.303543065013888,
S001,R001,PRO,25,Image_018,236612,246845,10233,1228,1228,0,3150.826,1226,236620,246845,1440.0,1080.0,3648.0,2736.0,2.570004893964111,2.571,-0.3674017322592666,-1.3430544896392824,2.606153670177099,0.0983903260082579,2.606,zhidaoyu,2.5884545454545456,2.546,1067.0,-0.7127670649203761,0.9819324430479324,1.0,0.0,33,9159.0,277.54545454545456,83.0,475.0,236620.0,350.0,6949.557500738312,217.17367189807223,15,3.3232314287976203,8.0,38,1008.0,26.526315789473685,3.8608652781879513,0.0,0,0,0.0,3916.0,15,5,3916.0,925.0,3,2,925.0,0.0,0,0,0.0,0.0,0,0,0.0,0.0,0,0,0.0,0.0,0,0,0.0,0.0,0,0,0.0,267.0,2,1,267.0,0.0,0,0,0.0,1325.0,3,3,1325.0,0.0,0,0,0.0,0.0,0.427557593623758,0.1009935582487171,0.0,0.0,0.0,0.0,0.0,0.0291516541107107,0.0,0.1446664483022164,0.0,1.49827930919231,0.4353812458877018,0.8136561479869423,,469.0,111.0,,,,,,32.0,,159.0,,,2.5603432835820894,2.634630630630631,,,,,,2.63603125,,2.5825345911949684,,,-1.0860249380009754,1.7839249005617188,,,,,,1.8380351561127977,,-0.228706131617141,
S001,R001,PRO,26,Image_019,246845,257745,10900,1307,1258,49,3273.782,1257,246853,257737,1439.0,1080.0,1706.0,1280.0,2.6044407319013527,2.622,-0.0174096208971052,0.6139677666922493,2.606153670177099,0.0983903260082579,2.606,zhidaoyu,2.5884545454545456,2.546,1067.0,0.6175957957183253,2.9850746268656745,0.9625095638867636,0.0374904361132364,26,9484.0,364.7692307692308,100.0,1467.0,247078.0,358.0,4132.407614579974,165.29630458319895,9,1.8910611120726528,233.0,35,968.0,27.65714285714286,2.2968026816349414,0.0,0,0,0.0,0.0,0,0,0.0,0.0,0,0,0.0,0.0,0,0,0.0,2700.0,6,2,2700.0,0.0,0,0,0.0,0.0,0,0,0.0,0.0,0,0,0.0,0.0,0,0,0.0,0.0,0,0,0.0,2000.0,6,3,2000.0,0.0,0,0,0.0,0.0,0.0,0.0,0.0,0.2846900042176297,0.0,0.0,0.0,0.0,0.0,0.2108814846056516,0.0,0.9839393951635756,0.5110909913988231,0.8457446808510638,,,,,324.0,,,,0.0,,240.0,,,,,,2.637567901234568,,,,,,2.537041666666666,,,,,,1.8974007430908144,,,,,,-1.986238424706452,
S001,R001,PRO,27,Image_020,257745,264712,6967,836,836,0,2151.463,836,257745,264704,1439.0,1080.0,1706.0,1280.0,2.57352033492823,2.534,-0.3316721935257162,-2.7628549501151216,2.606153670177099,0.0983903260082579,2.606,zhidaoyu,2.5884545454545456,2.546,1067.0,-0.5769547142537592,-0.4713275726630012,1.0,0.0,21,7110.0,338.57142857142856,125.0,817.0,257745.0,700.0,3747.1609572958914,187.35804786479457,17,2.9842341646524884,0.0,23,650.0,28.26086956521739,2.082681607900807,1667.0,4,4,1667.0,0.0,0,0,0.0,0.0,0,0,0.0,0.0,0,0,0.0,0.0,0,0,0.0,0.0,0,0,0.0,0.0,0,0,0.0,2593.0,9,6,2593.0,2675.0,6,3,2675.0,0.0,0,0,0.0,0.0,0,0,0.0,0.0,0,0,0.0,0.2344585091420534,0.0,0.0,0.0,0.0,0.0,0.0,0.3646976090014064,0.3762306610407876,0.0,0.0,0.0,1.555155506577453,0.3463651405132321,0.77422494592646,200.0,,,,,,,311.0,264.0,,,,2.63648,,,,,,,2.51804501607717,2.649159090909091,,,,1.8553717556983829,,,,,,,-2.7201377555969857,2.3452042285674124,,,
S001,R001,PRO,28,Image_021,264712,267478,2766,332,332,0,836.333,332,264712,267470,1440.0,1080.0,4032.0,3024.0,2.5190753012048197,2.5135,-0.8850297839746083,-3.549501151189572,2.606153670177099,0.0983903260082579,2.606,zhidaoyu,2.5884545454545456,2.546,1067.0,-2.680334656506126,-1.2765121759623017,1.0,0.0,10,2466.0,246.6,75.0,433.0,264712.0,433.0,3725.118154630751,413.90201718119454,6,2.584962500721156,0.0,14,417.0,29.785714285714285,2.0695100859059727,0.0,0,0,0.0,0.0,0,0,0.0,0.0,0,0,0.0,167.0,1,1,167.0,0.0,0,0,0.0,0.0,0,0,0.0,0.0,0,0,0.0,183.0,1,1,183.0,233.0,1,1,233.0,0.0,0,0,0.0,0.0,0,0,0.0,0.0,0,0,0.0,0.0,0.0,0.0,0.06772100567721,0.0,0.0,0.0,0.0742092457420924,0.0944849959448499,0.0,0.0,0.0,1.570187306556253,0.3403081594285193,0.7688679245283019,,,,20.0,,,,22.0,28.0,,,,,,,2.4543,,,,2.6286363636363634,2.675821428571429,,,,,,,-5.182804762406498,,,,1.5523478383029417,3.375252745708964,,,
S001,R001,PRO,29,Image_022,267478,269911,2433,292,292,0,796.276,292,267479,269904,1620.0,1080.0,5472.0,3648.0,2.726972602739726,2.723,1.2279554044011052,4.489639293937069,2.606153670177099,0.0983903260082579,2.606,zhidaoyu,2.5884545454545456,2.546,1067.0,5.351380712032401,6.952081696779263,1.0,0.0,10,2359.0,235.9,117.0,375.0,267479.0,300.0,2643.02676720487,293.6696408005411,5,1.9219280948873625,1.0,9,309.0,34.333333333333336,1.3574883948121057,0.0,0,0,0.0,0.0,0,0,0.0,0.0,0,0,0.0,0.0,0,0,0.0,0.0,0,0,0.0,0.0,0,0,0.0,0.0,0,0,0.0,459.0,2,2,459.0,183.0,1,1,183.0,0.0,0,0,0.0,0.0,0,0,0.0,0.0,0,0,0.0,0.0,0.0,0.0,0.0,0.0,0.0,0.0,0.1945739720220432,0.0775752437473505,0.0,0.0,0.0,0.8622365306847368,0.5924098174513057,0.8691588785046729,,,,,,,,55.0,22.0,,,,,,,,,,,2.714272727272727,2.738772727272728,,,,,,,,,,,4.860745267446345,5.807255996909352,,,
S001,R001,PRO,30,Image_024,269911,275995,6084,730,730,0,1890.227,730,269912,275987,1440.0,1080.0,4032.0,3024.0,2.5893520547945204,2.603,-0.1707649122045653,-0.1151189562547839,2.606153670177099,0.0983903260082579,2.606,zhidaoyu,2.5884545454545456,2.546,1067.0,0.0346735600032405,2.238805970149269,1.0,0.0,19,5168.0,272.0,92.0,592.0,269912.0,192.0,5820.384682533269,323.35470458518165,10,2.721928094887362,1.0,35,875.0,25.0,3.2335470458518163,0.0,0,0,0.0,0.0,0,0,0.0,0.0,0,0,0.0,0.0,0,0,0.0,1142.0,3,2,1142.0,325.0,3,1,325.0,0.0,0,0,0.0,758.0,4,2,758.0,175.0,1,1,175.0,0.0,0,0,0.0,0.0,0,0,0.0,1292.0,3,3,1292.0,0.0,0.0,0.0,0.0,0.2209752321981424,0.0628869969040247,0.0,0.146671826625387,0.0338622291021671,0.0,0.0,0.25,2.039801785092713,0.270286755116917,0.7210635608522933,,,,,137.0,39.0,,91.0,21.0,,,155.0,,,,,2.6384598540145987,2.4223076923076925,,2.6552967032967034,2.506952380952381,,,2.5585935483870967,,,,,1.9318596360080935,-6.418766496735096,,2.582319166451503,-3.1486805377860154,,,-1.153622617012387
S001,R001,PRO,31,Image_025,275995,282861,6866,824,824,0,2175.548,824,275996,282854,1620.0,1080.0,5472.0,3648.0,2.640228155339806,2.635,0.3463194659996039,1.1128165771296974,2.606153670177099,0.0983903260082579,2.606,zhidaoyu,2.5884545454545456,2.546,1067.0,2.0001745820175745,3.495679497250588,1.0,0.0,17,6450.0,379.4117647058824,75.0,1025.0,275996.0,592.0,5992.514330904574,374.5321456815359,9,0.9910760598382222,1.0,20,676.0,33.8,3.077823032625245,0.0,0,0,0.0,0.0,0,0,0.0,0.0,0,0,0.0,0.0,0,0,0.0,0.0,0,0,0.0,0.0,0,0,0.0,0.0,0,0,0.0,2308.0,6,5,2308.0,0.0,0,0,0.0,0.0,0,0,0.0,0.0,0,0,0.0,0.0,0,0,0.0,0.0,0.0,0.0,0.0,0.0,0.0,0.0,0.3578294573643411,0.0,0.0,0.0,0.0,-0.0,1.0,0.9166666666666666,,,,,,,,249.0,0.0,,,0.0,,,,,,,,2.630024096385542,,,,,,,,,,,,1.605960243883538,,,,
S002,R002,PRO,1,Image_001,53787,63470,9683,1162,1131,31,3130.604,1131,53795,63470,1440.0,1080.0,4032.0,3024.0,2.767996463306808,2.758,0.9003966257449073,5.995388162951581,2.599600584554962,0.1870241113048714,2.602,zhidaoyu,2.6787080168776374,2.68,1185.0,3.33326536026302,2.910447761194024,0.9733218588640276,0.0266781411359724,31,8503.0,274.2903225806452,92.0,567.0,53795.0,308.0,9444.282800666588,314.8094266888863,3,0.9182958340544896,8.0,36,1158.0,32.166666666666664,5.246823778148104,0.0,0,0,0.0,0.0,0,0,0.0,0.0,0,0,0.0,0.0,0,0,0.0,0.0,0,0,0.0,0.0,0,0,0.0,0.0,0,0,0.0,0.0,0,0,0.0,741.0,2,2,741.0,0.0,0,0,0.0,0.0,0,0,0.0,0.0,0,0,0.0,0.0,0.0,0.0,0.0,0.0,0.0,0.0,0.0,0.0871457132776667,0.0,0.0,0.0,-0.0,1.0,0.9166666666666666,,,,,0.0,,,0.0,72.0,,0.0,0.0,,,,,,,,,2.709125,,,,,,,,,,,,1.1355094669040162,,,
S002,R002,PRO,2,Image_012,63470,71954,8484,1018,957,61,2538.35,957,63478,71953,1440.0,1080.0,4032.0,3024.0,2.6524033437826544,2.648,0.2823312933251571,1.7678708685626543,2.599600584554962,0.1870241113048714,2.602,zhidaoyu,2.6787080168776374,2.68,1185.0,-0.9819910542413012,-1.1940298507462697,0.9400785854616897,0.0599214145383104,26,7457.0,286.8076923076923,125.0,550.0,63478.0,267.0,6813.782966766893,272.5513186706757,12,2.459147917027245,8.0,28,835.0,29.821428571428573,3.785434981537162,0.0,0,0,0.0,0.0,0,0,0.0,0.0,0,0,0.0,0.0,0,0,0.0,1650.0,6,5,1650.0,0.0,0,0,0.0,0.0,0,0,0.0,0.0,0,0,0.0,0.0,0,0,0.0,400.0,1,1,400.0,2351.0,8,5,2351.0,0.0,0,0,0.0,0.0,0.0,0.0,0.0,0.2212686066782888,0.0,0.0,0.0,0.0,0.0536408743462518,0.3152742389700952,0.0,1.328304867849241,0.4341880016217834,0.8238847231689768,,,,,198.0,,,,0.0,48.0,235.0,,,,,,2.662636363636364,,,,,2.7306666666666666,2.6567659574468085,,,,,,-0.5999777930260264,,,,,1.9396906815395796,-0.819128448960443,
S002,R002,PRO,3,Image_023,71954,79320,7366,884,831,53,2179.405,831,71962,79320,1440.0,1080.0,960.0,720.0,2.6226293622141994,2.639,0.1231326672190296,1.4219830899308197,2.599600584554962,0.1870241113048714,2.602,zhidaoyu,2.6787080168776374,2.68,1185.0,-2.093496353843168,-1.5298507462686703,0.9400452488687784,0.0599547511312217,22,6308.0,286.72727272727275,133.0,750.0,71962.0,467.0,5425.567672277574,258.36036534655113,6,2.584962500721156,8.0,25,718.0,28.72,3.0142042623764302,0.0,0,0,0.0,0.0,0,0,0.0,0.0,0,0,0.0,0.0,0,0,0.0,0.0,0,0,0.0,0.0,0,0,0.0,0.0,0,0,0.0,0.0,0,0,0.0,525.0,2,1,525.0,992.0,2,1,992.0,0.0,0,0,0.0,275.0,1,1,275.0,0.0,0.0,0.0,0.0,0.0,0.0,0.0,0.0,0.0832276474318326,0.1572606214331008,0.0,0.0435954343690551,1.4061506621202906,0.4158219318000638,0.8166852678571429,,,,,,,,0.0,63.0,119.0,,33.0,,,,,,,,,2.7839047619047617,2.7236302521008406,,2.4635454545454545,,,,,,,,,3.927144890906922,1.6770112658850231,,-8.032326068258131
S002,R002,PRO,4,Image_026,79320,87137,7817,937,799,138,2037.228,798,79328,87129,1439.0,1080.0,1706.0,1280.0,2.5529172932330826,2.5955000000000004,-0.2496110848818846,-0.2498078401229633,2.599600584554962,0.1870241113048714,2.602,zhidaoyu,2.6787080168776374,2.68,1185.0,-4.695947555761576,-3.152985074626858,0.8527214514407684,0.1472785485592316,24,5450.0,227.08333333333331,75.0,408.0,79420.0,283.0,6687.625425308963,290.7663228395201,6,1.0,100.0,33,1028.0,31.151515151515152,3.716999251580577,0.0,0,0,0.0,0.0,0,0,0.0,0.0,0,0,0.0,0.0,0,0,0.0,0.0,0,0,0.0,0.0,0,0,0.0,0.0,0,0,0.0,2150.0,8,3,2150.0,0.0,0,0,0.0,0.0,0,0,0.0,0.0,0,0,0.0,0.0,0,0,0.0,0.0,0.0,0.0,0.0,0.0,0.0,0.0,0.3944954128440367,0.0,0.0,0.0,0.0,-0.0,1.0,0.9166666666666666,,,,,0.0,,,257.0,0.0,,,,,,,,,,,2.5551206225680936,,,,,,,,,,,,-4.613694121601206,,,,
S002,R002,PRO,5,Image_027,87137,93753,6616,794,728,66,1906.243,727,87137,93745,810.0,1080.0,1280.0,1706.0,2.622067400275103,2.635,0.1201279105853776,1.2682551883166764,2.599600584554962,0.1870241113048714,2.602,zhidaoyu,2.6787080168776374,2.68,1185.0,-2.11447519646265,-1.679104477611954,0.9168765743073048,0.0831234256926952,22,5460.0,248.1818181818182,67.0,517.0,87145.0,242.0,4740.080801733448,225.7181334158785,8,1.811278124459133,8.0,23,699.0,30.39130434782609,3.511170964246999,0.0,0,0,0.0,0.0,0,0,0.0,2176.0,10,4,2176.0,0.0,0,0,0.0,0.0,0,0,0.0,0.0,0,0,0.0,0.0,0,0,0.0,534.0,2,1,534.0,0.0,0,0,0.0,0.0,0,0,0.0,0.0,0,0,0.0,0.0,0,0,0.0,0.0,0.0,0.3985347985347985,0.0,0.0,0.0,0.0,0.0978021978021978,0.0,0.0,0.0,0.0,0.7159846011556648,0.6835598643809317,0.8838253382533825,,,242.0,,,,,64.0,0.0,,,,,,2.51003305785124,,,,,2.795125,,,,,,,-6.296877373854616,,,,,4.346012420497438,,,,
S002,R002,PRO,6,Image_028,93753,100953,7200,864,839,25,2142.415,839,93754,100945,1620.0,1080.0,5472.0,3648.0,2.553533969010727,2.583,-0.2463137785969254,-0.730207532667167,2.599600584554962,0.1870241113048714,2.602,zhidaoyu,2.6787080168776374,2.68,1185.0,-4.672926167325098,-3.6194029850746254,0.9710648148148148,0.0289351851851851,21,6122.0,291.5238095238095,75.0,825.0,93754.0,267.0,7937.479411505715,396.87397057528574,7,0.9852281360342516,1.0,24,966.0,40.25,4.076779062125866,0.0,0,0,0.0,0.0,0,0,0.0,0.0,0,0,0.0,0.0,0,0,0.0,0.0,0,0,0.0,0.0,0,0,0.0,0.0,0,0,0.0,0.0,0,0,0.0,3315.0,12,4,3315.0,0.0,0,0,0.0,0.0,0,0,0.0,0.0,0,0,0.0,0.0,0.0,0.0,0.0,0.0,0.0,0.0,0.0,0.5414897092453447,0.0,0.0,0.0,-0.0,1.0,0.9166666666666666,0.0,,,,,,,0.0,385.0,,,,,,,,,,,,2.5637714285714286,,,,,,,,,,,,-4.290747165500385,,,
S002,R002,PRO,7,Image_029,100953,111286,10333,1240,1137,103,2951.807,1127,100954,111279,1620.0,1080.0,6000.0,4000.0,2.619172138420585,2.567,0.1046472229119144,-1.3451191391237394,2.599600584554962,0.1870241113048714,2.602,zhidaoyu,2.6787080168776374,2.68,1185.0,-2.222559460827248,-4.216417910447761,0.9169354838709678,0.0830645161290322,34,7556.0,222.23529411764707,67.0,1525.0,100954.0,75.0,10040.731054955677,304.2645774228993,14,2.896291529045928,1.0,45,1724.0,38.31111111111111,5.15703285780432,0.0,0,0,0.0,0.0,0,0,0.0,0.0,0,0,0.0,0.0,0,0,0.0,774.0,4,3,774.0,0.0,0,0,0.0,0.0,0,0,0.0,949.0,6,3,949.0,0.0,0,0,0.0,0.0,0,0,0.0,558.0,3,2,558.0,0.0,0,0,0.0,0.0,0.0,0.0,0.0,0.102435150873478,0.0,0.0,0.1255955532027527,0.0,0.0,0.0738485971413446,0.0,1.5523944568055643,0.3480789112199765,0.7785693409323396,,,,,93.0,,,114.0,0.0,,67.0,,,,,,2.5579247311827955,,,2.775745614035088,,,2.597492537313433,,,,,,-4.509012738000075,,,3.622552235855837,,,-3.031889965330031,
S002,R002,PRO,8,Image_030,111286,120836,9550,1146,1082,64,2815.473,1081,111287,120829,1920.0,1079.0,2275.0,1279.0,2.604507863089732,2.607,0.0262387480444713,0.1921598770176917,2.599600584554962,0.1870241113048714,2.602,zhidaoyu,2.6787080168776374,2.68,1185.0,-2.769997824339032,-2.723880597014924,0.944153577661431,0.0558464223385689,37,7684.0,207.67567567567568,67.0,475.0,111287.0,317.0,11479.552471237328,318.8764575343702,7,2.807354922057604,1.0,42,1523.0,36.26190476190476,5.212251834000388,208.0,1,1,208.0,0.0,0,0,0.0,0.0,0,0,0.0,0.0,0,0,0.0,0.0,0,0,0.0,83.0,1,1,83.0,0.0,0,0,0.0,242.0,1,1,242.0,491.0,2,1,491.0,0.0,0,0,0.0,0.0,0,0,0.0,0.0,0,0,0.0,0.0270692347735554,0.0,0.0,0.0,0.0,0.0108016657990629,0.0,0.0314940135346173,0.0638990109318063,0.0,0.0,0.0,1.761212859546769,0.3335933685302734,0.76904296875,25.0,,,,,10.0,,29.0,59.0,,,,2.35608,,,,,2.9178,,2.900655172413793,2.400508474576271,,,,-12.044165129042318,,,,,8.925645558079667,,8.285604632447482,-10.385586654033387,,,
S002,R002,PRO,9,Image_031,120836,128236,7400,888,795,93,1811.628,692,120837,128229,1621.0,1080.0,2731.0,1820.0,2.617959537572254,2.6025,0.0981635623834911,0.0192159877017742,2.599600584554962,0.1870241113048714,2.602,zhidaoyu,2.6787080168776374,2.68,1185.0,-2.267827584142319,-2.891791044776124,0.8952702702702703,0.1047297297297297,23,5333.0,231.8695652173913,83.0,517.0,120837.0,217.0,4862.614971036644,221.02795322893837,4,2.0,1.0,34,1043.0,30.676470588235293,2.496427011246265,0.0,0,0,0.0,0.0,0,0,0.0,300.0,1,1,300.0,0.0,0,0,0.0,0.0,0,0,0.0,0.0,0,0,0.0,0.0,0,0,0.0,0.0,0,0,0.0,450.0,2,1,450.0,0.0,0,0,0.0,0.0,0,0,0.0,0.0,0,0,0.0,0.0,0.0,0.0562535158447402,0.0,0.0,0.0,0.0,0.0,0.0843802737671104,0.0,0.0,0.0,0.9709505944546686,0.52,0.85,,,36.0,,,,,,54.0,0.0,,,,,3.2208888888888887,,,,,,2.5621666666666667,,,,,,20.24038710434852,,,,,,-4.350655221721922,,,
S002,R002,PRO,10,Image_002,128236,136753,8517,1022,946,76,2573.585,946,128237,136746,810.0,1080.0,3072.0,4096.0,2.7204915433403807,2.689,0.6463923712400492,3.3435818601076166,2.599600584554962,0.1870241113048714,2.602,zhidaoyu,2.6787080168776374,2.68,1185.0,1.5598387804672764,0.3358208955223842,0.9256360078277888,0.0743639921722113,24,7524.0,313.5,75.0,617.0,128237.0,400.0,5128.169820454672,222.96390523715965,11,2.481714572986073,1.0,26,752.0,28.923076923076923,3.798644311447905,0.0,0,0,0.0,0.0,0,0,0.0,0.0,0,0,0.0,0.0,0,0,0.0,0.0,0,0,0.0,0.0,0,0,0.0,0.0,0,0,0.0,0.0,0,0,0.0,0.0,0,0,0.0,1425.0,5,3,1425.0,2884.0,8,4,2884.0,0.0,0,0,0.0,0.0,0.0,0.0,0.0,0.0,0.0,0.0,0.0,0.0,0.1893939393939394,0.3833067517278044,0.0,0.915643195079686,0.5573228269359749,0.8615494701013383,,,,,,,,,0.0,171.0,346.0,,,,,,,,,,,2.725994152046784,2.7378670520231214,,,,,,,,,,,1.765259030518154,2.208491361236196,
S002,R002,PRO,11,Image_003,136753,142869,6116,734,711,23,1827.672,710,136754,142863,1620.0,1080.0,5472.0,3648.0,2.574185915492958,2.553,-0.1358897999016562,-1.8831667947732489,2.599600584554962,0.1870241113048714,2.602,zhidaoyu,2.6787080168776374,2.68,1185.0,-3.901959479201204,-4.7388059701492615,0.9686648501362398,0.0313351498637602,18,5224.0,290.22222222222223,100.0,683.0,136754.0,392.0,6685.838050767253,393.2845912216031,9,2.725480556997868,1.0,20,1017.0,50.85,3.433921924713609,0.0,0,0,0.0,0.0,0,0,0.0,0.0,0,0,0.0,0.0,0,0,0.0,333.0,1,1,333.0,0.0,0,0,0.0,0.0,0,0,0.0,367.0,2,2,367.0,816.0,2,2,816.0,0.0,0,0,0.0,0.0,0,0,0.0,0.0,0,0,0.0,0.0,0.0,0.0,0.0,0.0637442572741194,0.0,0.0,0.0702526799387442,0.1562021439509954,0.0,0.0,0.0,1.4567277980148057,0.3965763605098823,0.8031002638522428,,,,,40.0,,,44.0,98.0,,,0.0,,,,,2.5405,,,2.5368636363636363,2.567,,,,,,,,-5.159502865069093,,,-5.295253518497998,-4.170219978206009,,,
S002,R002,PRO,12,Image_004,142869,151502,8633,1036,950,86,2642.916,947,142871,151496,1439.0,1080.0,1706.0,1280.0,2.790829989440338,2.775,1.0224853017675866,6.648731744811685,2.599600584554962,0.1870241113048714,2.602,zhidaoyu,2.6787080168776374,2.68,1185.0,4.185673535758952,3.544776119402976,0.916988416988417,0.083011583011583,28,7034.0,251.2142857142857,67.0,483.0,142871.0,267.0,9138.916292251835,338.4783811945125,19,3.036372249830224,2.0,33,1136.0,34.42424242424242,5.079432961362107,0.0,0,0,0.0,0.0,0,0,0.0,1767.0,7,6,1767.0,0.0,0,0,0.0,458.0,1,1,458.0,0.0,0,0,0.0,0.0,0,0,0.0,483.0,1,1,483.0,1783.0,7,5,1783.0,0.0,0,0,0.0,0.0,0,0,0.0,0.0,0,0,0.0,0.0,0.0,0.2512084162638612,0.0,0.0651123116292294,0.0,0.0,0.0686664771111743,0.2534830821723059,0.0,0.0,0.0,1.740465442018016,0.3343945616560319,0.7642507236695614,,,212.0,,55.0,,,28.0,214.0,,,,,,2.774301886792453,,2.8032181818181816,,,2.7713214285714285,2.780556074766355,,,,,,3.568655833801631,,4.648142468535115,,,3.457391067270684,3.8021336124358247,,,
S002,R002,PRO,13,Image_005,151502,158085,6583,790,730,60,1868.236,728,151504,158079,1920.0,1080.0,960.0,540.0,2.566258241758242,2.598,-0.1782783116256498,-0.1537279016141431,2.599600584554962,0.1870241113048714,2.602,zhidaoyu,2.6787080168776374,2.68,1185.0,-4.197910873857374,-3.0597014925373243,0.9240506329113924,0.0759493670886076,20,5550.0,277.5,92.0,567.0,151504.0,483.0,7530.757665709198,396.3556666162736,5,1.9219280948873625,2.0,21,833.0,39.66666666666666,3.418554248669433,0.0,0,0,0.0,0.0,0,0,0.0,0.0,0,0,0.0,0.0,0,0,0.0,0.0,0,0,0.0,0.0,0,0,0.0,242.0,1,1,242.0,467.0,3,2,467.0,0.0,0,0,0.0,0.0,0,0,0.0,0.0,0,0,0.0,0.0,0,0,0.0,0.0,0.0,0.0,0.0,0.0,0.0,0.0436036036036036,0.0841441441441441,0.0,0.0,0.0,0.0,0.9260817680648136,0.5503549965087202,0.859779031499765,,,,,0.0,,29.0,56.0,,,,0.0,,,,,,,2.527586206896552,2.4851607142857146,,,,,,,,,,,-5.641593224379736,-7.225397518969831,,,,
S002,R002,PRO,14,Image_006,158085,165985,7900,948,931,17,2469.752,931,158088,165980,1439.0,1080.0,1706.0,1280.0,2.652794844253491,2.646,0.2844246088239198,1.691006917755574,2.599600584554962,0.1870241113048714,2.602,zhidaoyu,2.6787080168776374,2.68,1185.0,-0.9673757819395016,-1.2686567164179197,0.9820675105485231,0.0179324894514767,23,6815.0,296.30434782608694,133.0,700.0,158088.0,458.0,9685.252261522235,440.2387391601016,9,2.197159723424149,3.0,25,1217.0,48.68,5.383087885156796,0.0,0,0,0.0,0.0,0,0,0.0,0.0,0,0,0.0,0.0,0,0,0.0,0.0,0,0,0.0,0.0,0,0,0.0,0.0,0,0,0.0,0.0,0,0,0.0,483.0,2,2,483.0,0.0,0,0,0.0,1483.0,5,3,1483.0,0.0,0,0,0.0,0.0,0.0,0.0,0.0,0.0,0.0,0.0,0.0,0.0708730741012472,0.0,0.2176082171680117,0.0,0.8043533465959745,0.6293608847870564,0.8757205832485588,,,,,0.0,,,,58.0,,178.0,,,,,,,,,,2.667603448275862,,2.6568539325842697,,,,,,,,,,-0.4145494220276826,,-0.8158442113015838,
S002,R002,PRO,15,Image_007,165985,172985,7000,840,819,21,2070.064,816,165988,172980,1439.0,1080.0,1706.0,1280.0,2.5368431372549023,2.514,-0.3355580564569962,-3.382013835511148,2.599600584554962,0.1870241113048714,2.602,zhidaoyu,2.6787080168776374,2.68,1185.0,-5.296018779534471,-6.194029850746282,0.975,0.025,27,5106.0,189.11111111111111,75.0,467.0,166038.0,175.0,5479.721027670285,210.75850106424176,7,2.235926350629033,53.0,33,1545.0,46.81818181818182,3.0456429096101494,450.0,2,2,450.0,0.0,0,0,0.0,0.0,0,0,0.0,0.0,0,0,0.0,0.0,0,0,0.0,0.0,0,0,0.0,0.0,0,0,0.0,734.0,3,3,734.0,325.0,1,1,325.0,0.0,0,0,0.0,0.0,0,0,0.0,0.0,0,0,0.0,0.0881316098707403,0.0,0.0,0.0,0.0,0.0,0.0,0.1437524481002741,0.063650607128868,0.0,0.0,0.0,1.5033726400911465,0.3719151843961633,0.7951734040203225,52.0,,,,,,,88.0,37.0,,,,2.6658461538461538,,,,,,,2.642534090909091,2.722108108108108,,,,-0.4801517354801402,,,,,,,-1.3504243740126505,1.6201874544377917,,,
S002,R002,PRO,16,Image_008,172985,180818,7833,940,940,0,2343.073,940,172988,180813,1440.0,1080.0,4096.0,3072.0,2.49263085106383,2.499,-0.5719569137091546,-3.958493466564173,2.599600584554962,0.1870241113048714,2.602,zhidaoyu,2.6787080168776374,2.68,1185.0,-6.946526633040914,-6.753731343283584,1.0,0.0,31,5602.0,180.70967741935485,67.0,650.0,172996.0,192.0,6898.416794408954,229.94722648029847,12,1.650022421648354,11.0,47,2004.0,42.63829787234042,3.832453774671641,0.0,0,0,0.0,0.0,0,0,0.0,0.0,0,0,0.0,0.0,0,0,0.0,0.0,0,0,0.0,0.0,0,0,0.0,0.0,0,0,0.0,0.0,0,0,0.0,208.0,1,1,208.0,0.0,0,0,0.0,1368.0,8,5,1368.0,0.0,0,0,0.0,0.0,0.0,0.0,0.0,0.0,0.0,0.0,0.0,0.0371295965726526,0.0,0.244198500535523,0.0,0.5628426178464425,0.7708778891494241,0.8946700507614214,,,,,,,,,25.0,,164.0,,,,,,,,,,2.5840000000000005,,2.474140243902439,,,,,,,,,,-3.535585673425903,,-7.636807434266288,
S002,R002,PRO,17,Image_009,180818,186268,5450,654,589,65,1586.357,589,180821,186263,1440.0,1080.0,4032.0,3024.0,2.693305602716469,2.756,0.5010317520437597,5.918524212144502,2.599600584554962,0.1870241113048714,2.602,zhidaoyu,2.6787080168776374,2.68,1185.0,0.5449487494290883,2.835820895522374,0.900611620795107,0.0993883792048929,19,4208.0,221.47368421052636,67.0,408.0,180946.0,158.0,6456.517438260796,358.69541323671086,10,2.1709505944546685,128.0,25,967.0,38.68,3.586954132367109,0.0,0,0,0.0,0.0,0,0,0.0,0.0,0,0,0.0,0.0,0,0,0.0,0.0,0,0,0.0,0.0,0,0,0.0,0.0,0,0,0.0,0.0,0,0,0.0,1041.0,4,3,1041.0,0.0,0,0,0.0,0.0,0,0,0.0,650.0,3,3,650.0,0.0,0.0,0.0,0.0,0.0,0.0,0.0,0.0,0.2473859315589353,0.0,0.0,0.154467680608365,0.961082220619342,0.5267322986234215,0.852602010644589,,,,,0.0,,,0.0,125.0,,,78.0,,,,,,,,,2.794,,,2.5215384615384617,,,,,,,,,4.304014562092871,,,-5.867364205016119
S002,R002,PRO,18,Image_010,186268,191102,4834,580,580,0,1598.521,580,186272,191097,1440.0,1080.0,1600.0,1200.0,2.7560706896551723,2.726,0.8366306569164529,4.765564950038437,2.599600584554962,0.1870241113048714,2.602,zhidaoyu,2.6787080168776374,2.68,1185.0,2.888059179652981,1.7164179104477544,1.0,0.0,17,4341.0,255.35294117647055,150.0,533.0,186272.0,267.0,6161.0917222027465,385.06823263767166,9,2.5032583347756456,4.0,17,691.0,40.64705882352941,3.4228287345570814,0.0,0,0,0.0,0.0,0,0,0.0,0.0,0,0,0.0,0.0,0,0,0.0,0.0,0,0,0.0,0.0,0,0,0.0,0.0,0,0,0.0,550.0,2,2,550.0,425.0,2,2,425.0,292.0,1,1,292.0,0.0,0,0,0.0,0.0,0,0,0.0,0.0,0.0,0.0,0.0,0.0,0.0,0.0,0.1266989173001612,0.0979037088228518,0.0672656070029947,0.0,0.0,1.539207396350573,0.3540726934527054,0.7839384372533543,,,,,,,,66.0,51.0,35.0,0.0,,,,,,,,,2.7812272727272727,2.837019607843137,2.876057142857143,,,,,,,,,,3.8271903919238666,5.9099980277070685,7.367325021468376,,
S002,R002,PRO,19,Image_011,191102,195151,4049,486,463,23,1277.256,462,191105,195147,1440.0,1080.0,960.0,720.0,2.7646233766233763,2.766,0.8823610545027946,6.302843966179868,2.599600584554962,0.1870241113048714,2.602,zhidaoyu,2.6787080168776374,2.68,1185.0,3.20734321189227,3.2089552238805914,0.9526748971193416,0.0473251028806584,12,4031.0,335.9166666666667,108.0,758.0,191105.0,533.0,4114.836139401544,374.0760126728676,5,1.9219280948873625,3.0,12,442.0,36.833333333333336,2.286020077445302,0.0,0,0,0.0,0.0,0,0,0.0,0.0,0,0,0.0,0.0,0,0,0.0,0.0,0,0,0.0,0.0,0,0,0.0,0.0,0,0,0.0,0.0,0,0,0.0,483.0,1,1,483.0,0.0,0,0,0.0,0.0,0,0,0.0,541.0,2,2,541.0,0.0,0.0,0.0,0.0,0.0,0.0,0.0,0.0,0.1198213842718928,0.0,0.0,0.1342098734805259,0.9976845624726705,0.5016040802001953,0.8380533854166666,,,,,,,,0.0,58.0,,,65.0,,,,,,,,,2.921965517241379,,,2.7711076923076927,,,,,,,,,9.081150272110966,,,3.4494119869681983
S002,R002,PRO,20,Image_013,195151,200068,4917,590,543,47,1331.554,542,195155,200063,1920.0,1080.0,3840.0,2160.0,2.4567416974169745,2.453,-0.7638527788810637,-5.726364335126827,2.599600584554962,0.1870241113048714,2.602,zhidaoyu,2.6787080168776374,2.68,1185.0,-8.286320049147868,-8.470149253731355,0.9203389830508476,0.0796610169491525,17,4301.0,253.0,67.0,517.0,195155.0,517.0,3810.075337779808,238.129708611238,5,2.321928094887362,4.0,19,642.0,33.78947368421053,1.7295669057346017,0.0,0,0,0.0,0.0,0,0,0.0,0.0,0,0,0.0,0.0,0,0,0.0,358.0,1,1,358.0,0.0,0,0,0.0,0.0,0,0,0.0,0.0,0,0,0.0,416.0,2,1,416.0,0.0,0,0,0.0,225.0,1,1,225.0,0.0,0,0,0.0,0.0,0.0,0.0,0.0,0.0832364566379911,0.0,0.0,0.0,0.096721692629621,0.0,0.0523134154847709,0.0,1.5412280159094038,0.3525497469441412,0.7818651985318652,,,,,16.0,,,0.0,50.0,,27.0,0.0,,,,,2.387375,,,,2.44286,,2.343888888888889,,,,,,-10.87587803680155,,,,-8.804543660288408,,-12.499276736365662,
S002,R002,PRO,21,Image_014,200068,206168,6100,732,577,148,1469.268,577,200072,206163,1440.0,1080.0,4032.0,3024.0,2.5463916811091853,2.64,-0.2845029075370914,1.4604150653343682,2.599600584554962,0.1870241113048714,2.602,zhidaoyu,2.6787080168776374,2.68,1185.0,-4.939557985968285,-1.492537313432837,0.7882513661202186,0.2021857923497267,20,4258.0,212.9,92.0,450.0,200072.0,358.0,5103.164017709726,268.58757987945927,9,2.725480556997868,4.0,22,636.0,28.90909090909091,2.835091120949848,0.0,0,0,0.0,0.0,0,0,0.0,1274.0,4,2,1274.0,0.0,0,0,0.0,192.0,1,1,192.0,0.0,0,0,0.0,0.0,0,0,0.0,108.0,1,1,108.0,933.0,4,2,933.0,0.0,0,0,0.0,0.0,0,0,0.0,0.0,0,0,0.0,0.0,0.0,0.2992015030530766,0.0,0.0450915922968529,0.0,0.0,0.0253640206669798,0.2191169563175199,0.0,0.0,0.0,1.506317348089091,0.4044666954863837,0.8075721313655099,,,137.0,,23.0,0.0,,11.0,74.0,,,,,,2.3609416058394164,,2.823826086956521,,,2.7978181818181818,2.6758108108108107,,,,,,-11.862674432453325,,5.417465030325963,,,4.446552748193209,-0.1081568445897171,,,
S002,R002,PRO,22,Image_015,206168,210535,4367,524,454,66,1120.61,454,206172,210530,1440.0,1080.0,4032.0,3024.0,2.468303964757709,2.45,-0.702030443460971,-5.841660261337421,2.599600584554962,0.1870241113048714,2.602,zhidaoyu,2.6787080168776374,2.68,1185.0,-7.854684078826185,-8.582089552238804,0.8664122137404581,0.1259541984732824,14,3490.0,249.28571428571428,92.0,450.0,206172.0,450.0,3902.432320007677,300.18710153905204,8,1.9056390622295665,4.0,18,482.0,26.77777777777778,2.1680179555598205,0.0,0,0,0.0,0.0,0,0,0.0,0.0,0,0,0.0,0.0,0,0,0.0,0.0,0,0,0.0,0.0,0,0,0.0,0.0,0,0,0.0,0.0,0,0,0.0,825.0,3,2,825.0,0.0,0,0,0.0,1008.0,5,4,1008.0,0.0,0,0,0.0,0.0,0.0,0.0,0.0,0.0,0.0,0.0,0.0,0.2363896848137535,0.0,0.2888252148997134,0.0,0.9927981256829366,0.5049836467811883,0.8416530278232406,,,,,0.0,,,,82.0,0.0,119.0,,,,,,,,,,2.586829268292683,,2.4056134453781515,,,,,,,,,,-3.429965043075144,,-10.195010795458444,
S002,R002,PRO,23,Image_016,210535,218784,8249,990,810,147,1915.965,810,210538,218780,1440.0,1080.0,4032.0,3024.0,2.365388888888889,2.374,-1.2523074914350485,-8.762490392006141,2.599600584554962,0.1870241113048714,2.602,zhidaoyu,2.6787080168776374,2.68,1185.0,-11.696650997967309,-11.417910447761196,0.8181818181818182,0.1484848484848485,26,6016.0,231.3846153846154,83.0,592.0,210538.0,433.0,8524.38210562934,340.9752842251736,8,1.811278124459133,3.0,26,961.0,36.96153846153846,4.735767836460744,0.0,0,0,0.0,0.0,0,0,0.0,0.0,0,0,0.0,0.0,0,0,0.0,0.0,0,0,0.0,0.0,0,0,0.0,0.0,0,0,0.0,0.0,0,0,0.0,200.0,1,1,200.0,0.0,0,0,0.0,1824.0,7,4,1824.0,0.0,0,0,0.0,0.0,0.0,0.0,0.0,0.0,0.0,0.0,0.0,0.0332446808510638,0.0,0.3031914893617021,0.0,0.4652254799356966,0.8219000453061289,0.900197628458498,,,,,,,,,16.0,,189.0,,,,,,,,,,2.2488125,,2.298132275132275,,,,,,,,,,-16.048614263630466,,-14.207436545808005,
S002,R002,PRO,24,Image_017,218784,224634,5850,702,455,247,1152.616,447,218789,224630,1440.0,1080.0,4032.0,3024.0,2.578559284116331,2.686,-0.1125058169870456,3.228285933897005,2.599600584554962,0.1870241113048714,2.602,zhidaoyu,2.6787080168776374,2.68,1185.0,-3.738695375916403,0.2238805970149172,0.6481481481481481,0.3518518518518518,20,3519.0,175.95,67.0,342.0,218789.0,142.0,4133.87212443316,217.57221707542948,8,2.5,5.0,26,576.0,22.153846153846157,2.296595624685089,0.0,0,0,0.0,0.0,0,0,0.0,0.0,0,0,0.0,0.0,0,0,0.0,1267.0,8,2,1267.0,0.0,0,0,0.0,0.0,0,0,0.0,0.0,0,0,0.0,867.0,4,2,867.0,0.0,0,0,0.0,867.0,4,3,867.0,0.0,0,0,0.0,0.0,0.0,0.0,0.0,0.3600454674623473,0.0,0.0,0.0,0.2463768115942029,0.0,0.2463768115942029,0.0,1.5602680784773062,0.3451772878994795,0.7722148172831278,,,,,151.0,,,,104.0,,66.0,,,,,,2.761450331125828,,,,2.3955384615384614,,2.539348484848485,,,,,,3.088888886988026,,,,-10.571124346327409,,-5.202490571988251,
S002,R002,PRO,25,Image_018,224634,229468,4834,580,552,28,1492.79,552,224639,229464,1440.0,1080.0,3648.0,2736.0,2.7043297101449277,2.685,0.5599765979865798,3.1898539584934738,2.599600584554962,0.1870241113048714,2.602,zhidaoyu,2.6787080168776374,2.68,1185.0,0.9564944408220774,0.1865671641791005,0.9517241379310344,0.0482758620689655,16,4242.0,265.125,117.0,475.0,224639.0,342.0,3748.992461626958,249.93283077513053,6,2.2516291673878226,5.0,18,535.0,29.72222222222222,2.0827735897927546,0.0,0,0,0.0,992.0,4,2,992.0,725.0,3,2,725.0,0.0,0,0,0.0,0.0,0,0,0.0,0.0,0,0,0.0,0.0,0,0,0.0,0.0,0,0,0.0,0.0,0,0,0.0,0.0,0,0,0.0,0.0,0,0,0.0,0.0,0,0,0.0,0.0,0.2338519566242338,0.1709099481376709,0.0,0.0,0.0,0.0,0.0,0.0,0.0,0.0,0.0,0.9824857981093298,0.5120907136792681,0.8462919821393904,,116.0,87.0,,,,,,0.0,,0.0,,,2.823396551724138,2.651586206896552,,,,,,,,,,,5.401429865997602,-1.012495942454351,,,,,,,,,
S002,R002,PRO,26,Image_019,229468,234317,4849,582,556,26,1437.015,556,229472,234314,1439.0,1080.0,1706.0,1280.0,2.584559352517985,2.541,-0.080424026250056,-2.344350499615678,2.599600584554962,0.1870241113048714,2.602,zhidaoyu,2.6787080168776374,2.68,1185.0,-3.5147042442271728,-5.186567164179113,0.9553264604810996,0.0446735395189003,16,4507.0,281.6875,117.0,492.0,229472.0,475.0,4223.221559861658,281.5481039907772,13,2.315824333525708,4.0,17,565.0,33.23529411764706,2.3472773038181214,0.0,0,0,0.0,0.0,0,0,0.0,0.0,0,0,0.0,0.0,0,0,0.0,1041.0,3,3,1041.0,0.0,0,0,0.0,0.0,0,0,0.0,0.0,0,0,0.0,0.0,0,0,0.0,0.0,0,0,0.0,1074.0,5,5,1074.0,0.0,0,0,0.0,0.0,0.0,0.0,0.0,0.2309740403816285,0.0,0.0,0.0,0.0,0.0,0.2382959840248502,0.0,0.9998243818886234,0.500121724259343,0.8346335697399527,,,,,88.0,,,,0.0,,129.0,,,,,,2.5595795454545454,,,,,,2.4959689922480623,,,,,,-4.447236155359361,,,,,,-6.821909050116622,
S002,R002,PRO,27,Image_020,234317,237884,3567,428,402,26,1049.355,396,234322,237880,1439.0,1080.0,1706.0,1280.0,2.649886363636364,2.639,0.2688732416935802,1.4219830899308197,2.599600584554962,0.1870241113048714,2.602,zhidaoyu,2.6787080168776374,2.68,1185.0,-1.0759535216110974,-1.5298507462686703,0.9392523364485982,0.0607476635514018,13,3350.0,257.6923076923077,133.0,450.0,234322.0,450.0,3664.476825724459,305.3730688103716,9,2.5032583347756456,5.0,14,477.0,34.07142857142857,2.036725556892701,826.0,3,2,826.0,0.0,0,0,0.0,0.0,0,0,0.0,0.0,0,0,0.0,0.0,0,0,0.0,0.0,0,0,0.0,0.0,0,0,0.0,1183.0,5,3,1183.0,450.0,1,1,450.0,0.0,0,0,0.0,0.0,0,0,0.0,0.0,0,0,0.0,0.2465671641791045,0.0,0.0,0.0,0.0,0.0,0.0,0.3531343283582089,0.1343283582089552,0.0,0.0,0.0,1.4848885098945377,0.3777717064948522,0.7996814423207266,97.0,,,,,,,121.0,18.0,,,,2.5575154639175257,,,,,,,2.6869669421487603,2.842111111111111,,,,-4.524291270139119,,,,,,,0.3083174880982258,6.100071123986854,,,
S002,R002,PRO,28,Image_021,237884,240767,2883,346,327,19,793.806,326,237889,240764,1440.0,1080.0,4032.0,3024.0,2.4349877300613496,2.427,-0.8801691575760188,-6.725595695618749,2.599600584554962,0.1870241113048714,2.602,zhidaoyu,2.6787080168776374,2.68,1185.0,-9.098426752027034,-9.440298507462687,0.9450867052023122,0.0549132947976878,11,2558.0,232.54545454545453,75.0,567.0,237889.0,325.0,3150.624333005529,315.0624333005529,3,1.584962500721156,5.0,11,468.0,42.54545454545455,1.7503468516697387,0.0,0,0,0.0,0.0,0,0,0.0,0.0,0,0,0.0,759.0,2,1,759.0,0.0,0,0,0.0,0.0,0,0,0.0,0.0,0,0,0.0,0.0,0,0,0.0,358.0,2,1,358.0,0.0,0,0,0.0,0.0,0,0,0.0,0.0,0,0,0.0,0.0,0.0,0.0,0.2967161845191556,0.0,0.0,0.0,0.0,0.1399530883502736,0.0,0.0,0.0,0.9049258164985856,0.5644395358138126,0.8632497761862131,,,,91.0,,,,0.0,23.0,,,,,,,2.427637362637362,,,,,2.267782608695652,,,,,,,-9.372826476732929,,,,,-15.340432984591178,,,
S002,R002,PRO,29,Image_022,240767,244184,3417,410,320,90,745.686,317,240772,244181,1620.0,1080.0,5472.0,3648.0,2.352321766561514,2.335,-1.3221761422534122,-10.26133743274404,2.599600584554962,0.1870241113048714,2.602,zhidaoyu,2.6787080168776374,2.68,1185.0,-12.184465356420832,-12.873134328358216,0.7804878048780488,0.2195121951219512,13,2059.0,158.3846153846154,75.0,425.0,240772.0,208.0,3179.1061774093946,264.9255147841162,2,1.0,5.0,18,708.0,39.333333333333336,1.6328248337313234,0.0,0,0,0.0,0.0,0,0,0.0,0.0,0,0,0.0,0.0,0,0,0.0,0.0,0,0,0.0,0.0,0,0,0.0,0.0,0,0,0.0,0.0,0,0,0.0,500.0,3,1,500.0,0.0,0,0,0.0,0.0,0,0,0.0,0.0,0,0,0.0,0.0,0.0,0.0,0.0,0.0,0.0,0.0,0.0,0.2428363283147158,0.0,0.0,0.0,-0.0,1.0,0.9166666666666666,,,,,,,,0.0,60.0,,,,,,,,,,,,2.3504333333333336,,,,,,,,,,,,-12.254963268708478,,,
S002,R002,PRO,30,Image_024,244184,249551,5367,644,610,34,1501.506,610,244189,249547,1440.0,1080.0,4032.0,3024.0,2.46148524590164,2.467,-0.7384894797237019,-5.188316679477334,2.599600584554962,0.1870241113048714,2.602,zhidaoyu,2.6787080168776374,2.68,1185.0,-8.109236602397505,-7.94776119402987,0.9472049689440992,0.0527950310559006,20,4379.0,218.95,92.0,425.0,244189.0,425.0,4180.212251400326,220.01117112633293,9,3.169925001442312,5.0,23,917.0,39.869565217391305,2.3223401396668475,0.0,0,0,0.0,0.0,0,0,0.0,0.0,0,0,0.0,0.0,0,0,0.0,192.0,1,1,192.0,625.0,2,1,625.0,0.0,0,0,0.0,467.0,2,1,467.0,359.0,2,2,359.0,0.0,0,0,0.0,0.0,0,0,0.0,117.0,1,1,117.0,0.0,0.0,0.0,0.0,0.0438456268554464,0.142726649920073,0.0,0.1066453528202786,0.0819821877140899,0.0,0.0,0.0267184288650376,2.114814569697947,0.2544382747933884,0.7055871212121212,,,,,23.0,75.0,,56.0,43.0,,,14.0,,,,,2.4257391304347826,2.5094266666666667,,2.412464285714286,2.521674418604652,,,2.4964285714285714,,,,,-9.44369019874443,-6.319514823727928,,-9.939259131112436,-5.862288733358402,,,-6.804752302251105
S002,R002,PRO,31,Image_025,249551,254267,4716,566,490,76,1142.698,478,249556,254264,1620.0,1080.0,5472.0,3648.0,2.390581589958159,2.387,-1.1176045331186055,-8.26287471176018,2.599600584554962,0.1870241113048714,2.602,zhidaoyu,2.6787080168776374,2.68,1185.0,-10.756171449224436,-10.932835820895528,0.8657243816254417,0.1342756183745583,15,2640.0,176.0,67.0,358.0,249564.0,175.0,3807.030949441428,271.93078210295914,5,2.321928094887362,13.0,37,1018.0,27.513513513513512,1.955334087676556,0.0,0,0,0.0,0.0,0,0,0.0,0.0,0,0,0.0,0.0,0,0,0.0,0.0,0,0,0.0,0.0,0,0,0.0,0.0,0,0,0.0,275.0,2,1,275.0,133.0,1,1,133.0,0.0,0,0,0.0,0.0,0,0,0.0,466.0,2,2,466.0,0.0,0.0,0.0,0.0,0.0,0.0,0.0,0.1041666666666666,0.0503787878787878,0.0,0.0,0.1765151515151515,1.421984372654078,0.4064403123019966,0.8135011441647597,,,,,,,,33.0,16.0,,,56.0,,,,,,,,2.5342727272727275,2.6648125,,,2.3764107142857145,,,,,,,,-5.391975859066079,-0.5187395113646719,,,-11.285190498077782
S003,R003,PRO,1,Image_001,54072,58006,3934,472,458,14,1298.872,458,54076,58001,1440.0,1080.0,4032.0,3024.0,2.835965065502183,2.845,1.203983197038193,7.724346838318826,2.644514783496964,0.1590140813228858,2.641,zhidaoyu,2.830858373205742,2.892,1045.0,0.1803937754278451,-1.6251728907330467,0.9703389830508474,0.0296610169491525,11,4001.0,363.7272727272728,108.0,925.0,54076.0,400.0,2605.110505018257,260.5110505018257,1,-0.0,4.0,11,383.0,34.81818181818182,1.4472836138990317,0.0,0,0,0.0,0.0,0,0,0.0,0.0,0,0,0.0,0.0,0,0,0.0,0.0,0,0,0.0,0.0,0,0,0.0,0.0,0,0,0.0,0.0,0,0,0.0,400.0,1,1,400.0,0.0,0,0,0.0,0.0,0,0,0.0,0.0,0,0,0.0,0.0,0.0,0.0,0.0,0.0,0.0,0.0,0.0,0.0999750062484378,0.0,0.0,0.0,-0.0,1.0,0.9166666666666666,,,,,0.0,,,0.0,23.0,,0.0,0.0,,,,,,,,,2.9104782608695654,,,,,,,,,,,,2.8125705057317893,,,
S003,R003,PRO,2,Image_012,58006,65072,7066,848,835,13,2316.239,835,58009,65068,1440.0,1080.0,4032.0,3024.0,2.773938922155688,2.776,0.813916211583314,5.111700113593328,2.644514783496964,0.1590140813228858,2.641,zhidaoyu,2.830858373205742,2.892,1045.0,-2.0106781599814463,-4.011065006915633,0.9846698113207548,0.0153301886792452,21,6958.0,331.3333333333333,150.0,925.0,58009.0,925.0,5485.0993855671095,274.2549692783555,13,3.0269868333592878,3.0,21,796.0,37.90476190476191,3.047277436426172,0.0,0,0,0.0,0.0,0,0,0.0,0.0,0,0,0.0,0.0,0,0,0.0,575.0,2,2,575.0,0.0,0,0,0.0,0.0,0,0,0.0,0.0,0,0,0.0,267.0,1,1,267.0,425.0,2,1,425.0,1184.0,3,3,1184.0,0.0,0,0,0.0,0.0,0.0,0.0,0.0,0.0826386892785283,0.0,0.0,0.0,0.0383730957171601,0.0610807703363035,0.1701638401839609,0.0,1.7845425205175314,0.3303250440581542,0.7652998776009792,,,,,69.0,,,,32.0,51.0,142.0,,,,,,2.7079855072463768,,,,2.7755625,2.842686274509804,2.7866267605633803,,,,,,-4.340480863414604,,,,-1.953325313944387,0.4178203125954203,-1.5624805910820805,
S003,R003,PRO,3,Image_023,65072,71139,6067,728,714,14,2017.751,714,65076,71135,1440.0,1080.0,960.0,720.0,2.825981792717087,2.8415,1.1412008780005196,7.591821279818246,2.644514783496964,0.1590140813228858,2.641,zhidaoyu,2.830858373205742,2.892,1045.0,-0.1722650816731756,-1.7461964038727522,0.9807692307692308,0.0192307692307692,18,5685.0,315.8333333333333,100.0,800.0,65076.0,400.0,3948.064307877025,232.23907693394264,7,1.448815635725185,4.0,18,609.0,33.833333333333336,2.1933690599316806,0.0,0,0,0.0,0.0,0,0,0.0,0.0,0,0,0.0,0.0,0,0,0.0,0.0,0,0,0.0,0.0,0,0,0.0,0.0,0,0,0.0,0.0,0,0,0.0,0.0,0,0,0.0,367.0,1,1,367.0,0.0,0,0,0.0,1834.0,4,3,1834.0,0.0,0.0,0.0,0.0,0.0,0.0,0.0,0.0,0.0,0.0645558487247141,0.0,0.3226033421284081,0.6501982155949699,0.7221212694820267,0.8888762683628654,,,,,,,,0.0,0.0,24.0,,220.0,,,,,,,,,,2.853166666666666,,2.888804545454545,,,,,,,,,,0.7880398988544998,,2.04694706020152
S003,R003,PRO,4,Image_026,71139,76605,5466,656,625,31,1700.404,625,71143,76601,1439.0,1080.0,1706.0,1280.0,2.7206464,2.728,0.4787727971615758,3.294206739871268,2.644514783496964,0.1590140813228858,2.641,zhidaoyu,2.830858373205742,2.892,1045.0,-3.893235149059568,-5.670816044260017,0.9527439024390244,0.0472560975609756,17,5017.0,295.11764705882354,108.0,708.0,71143.0,367.0,4976.0543725076,311.00339828172497,5,1.9219280948873625,4.0,17,632.0,37.1764705882353,2.765703699318732,0.0,0,0,0.0,0.0,0,0,0.0,0.0,0,0,0.0,0.0,0,0,0.0,517.0,1,1,517.0,0.0,0,0,0.0,0.0,0,0,0.0,742.0,3,2,742.0,0.0,0,0,0.0,0.0,0,0,0.0,0.0,0,0,0.0,0.0,0,0,0.0,0.0,0.0,0.0,0.0,0.1030496312537373,0.0,0.0,0.1478971496910504,0.0,0.0,0.0,0.0,0.9768370612810044,0.5159692154533428,0.8482261053746359,,,,,62.0,,,65.0,0.0,,,,,,,,2.605354838709677,,,2.815676923076923,,,,,,,,,-7.965906617952706,,,-0.5362843394961819,,,,
S003,R003,PRO,5,Image_027,76605,79989,3384,406,386,20,1032.482,386,76610,79985,810.0,1080.0,1280.0,1706.0,2.674823834196891,2.656,0.1906060799633416,0.5679666792881531,2.644514783496964,0.1590140813228858,2.641,zhidaoyu,2.830858373205742,2.892,1045.0,-5.511916120061954,-8.160442600276617,0.9507389162561576,0.0492610837438423,9,3699.0,411.0,158.0,708.0,76610.0,708.0,1524.5550403646157,190.5693800455769,1,-0.0,5.0,8,268.0,33.5,1.1293000298997151,0.0,0,0,0.0,0.0,0,0,0.0,708.0,1,1,708.0,0.0,0,0,0.0,0.0,0,0,0.0,0.0,0,0,0.0,0.0,0,0,0.0,0.0,0,0,0.0,0.0,0,0,0.0,0.0,0,0,0.0,0.0,0,0,0.0,0.0,0,0,0.0,0.0,0.0,0.1914030819140308,0.0,0.0,0.0,0.0,0.0,0.0,0.0,0.0,0.0,-0.0,1.0,0.9166666666666666,,,29.0,,,,,0.0,0.0,,,,,,2.8207241379310344,,,,,,,,,,,,-0.3579916032051894,,,,,,,,,
S003,R003,PRO,6,Image_028,79989,84639,4650,558,548,10,1433.652,548,79993,84635,1620.0,1080.0,5472.0,3648.0,2.6161532846715327,2.637,-0.1783584107110717,-0.1514577811435064,2.644514783496964,0.1590140813228858,2.641,zhidaoyu,2.830858373205742,2.892,1045.0,-7.584451789125405,-8.817427385892113,0.982078853046595,0.017921146953405,9,4825.0,536.1111111111111,125.0,1475.0,79993.0,633.0,2305.244886333239,288.15561079165485,4,2.0,4.0,9,317.0,35.22222222222222,1.1839998062928274,1658.0,2,2,1658.0,0.0,0,0,0.0,0.0,0,0,0.0,0.0,0,0,0.0,0.0,0,0,0.0,0.0,0,0,0.0,0.0,0,0,0.0,3133.0,3,2,3133.0,975.0,4,1,975.0,0.0,0,0,0.0,0.0,0,0,0.0,0.0,0,0,0.0,0.3436269430051814,0.0,0.0,0.0,0.0,0.0,0.0,0.6493264248704663,0.2020725388601036,0.0,0.0,0.0,1.4287912326524657,0.4065141874292939,0.812377153428142,130.0,,,,,,,307.0,117.0,,,,2.6870307692307693,,,,,,,2.5372247557003256,2.785538461538461,,,,-5.080706450605591,,,,,,,-10.372600066632709,-1.6009247264446838,,,
S003,R003,PRO,7,Image_029,84639,92622,7983,958,945,13,2637.999,945,84643,92618,1620.0,1080.0,6000.0,4000.0,2.791533333333333,2.79,0.9245630865724468,5.6418023475956085,2.644514783496964,0.1590140813228858,2.641,zhidaoyu,2.830858373205742,2.892,1045.0,-1.389156032835228,-3.5269709543568424,0.9864300626304802,0.0135699373695198,25,7964.0,318.56,133.0,1025.0,84643.0,1025.0,7631.05516716232,317.96063196509664,12,2.459147917027245,4.0,24,926.0,38.583333333333336,3.919396109843044,0.0,0,0,0.0,0.0,0,0,0.0,0.0,0,0,0.0,0.0,0,0,0.0,891.0,3,3,891.0,0.0,0,0,0.0,0.0,0,0,0.0,3315.0,12,4,3315.0,0.0,0,0,0.0,0.0,0,0,0.0,0.0,0,0,0.0,0.0,0,0,0.0,0.0,0.0,0.0,0.0,0.111878453038674,0.0,0.0,0.4162481165243596,0.0,0.0,0.0,0.0,0.7449855756255341,0.6660721081153682,0.881359961959106,,,,,107.0,,,398.0,0.0,,0.0,,,,,,2.7669065420560743,,,2.836145728643216,,,,,,,,,-2.259096808055672,,,0.1867756962877169,,,,
S003,R003,PRO,8,Image_030,92622,98655,6033,724,710,14,1802.274,710,92626,98652,1920.0,1079.0,2275.0,1279.0,2.538414084507042,2.514,-0.6672409016059334,-4.808784551306331,2.644514783496964,0.1590140813228858,2.641,zhidaoyu,2.830858373205742,2.892,1045.0,-10.330587056798882,-13.07053941908714,0.9806629834254144,0.0193370165745856,21,5675.0,270.23809523809524,133.0,517.0,92626.0,500.0,5483.818545902332,274.1909272951166,8,2.5,4.0,21,745.0,35.476190476190474,2.489909196793273,0.0,0,0,0.0,0.0,0,0,0.0,0.0,0,0,0.0,0.0,0,0,0.0,0.0,0,0,0.0,308.0,1,1,308.0,0.0,0,0,0.0,442.0,2,1,442.0,350.0,2,2,350.0,0.0,0,0,0.0,0.0,0,0,0.0,0.0,0,0,0.0,0.0,0.0,0.0,0.0,0.0,0.0542731277533039,0.0,0.077885462555066,0.0616740088105726,0.0,0.0,0.0,1.5684268312062424,0.341097520661157,0.7703030303030303,0.0,,,,,37.0,,53.0,42.0,,,,,,,,,2.595783783783784,,2.6431698113207545,2.490809523809524,,,,,,,,,-8.304003889666632,,-6.630093672699133,-12.01221695210197,,,
S003,R003,PRO,9,Image_031,98655,106388,7733,928,902,26,2361.496,902,98660,106385,1621.0,1080.0,2731.0,1820.0,2.618066518847007,2.623,-0.1663265569308442,-0.6815600151457702,2.644514783496964,0.1590140813228858,2.641,zhidaoyu,2.830858373205742,2.892,1045.0,-7.516866840560578,-9.301521438450887,0.9719827586206896,0.0280172413793103,26,6682.0,257.0,100.0,525.0,98660.0,233.0,7162.844231509316,286.51376926037267,6,1.9182958340544891,5.0,29,967.0,33.3448275862069,3.67734602130698,0.0,0,0,0.0,0.0,0,0,0.0,658.0,2,2,658.0,0.0,0,0,0.0,0.0,0,0,0.0,0.0,0,0,0.0,0.0,0,0,0.0,0.0,0,0,0.0,358.0,1,1,358.0,0.0,0,0,0.0,0.0,0,0,0.0,0.0,0,0,0.0,0.0,0.0,0.0984735109248727,0.0,0.0,0.0,0.0,0.0,0.0535767734211313,0.0,0.0,0.0,0.9361600299036692,0.5435938371876743,0.8579396325459318,,,79.0,,,,,,43.0,0.0,,,,,2.565987341772152,,,,,,2.656488372093023,,,,,,-9.356562445532838,,,,,,-6.159615852320353,,,
S003,R003,PRO,10,Image_002,106388,115171,8783,1054,1007,47,2844.168,1006,106393,115168,810.0,1080.0,3072.0,4096.0,2.827204771371769,2.769,1.1488918865232096,4.846648996592204,2.644514783496964,0.1590140813228858,2.641,zhidaoyu,2.830858373205742,2.892,1045.0,-0.1290633918162196,-4.253112033195014,0.9554079696394688,0.0445920303605313,27,7782.0,288.22222222222223,92.0,858.0,106393.0,317.0,5141.234741084464,197.73979773401783,10,1.0,5.0,29,836.0,28.82758620689655,3.808322030432936,0.0,0,0,0.0,0.0,0,0,0.0,0.0,0,0,0.0,0.0,0,0,0.0,0.0,0,0,0.0,0.0,0,0,0.0,0.0,0,0,0.0,0.0,0,0,0.0,0.0,0,0,0.0,0.0,0,0,0.0,2391.0,9,5,2391.0,0.0,0,0,0.0,0.0,0.0,0.0,0.0,0.0,0.0,0.0,0.0,0.0,0.0,0.3072474942174248,0.0,-0.0,1.0,0.9166666666666666,,,,,,,,,0.0,0.0,287.0,,,,,,,,,,,,2.7277073170731705,,,,,,,,,,,,-3.643808433120601,
S003,R003,PRO,11,Image_003,115171,119555,4384,526,526,0,1354.626,526,115177,119552,1620.0,1080.0,5472.0,3648.0,2.5753346007604563,2.5455,-0.4350569594904854,-3.616054524801225,2.644514783496964,0.1590140813228858,2.641,zhidaoyu,2.830858373205742,2.892,1045.0,-9.026370759619583,-11.981327800829884,1.0,0.0,16,4141.0,258.8125,133.0,633.0,115177.0,333.0,3809.032168853973,253.9354779235982,8,1.811278124459133,6.0,15,591.0,39.4,1.956361936566212,0.0,0,0,0.0,0.0,0,0,0.0,0.0,0,0,0.0,0.0,0,0,0.0,0.0,0,0,0.0,0.0,0,0,0.0,0.0,0,0,0.0,417.0,2,1,417.0,983.0,5,4,983.0,0.0,0,0,0.0,0.0,0,0,0.0,0.0,0,0,0.0,0.0,0.0,0.0,0.0,0.0,0.0,0.0,0.1007003139338324,0.2373822748128471,0.0,0.0,0.0,0.8786556924328892,0.5817234693877551,0.8670238095238095,,,,,0.0,,,50.0,118.0,,,0.0,,,,,,,,2.58828,2.5672372881355936,,,,,,,,,,,-8.56907486088892,-9.312408122050153,,,
S003,R003,PRO,12,Image_004,119555,123805,4250,510,493,17,1293.721,493,119560,123802,1439.0,1080.0,1706.0,1280.0,2.624180527383367,2.616,-0.127877078208608,-0.9466111321469108,2.644514783496964,0.1590140813228858,2.641,zhidaoyu,2.830858373205742,2.892,1045.0,-7.300889644589572,-9.543568464730283,0.9666666666666668,0.0333333333333333,11,4298.0,390.7272727272728,183.0,683.0,119560.0,633.0,2787.775733453624,278.7775733453624,7,2.5216406363433186,5.0,11,402.0,36.54545454545455,1.5494528559578964,0.0,0,0,0.0,0.0,0,0,0.0,183.0,1,1,183.0,0.0,0,0,0.0,0.0,0,0,0.0,0.0,0,0,0.0,0.0,0,0,0.0,208.0,1,1,208.0,1333.0,4,2,1333.0,0.0,0,0,0.0,0.0,0,0,0.0,0.0,0,0,0.0,0.0,0.0,0.042577943229409,0.0,0.0,0.0,0.0,0.0483946021405304,0.3101442531409958,0.0,0.0,0.0,0.9985167206071212,0.6236649512007364,0.8611755607115236,,,22.0,,0.0,,,25.0,160.0,,,,,,2.669,,,,,2.66488,2.59844375,,,,,,-5.717642914874934,,,,,-5.8631818100381805,-8.210040650763792,,,
S003,R003,PRO,13,Image_005,123805,127705,3900,468,445,23,1152.163,445,123810,127702,1920.0,1080.0,960.0,540.0,2.589130337078652,2.587,-0.3482990057078742,-2.044680045437328,2.644514783496964,0.1590140813228858,2.641,zhidaoyu,2.830858373205742,2.892,1045.0,-8.53903672522306,-10.546334716459189,0.9508547008547008,0.0491452991452991,14,3868.0,276.2857142857143,92.0,633.0,123810.0,633.0,4924.743030490984,378.8263869608449,3,1.584962500721156,5.0,13,585.0,45.0,2.2355653916669582,0.0,0,0,0.0,0.0,0,0,0.0,0.0,0,0,0.0,0.0,0,0,0.0,0.0,0,0,0.0,0.0,0,0,0.0,626.0,4,1,626.0,567.0,2,1,567.0,0.0,0,0,0.0,0.0,0,0,0.0,0.0,0,0,0.0,0.0,0,0,0.0,0.0,0.0,0.0,0.0,0.0,0.0,0.1618407445708376,0.1465873836608066,0.0,0.0,0.0,0.0,0.9982349994286204,0.5012229061815606,0.8374545962559374,,,,,0.0,,75.0,68.0,,,,0.0,,,,,,,2.5491333333333333,2.577058823529412,,,,,,,,,,,-9.951929864770152,-8.965462634180476,,,,
S003,R003,PRO,14,Image_006,127705,131154,3449,414,414,0,1147.485,414,127710,131152,1439.0,1080.0,1706.0,1280.0,2.771702898550725,2.7785,0.7998544153803546,5.206361226808034,2.644514783496964,0.1590140813228858,2.641,zhidaoyu,2.830858373205742,2.892,1045.0,-2.0896656369293334,-3.924619640387265,1.0,0.0,11,3667.0,333.3636363636364,142.0,1083.0,127710.0,400.0,1947.8544816003823,194.78544816003824,7,1.8423709931771088,5.0,10,366.0,36.6,1.0826224840429075,0.0,0,0,0.0,0.0,0,0,0.0,0.0,0,0,0.0,0.0,0,0,0.0,0.0,0,0,0.0,0.0,0,0,0.0,0.0,0,0,0.0,0.0,0,0,0.0,192.0,1,1,192.0,0.0,0,0,0.0,1775.0,4,3,1775.0,0.0,0,0,0.0,0.0,0.0,0.0,0.0,0.0,0.0,0.0,0.0,0.0523588764657758,0.0,0.4840469048268339,0.0,0.4613752056189425,0.8238344995423987,0.9003982375868497,,,,,0.0,,,,23.0,,159.0,,,,,,,,,,2.7977826086956523,,2.7253333333333334,,,,,,,,,,-1.1684005396791977,,-3.7276693483224,
S003,R003,PRO,15,Image_007,131154,134221,3067,368,346,22,875.535,346,131160,134219,1439.0,1080.0,1706.0,1280.0,2.530447976878613,2.508,-0.7173377707772483,-5.035971223021583,2.644514783496964,0.1590140813228858,2.641,zhidaoyu,2.830858373205742,2.892,1045.0,-10.611989606069065,-13.278008298755184,0.9402173913043478,0.0597826086956521,10,3517.0,351.7,167.0,1083.0,131160.0,1083.0,1367.5438340106973,151.9493148900775,0,0.0,6.0,8,259.0,32.375,0.7600843474702469,0.0,0,0,0.0,0.0,0,0,0.0,0.0,0,0,0.0,0.0,0,0,0.0,0.0,0,0,0.0,0.0,0,0,0.0,0.0,0,0,0.0,0.0,0,0,0.0,0.0,0,0,0.0,0.0,0,0,0.0,0.0,0,0,0.0,0.0,0,0,0.0,0.0,0.0,0.0,0.0,0.0,0.0,0.0,0.0,0.0,0.0,0.0,0.0,0.0,0.0,0.0,0.0,,,,,,,0.0,0.0,,,,,,,,,,,,,,,,,,,,,,,,,,,
S003,R003,PRO,16,Image_008,134221,137771,3550,426,426,0,1067.183,426,134227,137769,1440.0,1080.0,4096.0,3072.0,2.50512441314554,2.5015,-0.8765913634301664,-5.282090117379779,2.644514783496964,0.1590140813228858,2.641,zhidaoyu,2.830858373205742,2.892,1045.0,-11.506543850561195,-13.502766251728904,1.0,0.0,8,3643.0,455.375,167.0,1092.0,134227.0,317.0,1549.7410098885305,221.39157284121865,4,1.0,6.0,7,258.0,36.85714285714285,0.8609672277158502,0.0,0,0,0.0,0.0,0,0,0.0,0.0,0,0,0.0,0.0,0,0,0.0,0.0,0,0,0.0,0.0,0,0,0.0,0.0,0,0,0.0,0.0,0,0,0.0,0.0,0,0,0.0,0.0,0,0,0.0,792.0,3,2,792.0,0.0,0,0,0.0,0.0,0.0,0.0,0.0,0.0,0.0,0.0,0.0,0.0,0.0,0.2174032390886631,0.0,-0.0,1.0,0.9166666666666666,,,,,,,,,0.0,,95.0,,,,,,,,,,,,2.532684210526316,,,,,,,,,,,,-10.53299470936673,
S003,R003,PRO,17,Image_009,137771,141988,4217,506,491,15,1249.966,491,137777,141985,1440.0,1080.0,4032.0,3024.0,2.545755600814664,2.559,-0.6210719318735356,-3.1048845134418723,2.644514783496964,0.1590140813228858,2.641,zhidaoyu,2.830858373205742,2.892,1045.0,-10.071248180043009,-11.514522821576756,0.9703557312252964,0.0296442687747035,4,5134.0,1283.5,550.0,2575.0,137777.0,1092.0,853.7743050340864,284.59143501136214,2,1.0,6.0,4,126.0,31.5,0.4743190583522702,0.0,0,0,0.0,0.0,0,0,0.0,0.0,0,0,0.0,0.0,0,0,0.0,0.0,0,0,0.0,0.0,0,0,0.0,0.0,0,0,0.0,0.0,0,0,0.0,0.0,0,0,0.0,0.0,0,0,0.0,0.0,0,0,0.0,550.0,1,1,550.0,0.0,0.0,0.0,0.0,0.0,0.0,0.0,0.0,0.0,0.0,0.0,0.1071289442929489,-0.0,1.0,0.9166666666666666,,,,,0.0,,,0.0,0.0,,,66.0,,,,,,,,,,,,2.509969696969697,,,,,,,,,,,,-11.335384322765035
S003,R003,PRO,18,Image_010,141988,145321,3333,400,400,0,1040.808,400,141994,145319,1440.0,1080.0,1600.0,1200.0,2.60202,2.5665,-0.2672391221169655,-2.8209011737978043,2.644514783496964,0.1590140813228858,2.641,zhidaoyu,2.830858373205742,2.892,1045.0,-8.083709710514379,-11.2551867219917,1.0,0.0,2,5209.0,2604.5,917.0,4292.0,141994.0,917.0,786.4477096412704,786.4477096412704,1,-0.0,6.0,1,83.0,83.0,0.4369153942451502,0.0,0,0,0.0,0.0,0,0,0.0,0.0,0,0,0.0,0.0,0,0,0.0,0.0,0,0,0.0,0.0,0,0,0.0,0.0,0,0,0.0,4292.0,1,1,4292.0,0.0,0,0,0.0,0.0,0,0,0.0,0.0,0,0,0.0,0.0,0,0,0.0,0.0,0.0,0.0,0.0,0.0,0.0,0.0,0.8239585333077366,0.0,0.0,0.0,0.0,-0.0,1.0,0.9166666666666666,,,,,,,,345.0,0.0,0.0,0.0,,,,,,,,,2.631510144927536,,,,,,,,,,,,-7.041971091349877,,,,
S003,R003,PRO,19,Image_011,145321,150437,5116,614,597,17,1598.23,597,145327,150436,1440.0,1080.0,960.0,720.0,2.677102177554439,2.7,0.2049340145625513,2.234002271866724,2.644514783496964,0.1590140813228858,2.641,zhidaoyu,2.830858373205742,2.892,1045.0,-5.43143369893088,-6.639004149377584,0.972312703583062,0.0276872964169381,4,8983.0,2245.75,308.0,4292.0,145327.0,4292.0,1394.9279388713526,464.9759796237842,2,1.0,6.0,3,116.0,38.66666666666666,0.7749599660396403,0.0,0,0,0.0,0.0,0,0,0.0,0.0,0,0,0.0,0.0,0,0,0.0,0.0,0,0,0.0,0.0,0,0,0.0,0.0,0,0,0.0,2225.0,1,1,2225.0,0.0,0,0,0.0,0.0,0,0,0.0,0.0,0,0,0.0,4292.0,1,1,4292.0,0.0,0.0,0.0,0.0,0.0,0.0,0.0,0.2476900812646109,0.0,0.0,0.0,0.4777913837248135,0.9261661046101082,0.5502985558079012,0.8597642064344535,,,,,,,,267.0,0.0,,,170.0,,,,,,,,2.690760299625468,,,,2.7712,,,,,,,,-4.948960884313792,,,,-2.1074305154370294
S003,R003,PRO,20,Image_013,150437,158354,7917,950,913,37,2396.263,905,150444,158352,1920.0,1080.0,3840.0,2160.0,2.6478044198895025,2.623,0.0206877049200378,-0.6815600151457702,2.644514783496964,0.1590140813228858,2.641,zhidaoyu,2.830858373205742,2.892,1045.0,-6.466376242939489,-9.301521438450887,0.9610526315789474,0.0389473684210526,22,7777.0,353.5,117.0,2158.0,150444.0,2158.0,6928.901885171128,329.9477088176728,1,-0.0,7.0,22,866.0,39.36363636363637,3.1453444699225668,0.0,0,0,0.0,0.0,0,0,0.0,0.0,0,0,0.0,0.0,0,0,0.0,0.0,0,0,0.0,0.0,0,0,0.0,0.0,0,0,0.0,0.0,0,0,0.0,2158.0,1,1,2158.0,0.0,0,0,0.0,0.0,0,0,0.0,0.0,0,0,0.0,0.0,0.0,0.0,0.0,0.0,0.0,0.0,0.0,0.2774848913462774,0.0,0.0,0.0,-0.0,1.0,0.9166666666666666,,,,,0.0,,,0.0,152.0,,0.0,0.0,,,,,,,,,2.444171052631579,,,,,,,,,,,,-13.659719759709056,,,
S003,R003,PRO,21,Image_014,158354,164137,5783,694,678,16,1744.242,678,158361,164136,1440.0,1080.0,4032.0,3024.0,2.5726283185840706,2.564,-0.4520760948643549,-2.9155622870124938,2.644514783496964,0.1590140813228858,2.641,zhidaoyu,2.830858373205742,2.892,1045.0,-9.121970108636855,-11.34163208852005,0.9769452449567724,0.0230547550432276,21,5240.0,249.52380952380952,92.0,458.0,158361.0,283.0,6509.048312806948,325.4524156403474,7,2.5216406363433186,7.0,20,794.0,39.7,3.616137951559416,0.0,0,0,0.0,0.0,0,0,0.0,1175.0,4,2,1175.0,0.0,0,0,0.0,0.0,0,0,0.0,267.0,1,1,267.0,0.0,0,0,0.0,0.0,0,0,0.0,142.0,1,1,142.0,0.0,0,0,0.0,0.0,0,0,0.0,0.0,0,0,0.0,0.0,0.0,0.224236641221374,0.0,0.0,0.0509541984732824,0.0,0.0,0.0270992366412213,0.0,0.0,0.0,1.0645568546523576,0.5867059164881134,0.8586910774410774,,,124.0,,0.0,32.0,,0.0,17.0,,,,,,2.538556451612903,,,2.6064375,,,2.6164117647058824,,,,,,-10.325557942407,,,-7.927661635421253,,,-7.575320988489237,,,
S003,R003,PRO,22,Image_015,164137,170104,5967,716,703,13,1691.223,703,164144,170103,1440.0,1080.0,4032.0,3024.0,2.405722617354196,2.383,-1.5017045292856075,-9.769026883756151,2.644514783496964,0.1590140813228858,2.641,zhidaoyu,2.830858373205742,2.892,1045.0,-15.017909757530909,-17.600276625172885,0.9818435754189944,0.0181564245810055,18,5374.0,298.55555555555554,125.0,492.0,164144.0,308.0,3805.002914319928,223.8237008423487,6,1.9182958340544891,7.0,20,625.0,31.25,2.1138905079555155,0.0,0,0,0.0,0.0,0,0,0.0,0.0,0,0,0.0,0.0,0,0,0.0,0.0,0,0,0.0,0.0,0,0,0.0,0.0,0,0,0.0,0.0,0,0,0.0,183.0,1,1,183.0,0.0,0,0,0.0,1334.0,4,2,1334.0,0.0,0,0,0.0,0.0,0.0,0.0,0.0,0.0,0.0,0.0,0.0,0.03405284704131,0.0,0.2482322292519538,0.0,0.5311771782323886,0.7878389024585786,0.8965611953416831,,,,,0.0,,,,22.0,0.0,160.0,,,,,,,,,,2.3308181818181817,,2.45871875,,,,,,,,,,-17.663907036836356,,-13.145822720347567,
S003,R003,PRO,23,Image_016,170104,174354,4250,510,510,0,1269.665,510,170111,174353,1440.0,1080.0,4032.0,3024.0,2.4895392156862743,2.49,-0.9746027931702728,-5.7175312381673535,2.644514783496964,0.1590140813228858,2.641,zhidaoyu,2.830858373205742,2.892,1045.0,-12.057090554231731,-13.900414937759326,1.0,0.0,12,4027.0,335.5833333333333,117.0,992.0,170111.0,192.0,3777.294982563893,343.3904529603539,2,1.0,7.0,11,468.0,42.54545454545455,2.098497212535496,0.0,0,0,0.0,0.0,0,0,0.0,0.0,0,0,0.0,0.0,0,0,0.0,0.0,0,0,0.0,0.0,0,0,0.0,0.0,0,0,0.0,0.0,0,0,0.0,0.0,0,0,0.0,0.0,0,0,0.0,1459.0,3,2,1459.0,0.0,0,0,0.0,0.0,0.0,0.0,0.0,0.0,0.0,0.0,0.0,0.0,0.0,0.3623044449962751,0.0,-0.0,1.0,0.9166666666666666,,,,,,,,,0.0,,146.0,,,,,,,,,,,,2.5530205479452053,,,,,,,,,,,,-9.814614107519107,
S003,R003,PRO,24,Image_017,174354,177104,2750,330,330,0,875.477,330,174361,177103,1440.0,1080.0,4032.0,3024.0,2.6529606060606064,2.671,0.0531136770616742,1.1359333585762894,2.644514783496964,0.1590140813228858,2.641,zhidaoyu,2.830858373205742,2.892,1045.0,-6.284234097648597,-7.641770401106504,1.0,0.0,3,4950.0,1650.0,350.0,3608.0,174361.0,992.0,490.291874313593,245.1459371567965,1,-0.0,7.0,2,75.0,37.5,0.2723843746186628,0.0,0,0,0.0,0.0,0,0,0.0,0.0,0,0,0.0,0.0,0,0,0.0,3608.0,1,1,3608.0,0.0,0,0,0.0,0.0,0,0,0.0,0.0,0,0,0.0,0.0,0,0,0.0,0.0,0,0,0.0,0.0,0,0,0.0,0.0,0,0,0.0,0.0,0.0,0.0,0.0,0.7288888888888889,0.0,0.0,0.0,0.0,0.0,0.0,0.0,-0.0,1.0,0.9166666666666666,,,,,252.0,,,,0.0,,0.0,,,,,,2.6652420634920637,,,,,,,,,,,,-5.8503919263940505,,,,,,,
S003,R003,PRO,25,Image_018,177104,181137,4033,484,477,7,1267.367,477,177111,181136,1440.0,1080.0,3648.0,2736.0,2.6569538784067084,2.659,0.0782263734523385,0.6815600151457702,2.644514783496964,0.1590140813228858,2.641,zhidaoyu,2.830858373205742,2.892,1045.0,-6.143171853634604,-8.056708160442604,0.9855371900826446,0.0144628099173553,2,7066.0,3533.0,3458.0,3608.0,177111.0,3608.0,302.80026420067736,302.80026420067736,1,-0.0,7.0,2,25.0,12.5,0.1682223690003763,0.0,0,0,0.0,0.0,0,0,0.0,0.0,0,0,0.0,0.0,0,0,0.0,0.0,0,0,0.0,0.0,0,0,0.0,0.0,0,0,0.0,0.0,0,0,0.0,3608.0,1,1,3608.0,0.0,0,0,0.0,0.0,0,0,0.0,0.0,0,0,0.0,0.0,0.0,0.0,0.0,0.0,0.0,0.0,0.0,0.5106142088876309,0.0,0.0,0.0,-0.0,1.0,0.9166666666666666,,0.0,0.0,,,,,,181.0,,0.0,,,,,,,,,,2.616254143646409,,,,,,,,,,,,-7.580888948404336,,,
S003,R003,PRO,26,Image_019,181137,184904,3767,452,452,0,1196.579,452,181144,184903,1439.0,1080.0,1706.0,1280.0,2.647298672566372,2.65,0.0175071858180599,0.3407800075728851,2.644514783496964,0.1590140813228858,2.641,zhidaoyu,2.830858373205742,2.892,1045.0,-6.484241754259937,-8.367911479944674,1.0,0.0,2,6858.0,3429.0,3400.0,3458.0,181144.0,3458.0,273.5141678231678,273.5141678231678,0,0.0,7.0,1,42.0,42.0,0.1520198713952988,0.0,0,0,0.0,0.0,0,0,0.0,0.0,0,0,0.0,0.0,0,0,0.0,0.0,0,0,0.0,0.0,0,0,0.0,0.0,0,0,0.0,0.0,0,0,0.0,0.0,0,0,0.0,0.0,0,0,0.0,0.0,0,0,0.0,0.0,0,0,0.0,0.0,0.0,0.0,0.0,0.0,0.0,0.0,0.0,0.0,0.0,0.0,0.0,0.0,0.0,0.0,,,,,0.0,,,,0.0,,0.0,,,,,,,,,,,,,,,,,,,,,,,,,
S003,R003,PRO,27,Image_020,184904,188687,3783,454,454,0,1228.692,454,184911,188686,1439.0,1080.0,1706.0,1280.0,2.706370044052864,2.711,0.388992346094808,2.6505111700113533,2.644514783496964,0.1590140813228858,2.641,zhidaoyu,2.830858373205742,2.892,1045.0,-4.3975470596186765,-6.258644536652837,1.0,0.0,2,9467.0,4733.5,3400.0,6067.0,184911.0,3400.0,292.09929818470977,292.09929818470977,1,-0.0,7.0,1,42.0,42.0,0.1623495342055013,6067.0,1,1,6067.0,0.0,0,0,0.0,0.0,0,0,0.0,0.0,0,0,0.0,0.0,0,0,0.0,0.0,0,0,0.0,0.0,0,0,0.0,0.0,0,0,0.0,3400.0,1,1,3400.0,0.0,0,0,0.0,0.0,0,0,0.0,0.0,0,0,0.0,0.6408577162775959,0.0,0.0,0.0,0.0,0.0,0.0,0.0,0.3591422837224041,0.0,0.0,0.0,0.9419689163216878,0.5396817924698795,0.8568096193795993,361.0,,,,,,,0.0,88.0,,,,2.71313296398892,,,,,,,,2.686375,,,,-4.158647084965497,,,,,,,,-5.103871481995938,,,
S003,R003,PRO,28,Image_021,188687,193270,4583,550,537,13,1484.569,537,188694,193270,1440.0,1080.0,4032.0,3024.0,2.76456052141527,2.779,0.7549377823624781,5.2252934494509615,2.644514783496964,0.1590140813228858,2.641,zhidaoyu,2.830858373205742,2.892,1045.0,-2.341969927495683,-3.907330567081604,0.9763636363636364,0.0236363636363636,3,7667.0,2555.6666666666665,708.0,6067.0,188694.0,6067.0,766.1707902216406,383.0853951108203,2,1.0,7.0,4,93.0,23.25,0.4256504390120225,0.0,0,0,0.0,0.0,0,0,0.0,0.0,0,0,0.0,892.0,1,1,892.0,0.0,0,0,0.0,0.0,0,0,0.0,0.0,0,0,0.0,0.0,0,0,0.0,6067.0,1,1,6067.0,0.0,0,0,0.0,0.0,0,0,0.0,0.0,0,0,0.0,0.0,0.0,0.0,0.1163427677057519,0.0,0.0,0.0,0.0,0.7913134211556019,0.0,0.0,0.0,0.5524237811004165,0.7765012121889545,0.8953034439814149,,,,73.0,,,,0.0,367.0,,,,,,,2.668808219178082,,,,,2.77266757493188,,,,,,,-5.724417567529163,,,,,-2.0555884683119983,,,
S003,R003,PRO,29,Image_022,193270,196770,3500,420,404,16,1031.405,404,193278,196770,1620.0,1080.0,5472.0,3648.0,2.552982673267327,2.544,-0.5756226710751263,-3.672851192730026,2.644514783496964,0.1590140813228858,2.641,zhidaoyu,2.830858373205742,2.892,1045.0,-9.815952029551411,-12.033195020746884,0.961904761904762,0.0380952380952381,11,3785.0,344.09090909090907,150.0,892.0,193278.0,892.0,2931.9867771109366,293.19867771109364,0,0.0,8.0,10,393.0,39.3,1.5059015190677905,0.0,0,0,0.0,0.0,0,0,0.0,0.0,0,0,0.0,0.0,0,0,0.0,0.0,0,0,0.0,0.0,0,0,0.0,0.0,0,0,0.0,0.0,0,0,0.0,0.0,0,0,0.0,0.0,0,0,0.0,0.0,0,0,0.0,0.0,0,0,0.0,0.0,0.0,0.0,0.0,0.0,0.0,0.0,0.0,0.0,0.0,0.0,0.0,0.0,0.0,0.0,,,,,,,,0.0,0.0,,,,,,,,,,,,,,,,,,,,,,,,,,,
S003,R003,PRO,30,Image_024,196770,201020,4250,510,510,0,1215.644,510,196778,201020,1440.0,1080.0,4032.0,3024.0,2.38361568627451,2.3685,-1.640729519373102,-10.318061340401362,2.644514783496964,0.1590140813228858,2.641,zhidaoyu,2.830858373205742,2.892,1045.0,-15.798836535391988,-18.101659751037342,1.0,0.0,19,4026.0,211.8947368421053,117.0,425.0,196778.0,358.0,3630.03597928986,201.6686655161033,10,2.4464393446710155,8.0,18,601.0,33.388888888888886,2.0166866551610334,0.0,0,0,0.0,0.0,0,0,0.0,0.0,0,0,0.0,0.0,0,0,0.0,0.0,0,0,0.0,359.0,2,1,359.0,0.0,0,0,0.0,600.0,3,3,600.0,317.0,2,2,317.0,0.0,0,0,0.0,0.0,0,0,0.0,0.0,0,0,0.0,0.0,0.0,0.0,0.0,0.0,0.0891703924490809,0.0,0.1490312965722801,0.0787382016890213,0.0,0.0,0.0,1.525743915493556,0.3619817513585754,0.7869644723092999,,,,,0.0,43.0,,72.0,38.0,,,0.0,,,,,,2.431581395348837,,2.3844444444444446,2.4269210526315788,,,,,,,,,-14.10444908286784,,-15.769560674127472,-14.269075570768786,,,
S003,R003,PRO,31,Image_025,201020,204437,3417,410,394,16,972.815,394,201028,204436,1620.0,1080.0,5472.0,3648.0,2.469073604060914,2.455,-1.1033059335154594,-7.042786823173039,2.644514783496964,0.1590140813228858,2.641,zhidaoyu,2.830858373205742,2.892,1045.0,-12.78003776413346,-15.110650069156288,0.9609756097560976,0.0390243902439024,13,2907.0,223.6153846153846,158.0,333.0,201028.0,283.0,3188.526471788012,265.71053931566763,2,1.0,8.0,13,400.0,30.76923076923077,1.637663203305692,0.0,0,0,0.0,0.0,0,0,0.0,0.0,0,0,0.0,0.0,0,0,0.0,0.0,0,0,0.0,0.0,0,0,0.0,0.0,0,0,0.0,0.0,0,0,0.0,433.0,2,1,433.0,0.0,0,0,0.0,0.0,0,0,0.0,0.0,0,0,0.0,0.0,0.0,0.0,0.0,0.0,0.0,0.0,0.0,0.1489508083935328,0.0,0.0,0.0,-0.0,1.0,0.9166666666666666,,,,,,,,0.0,52.0,,,0.0,,,,,,,,,2.6071153846153843,,,,,,,,,,,,-7.903715378632134,,,
S004,R004,PRO,1,Image_001,56549,65432,8883,1066,1056,10,2841.968,1056,56554,65430,1440.0,1080.0,4032.0,3024.0,2.691257575757576,2.668,-0.0126713581671783,-0.9283327144448538,2.6929674846941403,0.1349428304373632,2.693,zhidaoyu,2.491050095117312,2.475,1577.0,8.037071636282604,7.797979797979799,0.9906191369606004,0.0093808630393996,26,8326.0,320.2307692307692,67.0,633.0,56554.0,392.0,6931.488083025696,277.25952332102787,15,3.373557262275185,5.0,25,711.0,28.44,3.8508267127920535,0.0,0,0,0.0,0.0,0,0,0.0,0.0,0,0,0.0,0.0,0,0,0.0,167.0,1,1,167.0,0.0,0,0,0.0,0.0,0,0,0.0,916.0,2,2,916.0,534.0,2,2,534.0,0.0,0,0,0.0,1067.0,4,3,1067.0,158.0,1,1,158.0,0.0,0.0,0.0,0.0,0.0200576507326447,0.0,0.0,0.1100168147970213,0.0641364400672591,0.0,0.1281527744415085,0.018976699495556,1.982360504206621,0.286686185551898,0.733872859488623,,,,,20.0,,,110.0,64.0,,128.0,19.0,,,,,2.6701,,,2.686172727272727,2.807125,,2.659453125,2.7343157894736847,,,,,7.187727988033768,,,7.832946938235967,12.688420257072504,,6.76032289405879,9.765588208490732
S004,R004,PRO,2,Image_012,65432,74382,8950,1074,1067,5,2810.123,1067,65438,74380,1440.0,1080.0,4032.0,3024.0,2.6336672914714154,2.651,-0.4394467866912748,-1.5595989602673694,2.6929674846941403,0.1349428304373632,2.693,zhidaoyu,2.491050095117312,2.475,1577.0,5.7251837943222,7.111111111111098,0.9934823091247672,0.0046554934823091,30,8507.0,283.56666666666666,108.0,600.0,65438.0,425.0,8637.176481449163,297.83367177410906,14,3.039148671903071,6.0,30,845.0,28.166666666666668,4.798431378582869,0.0,0,0,0.0,0.0,0,0,0.0,0.0,0,0,0.0,0.0,0,0,0.0,992.0,3,2,992.0,0.0,0,0,0.0,0.0,0,0,0.0,0.0,0,0,0.0,825.0,3,3,825.0,333.0,1,1,333.0,1276.0,4,2,1276.0,0.0,0,0,0.0,0.0,0.0,0.0,0.0,0.116609850711179,0.0,0.0,0.0,0.0969789585047607,0.0391442341601034,0.1499941224873633,0.0,1.8699449479528387,0.289990284112189,0.7395407666861257,,,,,119.0,,,,77.0,40.0,153.0,,,,,,2.5955546218487395,,,,2.767714285714286,2.599525,2.5119150326797386,,,,,,4.195199724656952,,,,11.106327855038398,4.354585445523933,0.8375960645401893,
S004,R004,PRO,3,Image_023,74382,83782,9400,1128,1092,34,2979.409,1091,74388,83780,1440.0,1080.0,960.0,720.0,2.730897341888176,2.745,0.2810809368019136,1.930932046045304,2.6929674846941403,0.1349428304373632,2.693,zhidaoyu,2.491050095117312,2.475,1577.0,9.62835902983194,10.90909090909091,0.9680851063829788,0.0301418439716312,29,8391.0,289.3448275862069,83.0,1017.0,74388.0,317.0,10029.136223467,358.18343655239283,7,2.5216406363433186,6.0,31,988.0,31.870967741935484,5.571742346370556,0.0,0,0,0.0,0.0,0,0,0.0,0.0,0,0,0.0,0.0,0,0,0.0,0.0,0,0,0.0,0.0,0,0,0.0,0.0,0,0,0.0,242.0,1,1,242.0,541.0,2,2,541.0,117.0,1,1,117.0,0.0,0,0,0.0,0.0,0,0,0.0,0.0,0.0,0.0,0.0,0.0,0.0,0.0,0.0288404242640924,0.0644738410201406,0.0139435109045405,0.0,0.0,1.3335602538147957,0.4505358024691359,0.8285185185185185,,,,,,,,29.0,65.0,14.0,,0.0,,,,,,,,2.746241379310345,2.8808,2.8547857142857143,,,,,,,,,,10.244325663832775,15.64600830977405,14.601698291068429,,
S004,R004,PRO,4,Image_026,83782,94298,10516,1264,1166,93,3283.241,1148,83788,94297,1439.0,1080.0,1706.0,1280.0,2.859966027874565,2.841,1.2375503214151176,5.495729669513558,2.6929674846941403,0.1349428304373632,2.693,zhidaoyu,2.491050095117312,2.475,1577.0,14.8096553128483,14.78787878787879,0.9224683544303798,0.0735759493670886,31,9391.0,302.93548387096774,67.0,1017.0,83788.0,1017.0,17037.71071337348,567.9236904457827,11,0.9940302114769564,6.0,33,1292.0,39.15151515151515,9.46960302689648,0.0,0,0,0.0,0.0,0,0,0.0,0.0,0,0,0.0,0.0,0,0,0.0,0.0,0,0,0.0,0.0,0,0,0.0,0.0,0,0,0.0,2891.0,8,6,2891.0,0.0,0,0,0.0,0.0,0,0,0.0,0.0,0,0,0.0,0.0,0,0,0.0,0.0,0.0,0.0,0.0,0.0,0.0,0.0,0.3078479395165584,0.0,0.0,0.0,0.0,-0.0,1.0,0.9166666666666666,,,,,0.0,,,253.0,0.0,,,,,,,,,,,2.897675889328063,,,,,,,,,,,,16.323469166990098,,,,
S004,R004,PRO,5,Image_027,94298,103198,8900,1068,1038,26,2868.401,1036,94305,103197,810.0,1080.0,1280.0,1706.0,2.768726833976834,2.794,0.5614181134125459,3.750464166357222,2.6929674846941403,0.1349428304373632,2.693,zhidaoyu,2.491050095117312,2.475,1577.0,11.146975301853407,12.888888888888886,0.9719101123595506,0.0243445692883895,26,8160.0,313.84615384615387,75.0,700.0,94305.0,267.0,7750.989206641575,310.039568265663,10,1.8464393446710157,7.0,26,793.0,30.5,5.741473486401167,0.0,0,0,0.0,0.0,0,0,0.0,992.0,3,2,992.0,0.0,0,0,0.0,0.0,0,0,0.0,0.0,0,0,0.0,0.0,0,0,0.0,1583.0,4,4,1583.0,0.0,0,0,0.0,0.0,0,0,0.0,0.0,0,0,0.0,0.0,0,0,0.0,0.0,0.0,0.1215686274509803,0.0,0.0,0.0,0.0,0.1939950980392157,0.0,0.0,0.0,0.0,0.9616607830002972,0.5263384673390518,0.8524595469255664,,,113.0,,,,,161.0,0.0,,,,,,2.573654867256637,,,,,2.7987888198757767,,,,,,,3.316062262306114,,,,,12.353775034940554,,,,
S004,R004,PRO,6,Image_028,103198,110965,7767,932,915,17,2442.429,913,103205,110964,1620.0,1080.0,5472.0,3648.0,2.6751686746987957,2.679,-0.1318988933139854,-0.5198663200891286,2.6929674846941403,0.1349428304373632,2.693,zhidaoyu,2.491050095117312,2.475,1577.0,7.391203410255513,8.242424242424232,0.9817596566523604,0.0182403433476394,23,7315.0,318.0434782608696,108.0,608.0,103205.0,508.0,8410.420170761998,382.2918259437272,15,3.373557262275185,7.0,25,810.0,32.4,4.319686776905838,1991.0,4,4,1991.0,0.0,0,0,0.0,0.0,0,0,0.0,0.0,0,0,0.0,0.0,0,0,0.0,0.0,0,0,0.0,0.0,0,0,0.0,2949.0,8,4,2949.0,2199.0,8,4,2199.0,0.0,0,0,0.0,0.0,0,0,0.0,0.0,0,0,0.0,0.2721804511278195,0.0,0.0,0.0,0.0,0.0,0.0,0.4031442241968557,0.3006151742993848,0.0,0.0,0.0,1.5639642158692897,0.3432978083273526,0.7723654106550871,208.0,,,,,,,323.0,231.0,,,,2.683418269230769,,,,,,,2.702715170278638,2.6872770562770563,,,,7.722372765225273,,,,,,,8.497022022006288,7.877278804804765,,,
S004,R004,PRO,7,Image_029,110965,121248,10283,1234,1229,4,3435.887,1229,110972,121247,1620.0,1080.0,6000.0,4000.0,2.7956769731489013,2.797,0.7611333490031983,3.861864092090608,2.6929674846941403,0.1349428304373632,2.693,zhidaoyu,2.491050095117312,2.475,1577.0,12.228853953145576,13.010101010101014,0.9959481361426256,0.0032414910858995,29,9841.0,339.3448275862069,117.0,950.0,110972.0,608.0,11280.83705327106,402.88703761682353,14,2.378783493486176,7.0,28,1035.0,36.96428571428572,5.7939653028095295,0.0,0,0,0.0,0.0,0,0,0.0,0.0,0,0,0.0,0.0,0,0,0.0,2134.0,5,3,2134.0,0.0,0,0,0.0,0.0,0,0,0.0,2425.0,9,6,2425.0,0.0,0,0,0.0,0.0,0,0,0.0,0.0,0,0,0.0,0.0,0,0,0.0,0.0,0.0,0.0,0.0,0.2168478813128747,0.0,0.0,0.2464180469464485,0.0,0.0,0.0,0.0,0.9970590569034106,0.5020371208691715,0.8386524822695035,,,,,256.0,,,291.0,0.0,,0.0,,,,,,2.843921875,,,2.8146666666666667,,,,,,,,,14.16558344508406,,,12.9911707590174,,,,
S004,R004,PRO,8,Image_030,121248,132681,11433,1378,1229,142,3205.148,1214,121255,132680,1920.0,1079.0,2275.0,1279.0,2.6401548599670512,2.6425,-0.3913703644418752,-1.875232083178611,2.6929674846941403,0.1349428304373632,2.693,zhidaoyu,2.491050095117312,2.475,1577.0,5.985618881852236,6.767676767676766,0.8918722786647315,0.1030478955007256,33,9232.0,279.7575757575757,108.0,625.0,121255.0,625.0,16208.991832731112,506.5309947728473,14,2.263809173883546,7.0,38,1541.0,40.55263157894737,7.359637722736396,0.0,0,0,0.0,0.0,0,0,0.0,0.0,0,0,0.0,0.0,0,0,0.0,0.0,0,0,0.0,333.0,1,1,333.0,0.0,0,0,0.0,458.0,2,2,458.0,1209.0,5,5,1209.0,0.0,0,0,0.0,0.0,0,0,0.0,0.0,0,0,0.0,0.0,0.0,0.0,0.0,0.0,0.0360701906412478,0.0,0.0496100519930675,0.1309575389948007,0.0,0.0,0.0,1.3566028081394266,0.4455835000000001,0.823,0.0,,,,,9.0,,55.0,145.0,,,,,,,,,2.5,,2.7421818181818183,2.7295517241379312,,,,,,,,,0.3592824126753329,,10.08135980712505,9.574340937105404,,,
S004,R004,PRO,9,Image_031,132681,144014,11333,1362,1220,139,3340.528,1214,132689,144014,1621.0,1080.0,2731.0,1820.0,2.7516705107084016,2.713,0.4350214518548259,0.7426661715558862,2.6929674846941403,0.1349428304373632,2.693,zhidaoyu,2.491050095117312,2.475,1577.0,10.462271156326016,9.616161616161616,0.895741556534508,0.1020558002936857,26,9009.0,346.5,133.0,792.0,132689.0,333.0,9621.585327993756,384.8634131197502,11,1.676737030052133,8.0,33,1128.0,34.18181818181818,4.939643719867402,0.0,0,0,0.0,0.0,0,0,0.0,317.0,1,1,317.0,0.0,0,0,0.0,0.0,0,0,0.0,0.0,0,0,0.0,0.0,0,0,0.0,0.0,0,0,0.0,2525.0,5,5,2525.0,0.0,0,0,0.0,0.0,0,0,0.0,0.0,0,0,0.0,0.0,0.0,0.0351870351870351,0.0,0.0,0.0,0.0,0.0,0.2802752802752802,0.0,0.0,0.0,0.5045471567362168,0.8018005280201819,0.8980764719680976,,,38.0,,,,,,303.0,0.0,,,,,2.4772368421052637,,,,,,2.8274422442244225,,,,,,-0.5545152640295475,,,,,,13.504029877458942,,,
S004,R004,PRO,10,Image_002,144014,156731,12717,1525,1524,0,4083.808,1523,144022,156722,810.0,1080.0,3072.0,4096.0,2.6814235062376888,2.693,-0.0855471788981771,0.0,2.6929674846941403,0.1349428304373632,2.693,zhidaoyu,2.491050095117312,2.475,1577.0,7.642295572197721,8.808080808080806,0.999344262295082,0.0,32,12016.0,375.5,75.0,1317.0,144031.0,225.0,7315.523989434321,235.984644820462,10,2.3709505944546687,17.0,36,928.0,25.77777777777778,5.418906658840238,0.0,0,0,0.0,0.0,0,0,0.0,0.0,0,0,0.0,0.0,0,0,0.0,0.0,0,0,0.0,0.0,0,0,0.0,0.0,0,0,0.0,0.0,0,0,0.0,0.0,0,0,0.0,3783.0,8,2,3783.0,3658.0,10,5,3658.0,0.0,0,0,0.0,0.0,0.0,0.0,0.0,0.0,0.0,0.0,0.0,0.0,0.3148302263648468,0.304427430093209,0.0,0.9997964259633096,0.5001411001324021,0.8347332347802715,,,,,,,,,0.0,454.0,399.0,,,,,,,,,,,2.7094251101321585,2.6598521303258145,,,,,,,,,,,8.766383921498903,6.776340449329813,
S004,R004,PRO,11,Image_003,156731,168197,11466,1408,1362,18,3664.347,1359,156731,168189,1620.0,1080.0,5472.0,3648.0,2.696355408388521,2.702,0.0251063630679745,0.3341997772001447,2.6929674846941403,0.1349428304373632,2.693,zhidaoyu,2.491050095117312,2.475,1577.0,8.241717566163238,9.171717171717166,0.9673295454545454,0.0127840909090909,35,11203.0,320.0857142857143,117.0,1217.0,156731.0,1217.0,13857.207066759198,407.5649137282117,14,3.0930692077718893,0.0,35,1208.0,34.51428571428571,7.117218036171258,0.0,0,0,0.0,0.0,0,0,0.0,0.0,0,0,0.0,0.0,0,0,0.0,717.0,1,1,717.0,0.0,0,0,0.0,0.0,0,0,0.0,1167.0,4,3,1167.0,684.0,3,3,684.0,0.0,0,0,0.0,0.0,0,0,0.0,2017.0,4,3,2017.0,0.0,0.0,0.0,0.0,0.0640007140944389,0.0,0.0,0.1041685262876015,0.061055074533607,0.0,0.0,0.1800410604302419,1.8517244315785917,0.3050163814724654,0.7475281715739731,,,,,86.0,,,140.0,81.0,,,136.0,,,,,2.626372093023256,,,2.7099928571428573,2.76979012345679,,,2.682044117647058,,,,,5.432327441796052,,,8.789175394533174,11.18965968953555,,,7.667209218478313
S004,R004,PRO,12,Image_004,168197,174397,6200,744,744,0,2020.107,744,168198,174389,1439.0,1080.0,1706.0,1280.0,2.715197580645161,2.71,0.1647371400093721,0.6312662458224992,2.6929674846941403,0.1349428304373632,2.693,zhidaoyu,2.491050095117312,2.475,1577.0,8.998112320872215,9.49494949494949,1.0,0.0,19,6325.0,332.89473684210526,125.0,1208.0,168198.0,650.0,4932.807096253639,274.0448386807577,9,2.058813890331201,1.0,18,541.0,30.05555555555556,2.7416667529819168,0.0,0,0,0.0,0.0,0,0,0.0,2675.0,6,4,2675.0,0.0,0,0,0.0,0.0,0,0,0.0,0.0,0,0,0.0,0.0,0,0,0.0,208.0,1,1,208.0,367.0,2,1,367.0,0.0,0,0,0.0,0.0,0,0,0.0,0.0,0,0,0.0,0.0,0.0,0.4229249011857707,0.0,0.0,0.0,0.0,0.0328853754940711,0.0580237154150197,0.0,0.0,0.0,0.840335552822483,0.6943032426035501,0.8765128205128205,,,295.0,,0.0,,,25.0,44.0,,,,,,2.708206779661017,,,,,2.79816,2.780090909090909,,,,,,8.717475612768808,,,,,12.328531870340653,11.603171471346345,,,
S004,R004,PRO,13,Image_005,174397,183797,9400,1128,1128,0,3162.378,1128,174398,183790,1920.0,1080.0,960.0,540.0,2.803526595744681,2.803,0.8193033352880433,4.084663943557366,2.6929674846941403,0.1349428304373632,2.693,zhidaoyu,2.491050095117312,2.475,1577.0,12.54396694951468,13.252525252525244,1.0,0.0,31,9493.0,306.2258064516129,150.0,1208.0,174398.0,1208.0,11448.950175082327,381.63167250274427,19,3.221097250057957,1.0,30,1109.0,36.96666666666667,5.197200467895616,0.0,0,0,0.0,0.0,0,0,0.0,0.0,0,0,0.0,0.0,0,0,0.0,0.0,0,0,0.0,0.0,0,0,0.0,1375.0,5,5,1375.0,3217.0,11,7,3217.0,0.0,0,0,0.0,0.0,0,0,0.0,0.0,0,0,0.0,776.0,3,3,776.0,0.0,0.0,0.0,0.0,0.0,0.0,0.1448435689455388,0.3388812809438534,0.0,0.0,0.0,0.0817444432739913,1.349356653217001,0.4456602824931536,0.8257886239443617,,,,,0.0,,165.0,386.0,,,,93.0,,,,,,,2.804381818181818,2.803435233160622,,,,2.8007741935483867,,,,,,,12.578298753552405,12.540299316164466,,,,12.43347530578222
S004,R004,PRO,14,Image_006,183797,194780,10983,1328,1278,40,3681.991,1276,183798,194773,1439.0,1080.0,1706.0,1280.0,2.885572884012539,2.895,1.4273110968114813,7.500928332714444,2.6929674846941403,0.1349428304373632,2.693,zhidaoyu,2.491050095117312,2.475,1577.0,15.837609595588978,16.969696969696965,0.9623493975903614,0.0301204819277108,26,10467.0,402.5769230769231,75.0,808.0,183798.0,442.0,4279.88554066831,171.19542162673238,13,1.8843135277997989,1.0,28,703.0,25.107142857142858,2.378771288731335,0.0,0,0,0.0,0.0,0,0,0.0,0.0,0,0,0.0,0.0,0,0,0.0,0.0,0,0,0.0,0.0,0,0,0.0,0.0,0,0,0.0,0.0,0,0,0.0,667.0,2,2,667.0,0.0,0,0,0.0,3774.0,10,5,3774.0,0.0,0,0,0.0,0.0,0.0,0.0,0.0,0.0,0.0,0.0,0.0,0.0637240852202159,0.0,0.3605617655488679,0.0,0.6103190719265366,0.7447321155994522,0.8916347669443819,,,,,0.0,,,,80.0,,414.0,,,,,,,,,,2.9832,,2.8227294685990336,,,,,,,,,,19.756724517397224,,13.314841565484553,
S004,R004,PRO,15,Image_007,194780,203313,8533,1038,1024,0,2696.847,1020,194781,203306,1439.0,1080.0,1706.0,1280.0,2.643967647058824,2.67,-0.3631155317885586,-0.8540660972892734,2.6929674846941403,0.1349428304373632,2.693,zhidaoyu,2.491050095117312,2.475,1577.0,6.13867831246128,7.878787878787873,0.9865125240847784,0.0,28,7871.0,281.10714285714283,125.0,633.0,194781.0,375.0,8284.376009637404,306.82874109768164,12,3.2516291673878226,1.0,27,951.0,35.22222222222222,4.6044772949004855,916.0,2,2,916.0,0.0,0,0,0.0,0.0,0,0,0.0,0.0,0,0,0.0,0.0,0,0,0.0,0.0,0,0,0.0,0.0,0,0,0.0,766.0,3,3,766.0,2083.0,7,3,2083.0,0.0,0,0,0.0,0.0,0,0,0.0,0.0,0,0,0.0,0.116376572227163,0.0,0.0,0.0,0.0,0.0,0.0,0.0973192732816668,0.2646423580231228,0.0,0.0,0.0,1.4359816462318045,0.4066743914117765,0.8083001328021249,110.0,,,,,,,92.0,250.0,,,,2.7784181818181817,,,,,,,2.682913043478261,2.790816,,,,11.536021987841126,,,,,,,7.70209112763404,12.033716442325169,,,
S004,R004,PRO,16,Image_008,203313,211363,8050,966,966,0,2516.9,965,203315,211357,1440.0,1080.0,4096.0,3072.0,2.6081865284974093,2.63,-0.6282731429446632,-2.339398440401046,2.6929674846941403,0.1349428304373632,2.693,zhidaoyu,2.491050095117312,2.475,1577.0,4.702291359362711,6.262626262626254,1.0,0.0,20,7776.0,388.8,142.0,1317.0,203315.0,383.0,5311.387790254623,279.5467258028749,6,1.9182958340544891,2.0,19,590.0,31.05263157894737,2.950770994585901,0.0,0,0,0.0,0.0,0,0,0.0,0.0,0,0,0.0,0.0,0,0,0.0,0.0,0,0,0.0,0.0,0,0,0.0,0.0,0,0,0.0,0.0,0,0,0.0,167.0,1,1,167.0,0.0,0,0,0.0,2526.0,5,2,2526.0,0.0,0,0,0.0,0.0,0.0,0.0,0.0,0.0,0.0,0.0,0.0,0.0214763374485596,0.0,0.3248456790123457,0.0,0.3353830156786033,0.8836658807495441,0.906331229112514,,,,,,,,,20.0,,303.0,,,,,,,,,,2.6842,,2.6585148514851484,,,,,,,,,,7.753754340841239,,6.722657111395852,
S004,R004,PRO,17,Image_009,211363,221863,10500,1260,1215,45,3241.757,1212,211365,221857,1440.0,1080.0,4032.0,3024.0,2.6747169966996696,2.696,-0.1352460737285489,0.111399925733387,2.6929674846941403,0.1349428304373632,2.693,zhidaoyu,2.491050095117312,2.475,1577.0,7.373071378305973,8.929292929292933,0.9642857142857144,0.0357142857142857,28,10492.0,374.7142857142857,117.0,1317.0,211365.0,1317.0,8541.894133987907,316.36644940695953,13,2.815072410115944,2.0,29,1018.0,35.10344827586207,4.745496741104393,0.0,0,0,0.0,0.0,0,0,0.0,0.0,0,0,0.0,0.0,0,0,0.0,0.0,0,0,0.0,0.0,0,0,0.0,0.0,0,0,0.0,1742.0,5,3,1742.0,2083.0,6,4,2083.0,0.0,0,0,0.0,0.0,0,0,0.0,142.0,1,1,142.0,0.0,0.0,0.0,0.0,0.0,0.0,0.0,0.1660312619138391,0.1985322150209683,0.0,0.0,0.0135341212352268,1.1813394103717605,0.4698211340102353,0.831547769095034,,,,,0.0,,,209.0,250.0,,,17.0,,,,,,,,2.692937799043062,2.702504,,,2.5005882352941176,,,,,,,,8.1045220375724,8.488544862953887,,,0.3828963614783117
S004,R004,PRO,18,Image_010,221863,234279,12416,1500,1490,0,3939.522,1486,221865,234274,1440.0,1080.0,1600.0,1200.0,2.651091520861373,2.662,-0.3103237400389726,-1.1511325659116278,2.6929674846941403,0.1349428304373632,2.693,zhidaoyu,2.491050095117312,2.475,1577.0,6.4246570575901885,7.555555555555548,0.9933333333333332,0.0,38,12111.0,318.7105263157895,100.0,900.0,221865.0,900.0,11723.0311133876,316.8386787402054,9,2.725480556997868,2.0,37,1208.0,32.648648648648646,6.512795062993111,0.0,0,0,0.0,0.0,0,0,0.0,0.0,0,0,0.0,0.0,0,0,0.0,0.0,0,0,0.0,0.0,0,0,0.0,0.0,0,0,0.0,192.0,1,1,192.0,375.0,2,2,375.0,708.0,4,2,708.0,0.0,0,0,0.0,0.0,0,0,0.0,0.0,0.0,0.0,0.0,0.0,0.0,0.0,0.0158533564528114,0.0309635868218974,0.0584592519197423,0.0,0.0,1.4018442187141102,0.4175335640138408,0.8174509803921569,,,,,,,,23.0,45.0,85.0,0.0,,,,,,,,,2.633521739130434,2.6783333333333337,2.722047058823529,,,,,,,,,,5.719340782924474,7.518244558112854,9.273075806825144,,
S004,R004,PRO,19,Image_011,234279,244679,10400,1252,1225,23,3474.697,1224,234282,244674,1440.0,1080.0,960.0,720.0,2.838804738562092,2.8485,1.0807336217513603,5.77422948384701,2.6929674846941403,0.1349428304373632,2.693,zhidaoyu,2.491050095117312,2.475,1577.0,13.960162588717568,15.090909090909088,0.9784345047923324,0.0183706070287539,28,10008.0,357.42857142857144,100.0,817.0,234282.0,792.0,10216.012223936052,378.37082310874274,14,3.182005814760214,3.0,29,1017.0,35.06896551724138,5.675562346631141,0.0,0,0,0.0,0.0,0,0,0.0,0.0,0,0,0.0,0.0,0,0,0.0,0.0,0,0,0.0,0.0,0,0,0.0,0.0,0,0,0.0,516.0,2,2,516.0,1975.0,5,4,1975.0,0.0,0,0,0.0,0.0,0,0,0.0,508.0,3,3,508.0,0.0,0.0,0.0,0.0,0.0,0.0,0.0,0.0515587529976019,0.1973421262989608,0.0,0.0,0.0507593924860111,1.26762891552712,0.4919884932189801,0.8315271757252417,,,,,,,,62.0,237.0,,,61.0,,,,,,,,2.8698548387096774,2.857649789029536,,,2.8777377049180326,,,,,,,,15.206628896578934,14.716672885494908,,,15.523076414989196
S004,R004,PRO,20,Image_013,244679,260896,16217,1953,1906,40,5168.715,1891,244682,260891,1920.0,1080.0,3840.0,2160.0,2.733323638286621,2.734,0.2990611169313866,1.5224656516895627,2.6929674846941403,0.1349428304373632,2.693,zhidaoyu,2.491050095117312,2.475,1577.0,9.72575957601929,10.46464646464646,0.9759344598054276,0.0204813108038914,49,14773.0,301.4897959183673,75.0,775.0,244682.0,567.0,11377.730128129955,237.03604433604076,11,2.913977073182752,3.0,50,1449.0,28.98,5.16487044150158,0.0,0,0,0.0,0.0,0,0,0.0,0.0,0,0,0.0,0.0,0,0,0.0,0.0,0,0,0.0,0.0,0,0,0.0,0.0,0,0,0.0,592.0,2,2,592.0,850.0,3,2,850.0,0.0,0,0,0.0,433.0,1,1,433.0,250.0,1,1,250.0,0.0,0.0,0.0,0.0,0.0,0.0,0.0,0.0400731063426521,0.0575373993095512,0.0,0.0293102281188654,0.0169227645028091,1.873306282634386,0.2929722906574394,0.7434901960784314,,,,,0.0,,,71.0,83.0,,51.0,30.0,,,,,,,,2.785619718309859,2.739843373493976,,2.609156862745098,2.8622,,,,,,,,11.825118401670508,9.987485954791625,,4.741244178882107,14.899335248623736
S004,R004,PRO,21,Image_014,260896,269112,8216,991,934,52,2546.725,910,260899,269107,1440.0,1080.0,4032.0,3024.0,2.798598901098901,2.779,0.7827864293523314,3.1934645376903026,2.6929674846941403,0.1349428304373632,2.693,zhidaoyu,2.491050095117312,2.475,1577.0,12.346150990074978,12.282828282828277,0.9424823410696268,0.0524722502522704,26,7299.0,280.7307692307692,83.0,492.0,260899.0,408.0,7553.493817106256,302.13975268425025,13,3.0269868333592878,3.0,27,843.0,31.22222222222222,4.19638545394792,0.0,0,0,0.0,0.0,0,0,0.0,592.0,2,1,592.0,0.0,0,0,0.0,217.0,1,1,217.0,0.0,0,0,0.0,0.0,0,0,0.0,433.0,2,2,433.0,499.0,3,3,499.0,0.0,0,0,0.0,0.0,0,0,0.0,0.0,0,0,0.0,0.0,0.0,0.0811070009590354,0.0,0.0297301000137005,0.0,0.0,0.0593231949582134,0.0683655295245924,0.0,0.0,0.0,1.919606996248025,0.2751635472625113,0.7236741336396707,,,71.0,,26.0,0.0,,52.0,56.0,,,,,,2.613549295774648,,2.712961538461539,,,2.7571153846153846,2.889642857142857,,,,,,4.917572749638662,,8.908349285275092,,,10.680848611578943,16.00099342870801,,,
S004,R004,PRO,22,Image_015,269112,276562,7450,894,871,23,2231.281,868,269116,276557,1440.0,1080.0,4032.0,3024.0,2.5706002304147466,2.581,-0.9068081192812474,-4.158930560712963,2.6929674846941403,0.1349428304373632,2.693,zhidaoyu,2.491050095117312,2.475,1577.0,3.1934377977127357,4.2828282828282775,0.9742729306487696,0.0257270693512304,23,6767.0,294.2173913043478,117.0,475.0,269116.0,358.0,6752.509582836731,306.932253765306,10,2.3709505944546687,4.0,24,719.0,29.95833333333333,3.7513942126870727,0.0,0,0,0.0,0.0,0,0,0.0,0.0,0,0,0.0,0.0,0,0,0.0,0.0,0,0,0.0,0.0,0,0,0.0,0.0,0,0,0.0,0.0,0,0,0.0,200.0,1,1,200.0,125.0,1,1,125.0,2592.0,9,6,2592.0,0.0,0,0,0.0,0.0,0.0,0.0,0.0,0.0,0.0,0.0,0.0,0.0295551943254026,0.0184719964533766,0.3830353184572188,0.0,0.6112688203617865,0.7961190938088392,0.8909553193920695,,,,,0.0,,,,24.0,15.0,278.0,,,,,,,,,,2.623875,2.5878,2.546701438848921,,,,,,,,,,5.332084856223394,3.8839004110084954,2.234051568882187,
S004,R004,PRO,23,Image_016,276562,299945,23383,2806,2782,24,7143.007,2767,276566,299941,1440.0,1080.0,4032.0,3024.0,2.581498735092157,2.596,-0.8260442532641536,-3.601930932046044,2.6929674846941403,0.1349428304373632,2.693,zhidaoyu,2.491050095117312,2.475,1577.0,3.6309442412311808,4.888888888888888,0.9914468995010692,0.0085531004989308,59,21760.0,368.8135593220339,125.0,983.0,276566.0,375.0,15998.317250119562,275.8330560365442,17,1.9328045775391225,4.0,59,1831.0,31.033898305084747,8.8879540278442,0.0,0,0,0.0,0.0,0,0,0.0,0.0,0,0,0.0,0.0,0,0,0.0,0.0,0,0,0.0,0.0,0,0,0.0,0.0,0,0,0.0,0.0,0,0,0.0,1424.0,5,3,1424.0,0.0,0,0,0.0,6034.0,18,6,6034.0,0.0,0,0,0.0,0.0,0.0,0.0,0.0,0.0,0.0,0.0,0.0,0.0654411764705882,0.0,0.277297794117647,0.0,0.7034252059442831,0.6910412262365502,0.8848440153749888,,,,,,,,,170.0,,696.0,,,,,,,,,,2.6820176470588235,,2.512640804597701,,,,,,,,,,7.666146590782185,,0.8667312440929853,
S004,R004,PRO,24,Image_017,299945,318878,18933,2272,2204,68,5816.172,2194,299949,318875,1440.0,1080.0,4032.0,3024.0,2.6509443938012764,2.672,-0.3114140318286104,-0.7797994801336764,2.6929674846941403,0.1349428304373632,2.693,zhidaoyu,2.491050095117312,2.475,1577.0,6.418750831120286,7.959595959595962,0.9700704225352113,0.0299295774647887,54,17659.0,327.01851851851853,67.0,900.0,299949.0,842.0,11492.054147563827,216.83121033139295,9,2.4193819456463714,4.0,54,1477.0,27.35185185185185,6.3844745264243485,0.0,0,0,0.0,0.0,0,0,0.0,0.0,0,0,0.0,0.0,0,0,0.0,975.0,3,1,975.0,0.0,0,0,0.0,0.0,0,0,0.0,0.0,0,0,0.0,250.0,1,1,250.0,0.0,0,0,0.0,10900.0,33,3,10900.0,0.0,0,0,0.0,0.0,0.0,0.0,0.0,0.0552126394473073,0.0,0.0,0.0,0.0141570870377711,0.0,0.6172489948468203,0.0,0.5460093224616216,0.8150366670209375,0.8963917525773196,,,,,117.0,,,,30.0,,1457.0,,,,,,2.681239316239316,,,,2.7848,,2.646711736444749,,,,,,7.634901501772018,,,,11.792211865127296,,6.248836249120374,
S004,R004,PRO,25,Image_018,318878,333728,14850,1782,1761,21,4654.778,1749,318883,333725,1440.0,1080.0,3648.0,2736.0,2.6613939393939394,2.659,-0.2339771975870656,-1.262532491645015,2.6929674846941403,0.1349428304373632,2.693,zhidaoyu,2.491050095117312,2.475,1577.0,6.838234390007562,7.434343434343423,0.9882154882154882,0.0117845117845117,39,14144.0,362.6666666666667,67.0,1975.0,318883.0,900.0,12478.744438499562,328.3880115394621,21,3.236857303422074,5.0,41,1360.0,33.170731707317074,6.932635799166423,0.0,0,0,0.0,3117.0,3,1,3117.0,2534.0,6,4,2534.0,0.0,0,0,0.0,0.0,0,0,0.0,0.0,0,0,0.0,0.0,0,0,0.0,0.0,0,0,0.0,2250.0,9,5,2250.0,0.0,0,0,0.0,1133.0,5,3,1133.0,0.0,0,0,0.0,0.0,0.2203761312217194,0.1791572398190045,0.0,0.0,0.0,0.0,0.0,0.1590780542986425,0.0,0.0801046380090497,0.0,1.919225748180196,0.2754829625752985,0.7241900966718323,,373.0,304.0,,,,,,244.0,,132.0,,,2.610734584450402,2.7395263157894734,,,,,,2.7705,,2.492992424242424,,,4.804579786158597,9.974758081308698,,,,,,11.218156769726791,,0.0779723028822163,
S004,R004,PRO,26,Image_019,333728,350627,16899,2068,1914,117,5048.553,1899,333733,350625,1439.0,1080.0,1706.0,1280.0,2.6585323854660348,2.644,-0.2551828734916697,-1.819532120311917,2.6929674846941403,0.1349428304373632,2.693,zhidaoyu,2.491050095117312,2.475,1577.0,6.723360990491689,6.82828282828283,0.925531914893617,0.0565764023210831,48,14615.0,304.4791666666667,117.0,900.0,333733.0,433.0,14138.028037928883,300.80910718997626,13,1.914341183612352,5.0,53,1586.0,29.92452830188679,7.857952007439033,0.0,0,0,0.0,0.0,0,0,0.0,0.0,0,0,0.0,0.0,0,0,0.0,666.0,2,1,666.0,0.0,0,0,0.0,0.0,0,0,0.0,0.0,0,0,0.0,433.0,1,1,433.0,0.0,0,0,0.0,3876.0,13,5,3876.0,0.0,0,0,0.0,0.0,0.0,0.0,0.0,0.0455696202531645,0.0,0.0,0.0,0.0296270954498802,0.0,0.2652069791310297,0.0,0.9755030591555622,0.6324858867200323,0.8653433835845896,,,,,80.0,,,,26.0,,462.0,,,,,,2.6086625000000003,,,,2.724615384615385,,2.5814761904761907,,,,,,4.72139862274228,,,,9.376177940214172,,3.630039216638913,
S004,R004,PRO,27,Image_020,350627,358677,8050,966,945,21,2529.352,942,350633,358675,1439.0,1080.0,1706.0,1280.0,2.685087048832272,2.6795,-0.0583983293986586,-0.5012996658002253,2.6929674846941403,0.1349428304373632,2.693,zhidaoyu,2.491050095117312,2.475,1577.0,7.789363774549971,8.26262626262626,0.9782608695652174,0.0217391304347826,24,7348.0,306.1666666666667,108.0,825.0,350633.0,383.0,8395.744381245666,365.0323644019855,12,3.084962500721156,6.0,26,877.0,33.73076923076923,4.666376119609038,774.0,3,2,774.0,0.0,0,0,0.0,0.0,0,0,0.0,0.0,0,0,0.0,0.0,0,0,0.0,0.0,0,0,0.0,0.0,0,0,0.0,1584.0,6,3,1584.0,2782.0,8,5,2782.0,0.0,0,0,0.0,0.0,0,0,0.0,0.0,0,0,0.0,0.1053347849755035,0.0,0.0,0.0,0.0,0.0,0.0,0.2155688622754491,0.3786064235166032,0.0,0.0,0.0,1.4139852881477026,0.4105912277248709,0.8151102464332036,93.0,,,,,,,190.0,289.0,,,,2.602344086021506,,,,,,,2.660347368421053,2.737273356401384,,,,4.467754025595113,,,,,,,6.796221145274418,9.88431592631128,,,
S004,R004,PRO,28,Image_021,358677,371194,12517,1502,1502,0,3954.196,1502,358684,371192,1440.0,1080.0,4032.0,3024.0,2.6326205059920107,2.627,-0.4472040382326275,-2.450798366134433,2.6929674846941403,0.1349428304373632,2.693,zhidaoyu,2.491050095117312,2.475,1577.0,5.683161938500974,6.141414141414129,1.0,0.0,40,12284.0,307.1,108.0,825.0,358684.0,825.0,11800.109444218748,302.56690882612173,5,2.321928094887362,7.0,39,1170.0,30.0,6.5556163578993045,0.0,0,0,0.0,0.0,0,0,0.0,0.0,0,0,0.0,1192.0,3,2,1192.0,0.0,0,0,0.0,0.0,0,0,0.0,0.0,0,0,0.0,175.0,1,1,175.0,992.0,2,1,992.0,0.0,0,0,0.0,0.0,0,0,0.0,0.0,0,0,0.0,0.0,0.0,0.0,0.0970367958319765,0.0,0.0,0.0,0.0142461738847281,0.0807554542494301,0.0,0.0,0.0,1.3015546329277483,0.4376648844782125,0.8218524798643493,,,,110.0,,,,21.0,40.0,,,,,,,2.6698636363636363,,,,2.701619047619048,2.723625,,,,,,,7.1782394740602,,,,8.453019588585194,9.336420224489132,,,
S004,R004,PRO,29,Image_022,371194,382293,11099,1332,1332,0,3515.06,1331,371200,382292,1620.0,1080.0,5472.0,3648.0,2.6409166040571,2.643,-0.3857254251177214,-1.856665428889724,2.6929674846941403,0.1349428304373632,2.693,zhidaoyu,2.491050095117312,2.475,1577.0,6.016198117955981,6.7878787878787765,1.0,0.0,32,10537.0,329.28125,92.0,667.0,371200.0,642.0,10960.95851464468,353.579306924022,9,1.7527152789797045,6.0,32,1096.0,34.25,5.629672073046296,0.0,0,0,0.0,0.0,0,0,0.0,0.0,0,0,0.0,0.0,0,0,0.0,0.0,0,0,0.0,0.0,0,0,0.0,0.0,0,0,0.0,267.0,1,1,267.0,2409.0,9,4,2409.0,0.0,0,0,0.0,0.0,0,0,0.0,0.0,0,0,0.0,0.0,0.0,0.0,0.0,0.0,0.0,0.0,0.0253392806301603,0.2286229477080763,0.0,0.0,0.0,0.4682844448727566,0.8203588449395725,0.9000373692077728,,,,,,,,32.0,289.0,,,,,,,,,,,2.825625,2.708003460207612,,,,,,,,,,,13.431078946926297,8.709313614991103,,,
S004,R004,PRO,30,Image_024,382293,393827,11534,1384,1331,46,2389.091,916,382301,393826,1440.0,1080.0,4032.0,3024.0,2.6081779475982536,2.607,-0.6283367320892503,-3.1934645376903026,2.6929674846941403,0.1349428304373632,2.693,zhidaoyu,2.491050095117312,2.475,1577.0,4.701946890210023,5.3333333333333375,0.9617052023121389,0.0332369942196531,33,10048.0,304.4848484848485,142.0,925.0,382301.0,275.0,7084.265223718468,221.3832882412021,13,2.815072410115944,8.0,34,1000.0,29.41176470588235,3.935702902065816,0.0,0,0,0.0,0.0,0,0,0.0,0.0,0,0,0.0,0.0,0,0,0.0,525.0,2,2,525.0,0.0,0,0,0.0,0.0,0,0,0.0,683.0,3,2,683.0,2158.0,6,4,2158.0,0.0,0,0,0.0,0.0,0,0,0.0,0.0,0,0,0.0,0.0,0.0,0.0,0.0,0.052249203821656,0.0,0.0,0.0679737261146496,0.2147691082802547,0.0,0.0,0.0,1.296193561470219,0.4765312416041157,0.8308575955634779,,,,,46.0,0.0,,82.0,222.0,,,0.0,,,,,2.698021739130435,,,2.6703414634146343,2.640441441441441,,,,,,,,8.308610269171506,,,7.197421226042408,5.997123326301255,,,
S004,R004,PRO,31,Image_025,393827,404026,10199,1229,1224,0,0.0,0,393834,404026,1620.0,1080.0,5472.0,3648.0,,,,,,,,,,,,,,0.9959316517493898,0.0,34,9366.0,275.47058823529414,83.0,533.0,393834.0,508.0,10902.716960222117,330.3853624309732,8,2.5,7.0,37,1228.0,33.189189189189186,5.599758552984575,0.0,0,0,0.0,0.0,0,0,0.0,0.0,0,0,0.0,0.0,0,0,0.0,0.0,0,0,0.0,0.0,0,0,0.0,0.0,0,0,0.0,1092.0,3,3,1092.0,1141.0,4,2,1141.0,0.0,0,0,0.0,0.0,0,0,0.0,442.0,1,1,442.0,0.0,0.0,0.0,0.0,0.0,0.0,0.0,0.116591928251121,0.1218236173393124,0.0,0.0,0.0471919709587871,1.481160739098908,0.3758873613416019,0.7935514018691588,,,,,,,,0.0,0.0,,,0.0,,,,,,,,,,,,,,,,,,,,,,,,
S005,R005,PRO,1,Image_001,111608,122391,10783,1294,1294,0,4143.235,1294,111616,122391,1440.0,1080.0,4032.0,3024.0,3.201881761978361,3.221,0.3166391700564713,2.579617834394903,3.146115584468721,0.1761190111119064,3.14,zhidaoyu,2.960911954187545,2.882,1397.0,8.13836451469011,11.762664816099928,1.0,0.0,32,10032.0,313.5,67.0,783.0,111616.0,242.0,7929.774820214949,255.7991877488693,7,2.5216406363433186,8.0,31,958.0,30.90322580645161,4.405430455674972,0.0,0,0,0.0,0.0,0,0,0.0,0.0,0,0,0.0,0.0,0,0,0.0,0.0,0,0,0.0,0.0,0,0,0.0,0.0,0,0,0.0,67.0,1,1,67.0,1417.0,5,2,1417.0,0.0,0,0,0.0,0.0,0,0,0.0,383.0,1,1,383.0,0.0,0.0,0.0,0.0,0.0,0.0,0.0,0.0066786283891547,0.1412480063795853,0.0,0.0,0.0381778309409888,0.9430632194823554,0.6194089604666394,0.8705141938939475,,,,,0.0,,,8.0,170.0,,0.0,46.0,,,,,,,,3.294875,3.300335294117647,,,3.2718478260869563,,,,,,,,11.279060336128524,11.463472915838118,,,10.50135487681971
S005,R005,PRO,2,Image_012,122391,133258,10867,1304,1294,10,4003.14,1294,122399,133257,1440.0,1080.0,4032.0,3024.0,3.093616692426584,3.09,-0.2980875926493764,-1.5923566878980977,3.146115584468721,0.1761190111119064,3.14,zhidaoyu,2.960911954187545,2.882,1397.0,4.481887347286978,7.217210270645376,0.9923312883435584,0.0076687116564417,31,10525.0,339.51612903225805,75.0,783.0,122399.0,783.0,8298.689259531902,276.6229753177301,9,2.5032583347756456,8.0,32,1020.0,31.875,4.610382921962168,0.0,0,0,0.0,0.0,0,0,0.0,0.0,0,0,0.0,0.0,0,0,0.0,1233.0,3,2,1233.0,0.0,0,0,0.0,0.0,0,0,0.0,0.0,0,0,0.0,0.0,0,0,0.0,1141.0,4,2,1141.0,1716.0,6,2,1716.0,0.0,0,0,0.0,0.0,0.0,0.0,0.0,0.1171496437054631,0.0,0.0,0.0,0.0,0.1084085510688836,0.1630403800475059,0.0,1.5610595189627774,0.3447388525893556,0.7734311328443357,,,,,148.0,,,,0.0,137.0,206.0,,,,,,3.144378378378378,,,,,3.16978102189781,3.049106796116505,,,,,,6.196280977938611,,,,,7.054214071271758,2.9786377742245325,
S005,R005,PRO,3,Image_023,133258,142874,9616,1154,1139,15,3733.744,1138,133266,142874,1440.0,1080.0,960.0,720.0,3.280970123022847,3.329,0.7657012022878045,6.019108280254779,3.146115584468721,0.1761190111119064,3.14,zhidaoyu,2.960911954187545,2.882,1397.0,10.809445663612244,15.510062456627344,0.987001733102253,0.0129982668977469,28,8826.0,315.2142857142857,100.0,775.0,133266.0,775.0,9644.060385773571,357.18742169531754,8,3.0,8.0,30,1185.0,39.5,5.357811325429763,0.0,0,0,0.0,0.0,0,0,0.0,0.0,0,0,0.0,0.0,0,0,0.0,0.0,0,0,0.0,0.0,0,0,0.0,0.0,0,0,0.0,292.0,1,1,292.0,467.0,1,1,467.0,692.0,1,1,692.0,0.0,0,0,0.0,983.0,4,1,983.0,0.0,0.0,0.0,0.0,0.0,0.0,0.0,0.033084069793791,0.0529118513482891,0.0784047133469295,0.0,0.1113754815318377,1.8681518778596689,0.2951385770875349,0.7453437414407011,,,,,,,,35.0,56.0,83.0,,118.0,,,,,,,,3.145142857142857,3.3206964285714284,3.4548192771084336,,3.320720338983051,,,,,,,,6.222100008571986,12.151137215513932,16.68091893858471,,12.151944750894671
S005,R005,PRO,4,Image_026,142874,151258,8384,1005,993,12,3292.808,993,142883,151249,1439.0,1080.0,1706.0,1280.0,3.3160201409869083,3.362,0.96471445896451,7.070063694267514,3.146115584468721,0.1761190111119064,3.14,zhidaoyu,2.960911954187545,2.882,1397.0,11.993203185158638,16.65510062456627,0.9880597014925372,0.0119402985074626,27,7498.0,277.7037037037037,92.0,667.0,142916.0,258.0,9123.873487434495,350.9182110551729,9,1.7527152789797045,42.0,28,1036.0,37.0,5.071072132115282,0.0,0,0,0.0,0.0,0,0,0.0,0.0,0,0,0.0,0.0,0,0,0.0,217.0,1,1,217.0,0.0,0,0,0.0,0.0,0,0,0.0,2558.0,10,4,2558.0,0.0,0,0,0.0,0.0,0,0,0.0,0.0,0,0,0.0,0.0,0,0,0.0,0.0,0.0,0.0,0.0,0.0289410509469191,0.0,0.0,0.3411576420378767,0.0,0.0,0.0,0.0,0.3957983907267479,0.855833520006493,0.9036336336336336,,,,,26.0,,,340.0,0.0,,,,,,,,3.196192307692308,,,3.3238852941176478,,,,,,,,,7.946212421886154,,,12.25883597844773,,,,
S005,R005,PRO,5,Image_027,151258,158291,7033,844,844,0,2668.756,844,151258,158283,810.0,1080.0,1280.0,1706.0,3.1620331753554503,3.172,0.090379742574271,1.019108280254778,3.146115584468721,0.1761190111119064,3.14,zhidaoyu,2.960911954187545,2.882,1397.0,6.792543117787229,10.062456627342124,1.0,0.0,21,7002.0,333.42857142857144,117.0,717.0,151258.0,667.0,4576.790867783063,228.83954338915316,10,1.9709505944546688,0.0,21,682.0,32.476190476190474,3.390215457617084,0.0,0,0,0.0,0.0,0,0,0.0,2701.0,8,4,2701.0,0.0,0,0,0.0,0.0,0,0,0.0,0.0,0,0,0.0,0.0,0,0,0.0,1267.0,4,2,1267.0,0.0,0,0,0.0,0.0,0,0,0.0,0.0,0,0,0.0,0.0,0,0,0.0,0.0,0.0,0.3857469294487289,0.0,0.0,0.0,0.0,0.1809483004855755,0.0,0.0,0.0,0.0,0.903623452705392,0.5653017740716051,0.8634492607526881,,,239.0,,,,,152.0,0.0,,,,,,3.1221506276150626,,,,,3.230059210526316,,,,,,,5.445574739211068,,,,,9.090012148389707,,,,
S005,R005,PRO,6,Image_028,158291,166641,8350,1002,1002,0,3154.442,1002,158291,166633,1620.0,1080.0,5472.0,3648.0,3.148145708582834,3.1185,0.0115270015502371,-0.6847133757961807,3.146115584468721,0.1761190111119064,3.14,zhidaoyu,2.960911954187545,2.882,1397.0,6.323516446697757,8.206106870229005,1.0,0.0,22,8333.0,378.77272727272725,117.0,1133.0,158291.0,717.0,7153.033345360529,340.6206354933585,8,2.1556390622295662,0.0,21,759.0,36.142857142857146,3.673878703960271,2250.0,2,2,2250.0,0.0,0,0,0.0,0.0,0,0,0.0,0.0,0,0,0.0,0.0,0,0,0.0,0.0,0,0,0.0,0.0,0,0,0.0,2250.0,2,2,2250.0,3349.0,11,3,3349.0,0.0,0,0,0.0,0.0,0,0,0.0,0.0,0,0,0.0,0.2700108004320173,0.0,0.0,0.0,0.0,0.0,0.0,0.2700108004320173,0.4018960758430337,0.0,0.0,0.0,1.5577534083666742,0.3464033297232882,0.7733363061111819,232.0,,,,,,,232.0,402.0,,,,3.0094870689655173,,,,,,,3.0094870689655173,3.24792039800995,,,,1.6405457348798873,,,,,,,1.6405457348798873,9.693244792925915,,,
S005,R005,PRO,7,Image_029,166641,173624,6983,838,815,23,2513.171,812,166641,173616,1620.0,1080.0,6000.0,4000.0,3.0950381773399016,3.1025,-0.2900164315388112,-1.1942675159235698,3.146115584468721,0.1761190111119064,3.14,zhidaoyu,2.960911954187545,2.882,1397.0,4.529895695232185,7.650936849410128,0.9725536992840096,0.0274463007159904,21,7025.0,334.5238095238095,125.0,1117.0,166641.0,1117.0,7513.946094707797,375.6973047353898,9,2.5032583347756456,0.0,21,827.0,39.38095238095238,3.859247567740934,0.0,0,0,0.0,0.0,0,0,0.0,0.0,0,0,0.0,0.0,0,0,0.0,400.0,1,1,400.0,0.0,0,0,0.0,0.0,0,0,0.0,1308.0,4,2,1308.0,0.0,0,0,0.0,0.0,0,0,0.0,1434.0,4,2,1434.0,0.0,0,0,0.0,0.0,0.0,0.0,0.0,0.0569395017793594,0.0,0.0,0.1861921708185053,0.0,0.0,0.2041281138790035,0.0,1.4213701539193035,0.3978074108169191,0.8048482919584129,,,,,48.0,,,157.0,0.0,,172.0,,,,,,3.036583333333333,,,3.089254777070064,,,3.111779069767442,,,,,,2.5556781260843704,,,4.334570729163575,,,5.095292190857935,
S005,R005,PRO,8,Image_030,173624,180957,7333,880,880,0,2674.184,880,173625,180950,1920.0,1079.0,2275.0,1279.0,3.038845454545455,3.078,-0.6090775166521143,-1.9745222929936392,3.146115584468721,0.1761190111119064,3.14,zhidaoyu,2.960911954187545,2.882,1397.0,2.632077601891897,6.80083275503122,1.0,0.0,22,7008.0,318.54545454545456,100.0,742.0,173625.0,450.0,8622.804728658723,410.6097489837487,8,2.5,1.0,21,828.0,39.42857142857143,3.915155218270832,217.0,1,1,217.0,0.0,0,0,0.0,0.0,0,0,0.0,0.0,0,0,0.0,0.0,0,0,0.0,0.0,0,0,0.0,0.0,0,0,0.0,267.0,1,1,267.0,925.0,3,3,925.0,0.0,0,0,0.0,0.0,0,0,0.0,0.0,0,0,0.0,0.0309646118721461,0.0,0.0,0.0,0.0,0.0,0.0,0.0380993150684931,0.1319920091324201,0.0,0.0,0.0,1.26899119088066,0.4906121601929399,0.8337473385379702,26.0,,,,,0.0,,32.0,111.0,,,,3.152653846153846,,,,,,,2.8056875,3.06072972972973,,,,6.475771483009664,,,,,,,-5.242454236709566,3.3711835098985343,,,
S005,R005,PRO,9,Image_031,180957,187640,6683,802,790,12,2453.468,790,180958,187633,1621.0,1080.0,2731.0,1820.0,3.1056556962025312,3.11,-0.2297303852136747,-0.9554140127388614,3.146115584468721,0.1761190111119064,3.14,zhidaoyu,2.960911954187545,2.882,1397.0,4.888485178030333,7.91117279666897,0.9850374064837906,0.0149625935162094,23,5935.0,258.0434782608696,100.0,458.0,180958.0,408.0,7888.539502882088,358.56997740373123,6,1.9182958340544891,1.0,24,925.0,38.54166666666666,4.049912076439751,0.0,0,0,0.0,0.0,0,0,0.0,0.0,0,0,0.0,0.0,0,0,0.0,0.0,0,0,0.0,0.0,0,0,0.0,0.0,0,0,0.0,0.0,0,0,0.0,734.0,3,2,734.0,333.0,1,1,333.0,0.0,0,0,0.0,0.0,0,0,0.0,0.0,0.0,0.0,0.0,0.0,0.0,0.0,0.0,0.1236731255265374,0.0561078348778433,0.0,0.0,0.8955712594920459,0.5706203573332724,0.8646516713527023,,,0.0,,,,,,88.0,40.0,,,,,,,,,,,3.0973295454545453,3.3296,,,,,,,,,,,4.607282937747218,12.451840902970076,,
S005,R005,PRO,10,Image_002,187640,193974,6334,760,760,0,2516.79,760,187642,193967,810.0,1080.0,3072.0,4096.0,3.311565789473684,3.285,0.9394227457922508,4.617834394904459,3.146115584468721,0.1761190111119064,3.14,zhidaoyu,2.960911954187545,2.882,1397.0,11.84276468573198,13.983344899375432,1.0,0.0,19,6149.0,323.63157894736844,167.0,875.0,187642.0,358.0,4627.173674814605,257.0652041563669,7,2.5216406363433186,2.0,18,618.0,34.333333333333336,3.427536055418226,0.0,0,0,0.0,0.0,0,0,0.0,0.0,0,0,0.0,0.0,0,0,0.0,0.0,0,0,0.0,0.0,0,0,0.0,0.0,0,0,0.0,0.0,0,0,0.0,0.0,0,0,0.0,1658.0,4,2,1658.0,1533.0,5,3,1533.0,0.0,0,0,0.0,0.0,0.0,0.0,0.0,0.0,0.0,0.0,0.0,0.0,0.2696373394047812,0.2493088307041795,0.0,0.99889281017594,0.5007672491605926,0.8365977227619346,,,,,,,,,0.0,199.0,169.0,,,,,,,,,,,3.290457286432161,3.2070532544378696,,,,,,,,,,,11.129859223897164,8.313023286701018,
S005,R005,PRO,11,Image_003,193974,200690,6716,806,806,0,2503.929,806,193975,200683,1620.0,1080.0,5472.0,3648.0,3.1066116625310176,3.074,-0.2243024287287331,-2.1019108280254866,3.146115584468721,0.1761190111119064,3.14,zhidaoyu,2.960911954187545,2.882,1397.0,4.920771390632312,6.662040249826499,1.0,0.0,24,6017.0,250.70833333333331,67.0,533.0,193975.0,533.0,8785.33799275118,381.9712170761383,9,2.725480556997868,1.0,24,943.0,39.29166666666666,4.512248804151889,0.0,0,0,0.0,0.0,0,0,0.0,0.0,0,0,0.0,0.0,0,0,0.0,0.0,0,0,0.0,0.0,0,0,0.0,0.0,0,0,0.0,725.0,3,2,725.0,1026.0,4,3,1026.0,0.0,0,0,0.0,0.0,0,0,0.0,158.0,1,1,158.0,0.0,0.0,0.0,0.0,0.0,0.0,0.0,0.1204919395047365,0.1705168688715306,0.0,0.0,0.0262589330231012,1.3094355816003835,0.4399400046264271,0.8257813864152261,,,,,0.0,,,87.0,123.0,,,19.0,,,,,,,,3.0496206896551725,3.0297642276422763,,,3.0574736842105263,,,,,,,,2.995993695191413,2.3253738888572952,,,3.26121585231255
S005,R005,PRO,12,Image_004,200690,207623,6933,832,815,17,2626.543,815,200692,207617,1439.0,1080.0,1706.0,1280.0,3.2227521472392637,3.24,0.4351407737682972,3.184713375796181,3.146115584468721,0.1761190111119064,3.14,zhidaoyu,2.960911954187545,2.882,1397.0,8.843227934603199,12.421929215822349,0.9795673076923076,0.0204326923076923,20,6258.0,312.9,92.0,917.0,200708.0,208.0,7885.286224987233,415.0150644730123,11,2.913977073182752,18.0,21,783.0,37.285714285714285,4.382662175703733,0.0,0,0,0.0,0.0,0,0,0.0,2101.0,6,2,2101.0,0.0,0,0,0.0,883.0,1,1,883.0,0.0,0,0,0.0,0.0,0,0,0.0,417.0,1,1,417.0,1166.0,4,3,1166.0,0.0,0,0,0.0,0.0,0,0,0.0,0.0,0,0,0.0,0.0,0.0,0.3357302652604666,0.0,0.1410993927772451,0.0,0.0,0.0666347075743049,0.1863215084691594,0.0,0.0,0.0,1.791867906620117,0.3225381060970474,0.7640135756514123,,,224.0,,106.0,,,50.0,140.0,,,,,,3.1577589285714285,,3.227990566037736,,,3.39048,3.250985714285714,,,,,,6.648187363541419,,9.020147035188549,,,14.507964183295888,9.796770879590836,,,
S005,R005,PRO,13,Image_005,207623,214107,6484,778,754,24,2393.68,752,207625,214100,1920.0,1080.0,960.0,540.0,3.183085106382979,3.171,0.2099121592885139,0.9872611464968056,3.146115584468721,0.1761190111119064,3.14,zhidaoyu,2.960911954187545,2.882,1397.0,7.50353795158347,10.027758501040934,0.9691516709511568,0.0308483290488431,20,5491.0,274.55,117.0,617.0,207625.0,300.0,8331.199414251108,438.4841796974268,5,1.9219280948873625,2.0,20,859.0,42.95,3.7819112522748126,0.0,0,0,0.0,0.0,0,0,0.0,0.0,0,0,0.0,0.0,0,0,0.0,0.0,0,0,0.0,0.0,0,0,0.0,225.0,1,1,225.0,575.0,2,2,575.0,0.0,0,0,0.0,0.0,0,0,0.0,0.0,0,0,0.0,0.0,0,0,0.0,0.0,0.0,0.0,0.0,0.0,0.0,0.040976142779093,0.1047168093243489,0.0,0.0,0.0,0.0,0.8571484374283715,0.595703125,0.8697916666666666,,,,,0.0,,27.0,69.0,,,,0.0,,,,,,,3.2264074074074074,3.204898550724638,,,,,,,,,,,8.966678419612542,8.240251662736167,,,,
S005,R005,PRO,14,Image_006,214107,221173,7066,848,848,0,2781.463,848,214109,221167,1439.0,1080.0,1706.0,1280.0,3.28002712264151,3.285,0.7603468661750613,4.617834394904459,3.146115584468721,0.1761190111119064,3.14,zhidaoyu,2.960911954187545,2.882,1397.0,10.777597354850364,13.983344899375432,1.0,0.0,17,6500.0,382.3529411764706,133.0,967.0,214150.0,292.0,4975.806395934853,310.9878997459283,6,1.9182958340544891,43.0,17,634.0,37.294117647058826,2.7655658733077506,0.0,0,0,0.0,0.0,0,0,0.0,0.0,0,0,0.0,0.0,0,0,0.0,0.0,0,0,0.0,0.0,0,0,0.0,0.0,0,0,0.0,0.0,0,0,0.0,275.0,1,1,275.0,0.0,0,0,0.0,1508.0,3,2,1508.0,0.0,0,0,0.0,0.0,0.0,0.0,0.0,0.0,0.0,0.0,0.0,0.0423076923076923,0.0,0.232,0.0,0.6203363140846405,0.7391076500217515,0.8909609272761264,,,,,0.0,,,,33.0,,181.0,,,,,,,,,,3.2714545454545454,,3.3039558011049723,,,,,,,,,,10.488072461182368,,11.585749668519156,
S005,R005,PRO,15,Image_007,221173,229656,8483,1018,982,36,3072.772,981,221175,229650,1439.0,1080.0,1706.0,1280.0,3.1322854230377164,3.157,-0.0785273625129365,0.5414012738853472,3.146115584468721,0.1761190111119064,3.14,zhidaoyu,2.960911954187545,2.882,1397.0,5.7878610205819285,9.541984732824424,0.9646365422396856,0.0353634577603143,25,7684.0,307.36,108.0,658.0,221175.0,550.0,8770.811964186525,365.4504985077719,4,2.0,2.0,27,985.0,36.48148148148148,4.874839637886738,1076.0,3,1,1076.0,0.0,0,0,0.0,0.0,0,0,0.0,0.0,0,0,0.0,0.0,0,0,0.0,0.0,0,0,0.0,0.0,0,0,0.0,167.0,1,1,167.0,1759.0,6,1,1759.0,0.0,0,0,0.0,0.0,0,0,0.0,0.0,0,0,0.0,0.140031233732431,0.0,0.0,0.0,0.0,0.0,0.0,0.0217334721499219,0.2289172306090577,0.0,0.0,0.0,1.2142860198028091,0.4748939303622147,0.8383855207639351,129.0,,,,,,,20.0,211.0,,,,3.298550387596899,,,,,,,3.50655,3.260440758293839,,,,11.403190592406524,,,,,,,18.42804022053991,10.116099659183645,,,
S005,R005,PRO,16,Image_008,229656,236406,6750,810,790,20,2370.436,790,229659,236401,1440.0,1080.0,4096.0,3072.0,3.000551898734177,3.016,-0.8265075122529045,-3.949044585987264,3.146115584468721,0.1761190111119064,3.14,zhidaoyu,2.960911954187545,2.882,1397.0,1.338774849099139,4.649548924358081,0.9753086419753086,0.0246913580246913,22,6549.0,297.6818181818182,133.0,625.0,229659.0,617.0,7327.821589124261,348.9438851963933,6,1.0,3.0,23,893.0,38.82608695652174,4.071011993957923,0.0,0,0,0.0,0.0,0,0,0.0,0.0,0,0,0.0,0.0,0,0,0.0,0.0,0,0,0.0,0.0,0,0,0.0,0.0,0,0,0.0,0.0,0,0,0.0,0.0,0,0,0.0,0.0,0,0,0.0,1717.0,8,3,1717.0,0.0,0,0,0.0,0.0,0.0,0.0,0.0,0.0,0.0,0.0,0.0,0.0,0.0,0.2621774316689571,0.0,-0.0,1.0,0.9166666666666666,,,,,,,,,0.0,,206.0,,,,,,,,,,,,3.0623349514563105,,,,,,,,,,,,3.425397270774149,
S005,R005,PRO,17,Image_009,236406,241123,4717,566,566,0,1795.303,566,236409,241117,1440.0,1080.0,4032.0,3024.0,3.171913427561837,3.1475,0.1464796045029147,0.2388535031847083,3.146115584468721,0.1761190111119064,3.14,zhidaoyu,2.960911954187545,2.882,1397.0,7.126232614782026,9.212352532963214,1.0,0.0,16,4466.0,279.125,175.0,450.0,236409.0,333.0,4733.999151205282,315.5999434136855,5,1.9219280948873625,3.0,15,541.0,36.06666666666667,2.629999528447379,0.0,0,0,0.0,0.0,0,0,0.0,0.0,0,0,0.0,0.0,0,0,0.0,0.0,0,0,0.0,0.0,0,0,0.0,0.0,0,0,0.0,0.0,0,0,0.0,425.0,2,1,425.0,0.0,0,0,0.0,0.0,0,0,0.0,541.0,2,2,541.0,0.0,0.0,0.0,0.0,0.0,0.0,0.0,0.0,0.0951634572324227,0.0,0.0,0.1211374832064487,0.98957310944037,0.5072099413174217,0.8433402346445825,,,,,0.0,,,0.0,51.0,,,65.0,,,,,,,,,3.3322156862745103,,,3.128753846153846,,,,,,,,,12.54018146543803,,,5.668587737940898
S005,R005,PRO,18,Image_010,241123,247356,6233,748,726,22,2241.073,724,241126,247351,1440.0,1080.0,1600.0,1200.0,3.0954046961325963,3.0700000000000003,-0.287935345627752,-2.2292993630573195,3.146115584468721,0.1761190111119064,3.14,zhidaoyu,2.960911954187545,2.882,1397.0,4.542274273128645,6.523247744621797,0.9705882352941176,0.0294117647058823,20,5441.0,272.05,125.0,583.0,241126.0,450.0,7612.300839012038,400.6474125795809,4,1.0,3.0,21,826.0,39.333333333333336,4.229056021673355,0.0,0,0,0.0,0.0,0,0,0.0,0.0,0,0,0.0,0.0,0,0,0.0,0.0,0,0,0.0,0.0,0,0,0.0,0.0,0,0,0.0,0.0,0,0,0.0,0.0,0,0,0.0,1434.0,5,2,1434.0,0.0,0,0,0.0,0.0,0,0,0.0,0.0,0.0,0.0,0.0,0.0,0.0,0.0,0.0,0.0,0.2635544936592538,0.0,0.0,-0.0,1.0,0.9166666666666666,,,,,,,,0.0,0.0,172.0,0.0,,,,,,,,,,,3.021651162790698,,,,,,,,,,,,2.0513682791969323,,
S005,R005,PRO,19,Image_011,247356,251623,4267,512,460,52,1508.574,458,247359,251617,1440.0,1080.0,960.0,720.0,3.2938296943231444,3.286,0.8387175746777589,4.649681528662417,3.146115584468721,0.1761190111119064,3.14,zhidaoyu,2.960911954187545,2.882,1397.0,11.243756831903166,14.01804302567661,0.8984375,0.1015625,14,3552.0,253.7142857142857,167.0,542.0,247359.0,283.0,5257.669327636443,404.4361021258802,4,2.0,3.0,16,591.0,36.9375,2.920927404242468,0.0,0,0,0.0,0.0,0,0,0.0,0.0,0,0,0.0,0.0,0,0,0.0,0.0,0,0,0.0,0.0,0,0,0.0,0.0,0,0,0.0,0.0,0,0,0.0,834.0,3,2,834.0,0.0,0,0,0.0,0.0,0,0,0.0,367.0,2,1,367.0,0.0,0.0,0.0,0.0,0.0,0.0,0.0,0.0,0.2347972972972972,0.0,0.0,0.103322072072072,0.8880037121033788,0.5755992958962175,0.865736885928393,,,,,,,,0.0,100.0,,,44.0,,,,,,,,,3.38669,,,3.311886363636364,,,,,,,,,14.379963078952333,,,11.853591558250988
S005,R005,PRO,20,Image_013,251623,258172,6549,786,772,14,2403.582,768,251626,258168,1920.0,1080.0,3840.0,2160.0,3.1296640625000003,3.131,-0.0934113919040082,-0.2866242038216669,3.146115584468721,0.1761190111119064,3.14,zhidaoyu,2.960911954187545,2.882,1397.0,5.6993288190752684,8.639833448993741,0.9821882951653944,0.0178117048346055,22,5860.0,266.3636363636364,150.0,542.0,251626.0,542.0,6475.499226428164,308.3571060203888,8,3.0,3.0,22,794.0,36.09090909090909,2.9395243314706927,0.0,0,0,0.0,0.0,0,0,0.0,0.0,0,0,0.0,0.0,0,0,0.0,517.0,2,1,517.0,0.0,0,0,0.0,0.0,0,0,0.0,0.0,0,0,0.0,650.0,2,2,650.0,0.0,0,0,0.0,0.0,0,0,0.0,517.0,2,2,517.0,0.0,0.0,0.0,0.0,0.0882252559726962,0.0,0.0,0.0,0.1109215017064846,0.0,0.0,0.0882252559726962,1.5761743408508837,0.3374917485231973,0.7631631037212985,,,,,62.0,,,0.0,78.0,,0.0,62.0,,,,,2.871290322580645,,,,3.1469487179487183,,,3.2028870967741936,,,,,-3.0268252819929256,,,,6.283090029004959,,,8.172318067223488
S005,R005,PRO,21,Image_014,258172,264639,6467,776,776,0,2370.589,776,258176,264634,1440.0,1080.0,4032.0,3024.0,3.0548827319587635,3.0525,-0.5180181965250072,-2.786624203821653,3.146115584468721,0.1761190111119064,3.14,zhidaoyu,2.960911954187545,2.882,1397.0,3.173710641355549,5.916030534351148,1.0,0.0,17,6533.0,384.2941176470589,150.0,1492.0,258176.0,292.0,4369.322770815354,273.0826731759596,10,3.321928094887362,4.0,17,509.0,29.94117647058824,2.4274015393418638,0.0,0,0,0.0,0.0,0,0,0.0,600.0,2,2,600.0,0.0,0,0,0.0,909.0,2,2,909.0,1299.0,3,1,1299.0,0.0,0,0,0.0,200.0,1,1,200.0,1259.0,3,3,1259.0,0.0,0,0,0.0,0.0,0,0,0.0,0.0,0,0,0.0,0.0,0.0,0.0918414204806367,0.0,0.1391397520281647,0.1988366753405786,0.0,0.0306138068268789,0.1927139139752028,0.0,0.0,0.0,2.122072358756313,0.2470858237050008,0.6949261776423717,,,72.0,,70.0,156.0,,24.0,112.0,,,,,,3.182888888888889,,3.2183571428571427,2.9229038461538464,,3.2815,3.1276696428571427,,,,,,7.496911023896119,,8.694793788295511,-1.283662216971516,,10.827341399296094,5.63197052967943,,,
S005,R005,PRO,22,Image_015,264639,270422,5783,694,681,13,2074.363,681,264643,270418,1440.0,1080.0,4032.0,3024.0,3.0460543318649043,3.054,-0.56814566452589,-2.738853503184723,3.146115584468721,0.1761190111119064,3.14,zhidaoyu,2.960911954187545,2.882,1397.0,2.8755457438356,5.968077723802905,0.9812680115273776,0.0187319884726224,17,5593.0,329.0,92.0,667.0,264643.0,667.0,5611.15949856143,350.6974686600894,4,2.0,4.0,18,682.0,37.888888888888886,3.117310832534128,0.0,0,0,0.0,0.0,0,0,0.0,0.0,0,0,0.0,0.0,0,0,0.0,0.0,0,0,0.0,0.0,0,0,0.0,0.0,0,0,0.0,0.0,0,0,0.0,717.0,2,1,717.0,0.0,0,0,0.0,642.0,3,1,642.0,0.0,0,0,0.0,0.0,0.0,0.0,0.0,0.0,0.0,0.0,0.0,0.1281959592347577,0.0,0.114786340067942,0.0,0.9978018930324506,0.501522837692304,0.8379323031640913,,,,,0.0,,,,86.0,0.0,77.0,,,,,,,,,,3.201674418604651,,2.9206753246753245,,,,,,,,,,8.131361828459701,,-1.3589269162601954,
S005,R005,PRO,23,Image_016,270422,276889,6467,776,758,18,2254.085,758,270426,276884,1440.0,1080.0,4032.0,3024.0,2.97372691292876,2.973,-0.978819211234527,-5.318471337579625,3.146115584468721,0.1761190111119064,3.14,zhidaoyu,2.960911954187545,2.882,1397.0,0.4328044514491923,3.157529493407347,0.9768041237113402,0.0231958762886597,19,5709.0,300.4736842105263,117.0,650.0,270426.0,500.0,6265.507979195943,348.08377662199683,5,1.9219280948873625,4.0,22,743.0,33.77272727272727,3.4808377662199685,0.0,0,0,0.0,0.0,0,0,0.0,0.0,0,0,0.0,0.0,0,0,0.0,0.0,0,0,0.0,0.0,0,0,0.0,0.0,0,0,0.0,0.0,0,0,0.0,808.0,2,1,808.0,0.0,0,0,0.0,942.0,3,2,942.0,0.0,0,0,0.0,0.0,0.0,0.0,0.0,0.0,0.0,0.0,0.0,0.14153091609739,0.0,0.165002627430373,0.0,0.9957664643204388,0.5029315918367346,0.8397142857142857,,,,,,,,,97.0,,88.0,,,,,,,,,,3.0647731958762887,,2.9824886363636365,,,,,,,,,,3.5077450223352806,,0.7287174529312256,
S005,R005,PRO,24,Image_017,276889,282789,5900,708,657,51,2021.153,654,276893,282785,1440.0,1080.0,4032.0,3024.0,3.0904480122324154,3.102,-0.3160792914112734,-1.210191082802556,3.146115584468721,0.1761190111119064,3.14,zhidaoyu,2.960911954187545,2.882,1397.0,4.374870311887218,7.6335877862595325,0.9279661016949152,0.0720338983050847,17,4942.0,290.7058823529412,150.0,575.0,276926.0,242.0,5700.049334520751,356.2530834075469,9,2.197159723424149,37.0,21,817.0,38.90476190476191,3.1666940747337504,0.0,0,0,0.0,0.0,0,0,0.0,0.0,0,0,0.0,0.0,0,0,0.0,1559.0,5,2,1559.0,0.0,0,0,0.0,0.0,0,0,0.0,0.0,0,0,0.0,0.0,0,0,0.0,0.0,0,0,0.0,1359.0,4,4,1359.0,0.0,0,0,0.0,0.0,0.0,0.0,0.0,0.3154593282072035,0.0,0.0,0.0,0.0,0.0,0.2749898826386078,0.0,0.99660863525897,0.5023488723768381,0.8390450079963445,,,,,187.0,,,,0.0,,124.0,,,,,,3.062839572192513,,,,,,3.1146532258064514,,,,,,3.442440017874043,,,,,,5.19236215050144,
S005,R005,PRO,25,Image_018,282789,288672,5883,706,706,0,2288.203,706,282793,288668,1440.0,1080.0,3648.0,2736.0,3.241080736543909,3.261,0.5392101140906763,3.853503184713376,3.146115584468721,0.1761190111119064,3.14,zhidaoyu,2.960911954187545,2.882,1397.0,9.462246317730878,13.15058986814712,1.0,0.0,20,5448.0,272.4,133.0,575.0,282793.0,575.0,6365.759899572411,335.0399947143374,10,2.6464393446710157,4.0,19,691.0,36.36842105263158,3.5365332775402285,0.0,0,0,0.0,575.0,1,1,575.0,1408.0,6,3,1408.0,0.0,0,0,0.0,0.0,0,0,0.0,0.0,0,0,0.0,0.0,0,0,0.0,0.0,0,0,0.0,1574.0,6,2,1574.0,0.0,0,0,0.0,466.0,2,1,466.0,0.0,0,0,0.0,0.0,0.1055433186490455,0.2584434654919236,0.0,0.0,0.0,0.0,0.0,0.288913362701909,0.0,0.0855359765051395,0.0,1.8211646724759305,0.3094140706844172,0.7527757063551247,,39.0,168.0,,,,,,189.0,,56.0,,,3.178666666666667,3.321732142857143,,,,,,3.243873015873016,,3.319857142857143,,,7.354312314864919,12.18611678605637,,,,,,9.556551024264191,,12.122791701453693,
S005,R005,PRO,26,Image_019,288672,294605,5933,712,696,16,2212.624,695,288676,294601,1439.0,1080.0,1706.0,1280.0,3.183631654676258,3.163,0.2130154488756461,0.7324840764331111,3.146115584468721,0.1761190111119064,3.14,zhidaoyu,2.960911954187545,2.882,1397.0,7.521996733936207,9.750173490631497,0.9775280898876404,0.0224719101123595,19,5274.0,277.57894736842104,108.0,550.0,288676.0,133.0,5708.952888190946,317.1640493439415,5,2.321928094887362,4.0,19,683.0,35.94736842105263,3.173050561774573,0.0,0,0,0.0,0.0,0,0,0.0,0.0,0,0,0.0,0.0,0,0,0.0,550.0,1,1,550.0,0.0,0,0,0.0,0.0,0,0,0.0,0.0,0,0,0.0,117.0,1,1,117.0,0.0,0,0,0.0,1050.0,4,1,1050.0,0.0,0,0,0.0,0.0,0.0,0.0,0.0,0.1042851725445582,0.0,0.0,0.0,0.0221843003412969,0.0,0.1990898748577929,0.0,1.2240533222554657,0.4812232602204344,0.8405649388468258,,,,,66.0,,,,14.0,,126.0,,,,,,3.115590909090909,,,,3.1927857142857143,,3.1535396825396824,,,,,,5.224030882938123,,,,7.831160253523789,,6.505689170517513,
S005,R005,PRO,27,Image_020,294605,298555,3950,474,474,0,1476.877,474,294610,298551,1439.0,1080.0,1706.0,1280.0,3.1157742616033755,3.055,-0.1722773860345296,-2.7070063694267503,3.146115584468721,0.1761190111119064,3.14,zhidaoyu,2.960911954187545,2.882,1397.0,5.230223316732288,6.002775850104096,1.0,0.0,14,4207.0,300.5,133.0,708.0,294610.0,542.0,3701.642672592217,284.74174404555515,8,2.75,5.0,13,451.0,34.69230769230769,2.0573824292810694,1808.0,5,3,1808.0,0.0,0,0,0.0,0.0,0,0,0.0,0.0,0,0,0.0,0.0,0,0,0.0,0.0,0,0,0.0,0.0,0,0,0.0,658.0,3,1,658.0,2649.0,8,3,2649.0,0.0,0,0,0.0,0.0,0,0,0.0,0.0,0,0,0.0,0.4297599239362966,0.0,0.0,0.0,0.0,0.0,0.0,0.1564059900166389,0.6296648443071072,0.0,0.0,0.0,1.402544629184875,0.4096983074525407,0.8148745519713262,193.0,,,,,,,79.0,294.0,,,,3.081155440414508,,,,,,,3.002443037974684,3.151455782312925,,,,4.061028767062986,,,,,,,1.402645010379392,6.4353088194972905,,,
S005,R005,PRO,28,Image_021,298555,303538,4983,598,598,0,1859.553,598,298560,303535,1440.0,1080.0,4032.0,3024.0,3.109620401337793,3.089,-0.2072188737633724,-1.6242038216560557,3.146115584468721,0.1761190111119064,3.14,zhidaoyu,2.960911954187545,2.882,1397.0,5.022386665025055,7.1825121443442,1.0,0.0,17,5050.0,297.05882352941177,167.0,708.0,298560.0,708.0,6020.090410441246,376.25565065257786,5,1.9219280948873625,5.0,17,625.0,36.76470588235294,3.3444946724673588,0.0,0,0,0.0,0.0,0,0,0.0,0.0,0,0,0.0,300.0,1,1,300.0,0.0,0,0,0.0,0.0,0,0,0.0,0.0,0,0,0.0,0.0,0,0,0.0,1742.0,5,3,1742.0,0.0,0,0,0.0,0.0,0,0,0.0,0.0,0,0,0.0,0.0,0.0,0.0,0.0594059405940594,0.0,0.0,0.0,0.0,0.3449504950495049,0.0,0.0,0.0,0.6020654045859375,0.7493383318576303,0.8921808684296442,,,,36.0,,,,0.0,148.0,,,,,,,3.2125833333333333,,,,,3.115925675675676,,,,,,,8.499792734122199,,,,,5.235337081499461,,,
S005,R005,PRO,29,Image_022,303538,307922,4384,526,526,0,1654.852,526,303543,307918,1620.0,1080.0,5472.0,3648.0,3.146106463878327,3.146,-5.178651831201411e-05,0.1910828025477637,3.146115584468721,0.1761190111119064,3.14,zhidaoyu,2.960911954187545,2.882,1397.0,6.254644263530568,9.160305343511444,1.0,0.0,15,4159.0,277.26666666666665,117.0,433.0,303543.0,267.0,4422.785220071633,315.91323000511665,6,1.0,5.0,14,484.0,34.57142857142857,2.2715924346627574,0.0,0,0,0.0,0.0,0,0,0.0,0.0,0,0,0.0,0.0,0,0,0.0,0.0,0,0,0.0,0.0,0,0,0.0,0.0,0,0,0.0,0.0,0,0,0.0,742.0,3,3,742.0,0.0,0,0,0.0,0.0,0,0,0.0,0.0,0,0,0.0,0.0,0.0,0.0,0.0,0.0,0.0,0.0,0.0,0.178408271219043,0.0,0.0,0.0,-0.0,1.0,0.9166666666666666,,,,,,,,0.0,89.0,,,,,,,,,,,,3.2041235955056178,,,,,,,,,,,,8.214078806838709,,,
S005,R005,PRO,30,Image_024,307922,313438,5516,662,646,16,1913.741,644,307927,313435,1440.0,1080.0,4032.0,3024.0,2.9716475155279505,2.956,-0.99062598545885,-5.859872611464973,3.146115584468721,0.1761190111119064,3.14,zhidaoyu,2.960911954187545,2.882,1397.0,0.3625761760738144,2.567661346287295,0.9758308157099698,0.0241691842900302,17,4893.0,287.8235294117647,100.0,542.0,307927.0,375.0,4582.425401672732,286.40158760454574,9,2.94770277922009,5.0,18,626.0,34.77777777777778,2.5457918898181844,0.0,0,0,0.0,0.0,0,0,0.0,0.0,0,0,0.0,0.0,0,0,0.0,317.0,1,1,317.0,442.0,2,2,442.0,0.0,0,0,0.0,875.0,2,1,875.0,1292.0,5,3,1292.0,0.0,0,0,0.0,0.0,0,0,0.0,0.0,0,0,0.0,0.0,0.0,0.0,0.0,0.0647864295932965,0.0903331289597384,0.0,0.1788268955650929,0.264050684651543,0.0,0.0,0.0,1.8008324588037343,0.3189569181762584,0.7623034859876965,,,,,38.0,53.0,,105.0,155.0,,,0.0,,,,,2.8717894736842107,2.7362641509433963,,2.9728380952380955,3.0972451612903225,,,,,,,,-3.0099672628661054,-7.58711527799517,,0.4027860752051012,4.604432999433331,,,
S005,R005,PRO,31,Image_025,313438,318555,5117,614,614,0,1917.078,614,313443,318552,1620.0,1080.0,5472.0,3648.0,3.122276872964169,3.1665,-0.1353556970031166,0.8439490445859862,3.146115584468721,0.1761190111119064,3.14,zhidaoyu,2.960911954187545,2.882,1397.0,5.449838471164601,9.871616932685631,1.0,0.0,14,4651.0,332.2142857142857,67.0,683.0,313493.0,667.0,3868.567226694761,297.58209436113543,1,-0.0,55.0,14,476.0,34.0,1.9869398145908093,0.0,0,0,0.0,0.0,0,0,0.0,0.0,0,0,0.0,0.0,0,0,0.0,0.0,0,0,0.0,0.0,0,0,0.0,0.0,0,0,0.0,0.0,0,0,0.0,667.0,1,1,667.0,0.0,0,0,0.0,0.0,0,0,0.0,0.0,0,0,0.0,0.0,0.0,0.0,0.0,0.0,0.0,0.0,0.0,0.1434100193506772,0.0,0.0,0.0,-0.0,1.0,0.9166666666666666,,,,,,,,0.0,80.0,,,0.0,,,,,,,,,3.1756875,,,,,,,,,,,,7.253695791551769,,,
S006,R006,PRO,1,Image_001,58377,68660,10283,1234,1213,21,4449.666,1209,58379,68654,1440.0,1080.0,4032.0,3024.0,3.680451612903226,3.696,1.301665344297369,5.8419243986254346,3.492901378352388,0.14408483361142,3.492,zhidaoyu,3.339611558156547,3.316,1367.0,10.205979013164685,11.459589867310022,0.9829821717990276,0.0170178282009724,35,9247.0,264.2,125.0,583.0,58379.0,250.0,9637.580692868183,283.4582556725937,18,3.30827083453526,2.0,37,1177.0,31.81081081081081,5.35421149603788,0.0,0,0,0.0,0.0,0,0,0.0,0.0,0,0,0.0,0.0,0,0,0.0,0.0,0,0,0.0,0.0,0,0,0.0,0.0,0,0,0.0,358.0,1,1,358.0,1566.0,6,4,1566.0,0.0,0,0,0.0,1317.0,3,3,1317.0,917.0,4,4,917.0,0.0,0.0,0.0,0.0,0.0,0.0,0.0,0.0387152590029198,0.1693522223423813,0.0,0.1424245701308532,0.0991672975018925,1.8415214060130436,0.2982190257322533,0.7473144139810807,,,,,0.0,,,43.0,188.0,,158.0,110.0,,,,,,,,3.687186046511628,3.67197340425532,,3.725518987341772,3.707909090909091,,,,,,,,10.407632214177056,9.952110906043067,,11.555458545551463,11.02815481198786
S006,R006,PRO,2,Image_012,68660,77460,8800,1056,1032,24,3589.627,1028,68662,77454,1440.0,1080.0,4032.0,3024.0,3.4918550583657586,3.512,-0.0072618329105414,0.5727376861397485,3.492901378352388,0.14408483361142,3.492,zhidaoyu,3.339611558156547,3.316,1367.0,4.558718807801994,5.910735826296749,0.9772727272727272,0.0227272727272727,23,8266.0,359.39130434782606,117.0,933.0,68662.0,483.0,5077.922276728831,230.8146489422196,13,2.661226256269789,2.0,23,642.0,27.91304347826087,2.821067931516017,0.0,0,0,0.0,0.0,0,0,0.0,0.0,0,0,0.0,0.0,0,0,0.0,2067.0,5,4,2067.0,0.0,0,0,0.0,0.0,0,0,0.0,0.0,0,0,0.0,708.0,3,1,708.0,0.0,0,0,0.0,2392.0,6,3,2392.0,0.0,0,0,0.0,0.0,0.0,0.0,0.0,0.2500604887490926,0.0,0.0,0.0,0.0856520687152189,0.0,0.2893781756593274,0.0,1.436056649340086,0.3931178603671623,0.804319076188633,,,,,248.0,,,,85.0,0.0,258.0,,,,,,3.491883064516129,,,,3.558564705882353,,3.4316434108527134,,,,,,4.5595574128278376,,,,6.556245955941879,,2.755765186864061,
S006,R006,PRO,3,Image_023,77460,83043,5583,670,651,19,2333.427,650,77462,83037,1440.0,1080.0,960.0,720.0,3.589887692307692,3.5705,0.6731195194135734,2.2479954180985118,3.492901378352388,0.14408483361142,3.492,zhidaoyu,3.339611558156547,3.316,1367.0,7.4941690011785775,7.674909529553685,0.971641791044776,0.0283582089552238,17,5284.0,310.8235294117647,67.0,583.0,77462.0,367.0,6086.684315923107,380.41776974519416,4,2.0,2.0,16,608.0,38.0,3.381491286623948,0.0,0,0,0.0,0.0,0,0,0.0,0.0,0,0,0.0,0.0,0,0,0.0,0.0,0,0,0.0,0.0,0,0,0.0,0.0,0,0,0.0,208.0,1,1,208.0,0.0,0,0,0.0,0.0,0,0,0.0,0.0,0,0,0.0,542.0,1,1,542.0,0.0,0.0,0.0,0.0,0.0,0.0,0.0,0.0393641180923542,0.0,0.0,0.0,0.1025738077214231,0.8517917963337158,0.5991608888888889,0.8704444444444445,,,,,,,,25.0,0.0,0.0,,65.0,,,,,,,,3.5378,,,,3.5606,,,,,,,,5.934475863200457,,,,6.617189993360722
S006,R006,PRO,4,Image_026,83043,88926,5883,706,706,0,2465.163,706,83046,88921,1439.0,1080.0,1706.0,1280.0,3.491732294617564,3.4895,-0.0081138569932823,-0.0715922107674669,3.492901378352388,0.14408483361142,3.492,zhidaoyu,3.339611558156547,3.316,1367.0,4.555042818961471,5.232207478890236,1.0,0.0,22,5533.0,251.5,117.0,475.0,83046.0,475.0,5084.778945364453,242.1323307316406,12,1.650022421648354,3.0,21,691.0,32.904761904761905,2.826133093944803,0.0,0,0,0.0,0.0,0,0,0.0,0.0,0,0,0.0,0.0,0,0,0.0,325.0,1,1,325.0,0.0,0,0,0.0,0.0,0,0,0.0,2225.0,8,5,2225.0,0.0,0,0,0.0,0.0,0,0,0.0,0.0,0,0,0.0,0.0,0,0,0.0,0.0,0.0,0.0,0.0,0.0587384782215796,0.0,0.0,0.4021326585938912,0.0,0.0,0.0,0.0,0.550405815580872,0.7775855440215302,0.8954248366013072,,,,,39.0,,,267.0,0.0,,,,,,,,3.474051282051282,,,3.518868913857678,,,,,,,,,4.025609612183325,,,5.367610950540619,,,,
S006,R006,PRO,5,Image_027,88926,92909,3983,478,478,0,1646.798,474,88929,92904,810.0,1080.0,1280.0,1706.0,3.4742573839662447,3.51,-0.1293959531953504,0.5154639175257673,3.492901378352388,0.14408483361142,3.492,zhidaoyu,3.339611558156547,3.316,1367.0,4.031781045937626,5.850422195416162,1.0,0.0,15,3993.0,266.2,142.0,492.0,88929.0,350.0,3155.4106130262485,225.38647235901772,3,1.584962500721156,3.0,14,433.0,30.928571428571427,2.337341194834258,0.0,0,0,0.0,0.0,0,0,0.0,350.0,1,1,350.0,0.0,0,0,0.0,0.0,0,0,0.0,0.0,0,0,0.0,0.0,0,0,0.0,350.0,1,1,350.0,0.0,0,0,0.0,0.0,0,0,0.0,0.0,0,0,0.0,0.0,0,0,0.0,0.0,0.0,0.0876533934385174,0.0,0.0,0.0,0.0,0.0876533934385174,0.0,0.0,0.0,0.0,1.0,0.5,0.8333333333333334,,,25.0,,,,,42.0,0.0,,,,,,3.3342,,,,,3.556523809523809,,,,,,,-0.162041544721865,,,,,6.49513416725019,,,,
S006,R006,PRO,6,Image_028,92909,98659,5750,690,688,2,2361.089,682,92912,98654,1620.0,1080.0,5472.0,3648.0,3.462007331378299,3.434,-0.214415675819196,-1.6609392898052644,3.492901378352388,0.14408483361142,3.492,zhidaoyu,3.339611558156547,3.316,1367.0,3.6649703443149537,3.558504221954172,0.9971014492753624,0.0028985507246376,16,5467.0,341.6875,108.0,1158.0,92912.0,492.0,6163.148241475523,410.8765494317015,7,2.5216406363433186,3.0,16,650.0,40.625,3.165462536029304,1158.0,1,1,1158.0,0.0,0,0,0.0,0.0,0,0,0.0,0.0,0,0,0.0,0.0,0,0,0.0,0.0,0,0,0.0,0.0,0,0,0.0,1675.0,3,2,1675.0,2850.0,10,3,2850.0,0.0,0,0,0.0,0.0,0,0,0.0,0.0,0,0,0.0,0.2118163526614231,0.0,0.0,0.0,0.0,0.0,0.0,0.3063837570879824,0.5213096762392537,0.0,0.0,0.0,1.4864547691682664,0.3798892505002633,0.7996216786908323,139.0,,,,,,,201.0,319.0,,,,3.305453237410072,,,,,,,3.343502487562189,3.5049153605015677,,,,-1.0228231682528404,,,,,,,0.1165084423108695,4.949791299568608,,,
S006,R006,PRO,7,Image_029,98659,106976,8317,998,998,0,3554.763,998,98662,106971,1620.0,1080.0,6000.0,4000.0,3.5618867735470943,3.561,0.4787831825572419,1.975945017182129,3.492901378352388,0.14408483361142,3.492,zhidaoyu,3.339611558156547,3.316,1367.0,6.655720628576411,7.388419782870932,1.0,0.0,30,8001.0,266.7,92.0,642.0,98662.0,517.0,7592.013800353431,261.7935793225321,12,2.584962500721156,3.0,29,883.0,30.448275862068964,3.899344022963607,0.0,0,0,0.0,0.0,0,0,0.0,0.0,0,0,0.0,0.0,0,0,0.0,1034.0,3,2,1034.0,0.0,0,0,0.0,0.0,0,0,0.0,2907.0,12,4,2907.0,0.0,0,0,0.0,0.0,0,0,0.0,659.0,2,1,659.0,0.0,0,0,0.0,0.0,0.0,0.0,0.0,0.1292338457692788,0.0,0.0,0.3633295838020247,0.0,0.0,0.0823647044119485,0.0,1.304067353604783,0.4704199432892249,0.8314492753623188,,,,,124.0,,,319.0,0.0,,79.0,,,,,,3.513677419354839,,,3.617849529780565,,,3.5177594936708863,,,,,,5.21215890432406,,,8.33144713924765,,,5.334390913794668,
S006,R006,PRO,8,Image_030,106976,115442,8466,1016,999,17,3432.738,983,106979,115438,1920.0,1079.0,2275.0,1279.0,3.4921037639877923,3.415,-0.005535727422545,-2.2050400916380286,3.492901378352388,0.14408483361142,3.492,zhidaoyu,3.339611558156547,3.316,1367.0,4.566165950013079,2.9855247285886675,0.9832677165354332,0.0167322834645669,25,7650.0,306.0,67.0,808.0,106979.0,342.0,6778.549088556089,282.43954535650374,6,2.2516291673878226,3.0,28,910.0,32.5,3.077777204922686,417.0,1,1,417.0,0.0,0,0,0.0,0.0,0,0,0.0,0.0,0,0,0.0,0.0,0,0,0.0,0.0,0,0,0.0,0.0,0,0,0.0,608.0,3,2,608.0,2243.0,8,3,2243.0,0.0,0,0,0.0,0.0,0,0,0.0,0.0,0,0,0.0,0.0545098039215686,0.0,0.0,0.0,0.0,0.0,0.0,0.0794771241830065,0.2932026143790849,0.0,0.0,0.0,1.203084401741573,0.5219750812372937,0.84312525499796,50.0,,,,,0.0,,73.0,257.0,,,,3.28962,,,,,,,3.3961643835616435,3.372739299610895,,,,-1.4969273307983837,,,,,,,1.6933953072169148,0.9919639118938264,,,
S006,R006,PRO,9,Image_031,115442,120576,5134,616,591,25,2118.791,574,115446,120571,1621.0,1080.0,2731.0,1820.0,3.6912735191637633,3.7165,1.376773223380067,6.428980526918669,3.492901378352388,0.14408483361142,3.492,zhidaoyu,3.339611558156547,3.316,1367.0,10.530025869276024,12.077804583835947,0.9594155844155844,0.0405844155844155,15,4949.0,329.93333333333334,142.0,858.0,115446.0,583.0,4066.676303780738,290.4768788414813,4,1.5,4.0,18,607.0,33.72222222222222,2.0877985674833424,0.0,0,0,0.0,0.0,0,0,0.0,791.0,2,2,791.0,0.0,0,0,0.0,0.0,0,0,0.0,0.0,0,0,0.0,0.0,0,0,0.0,0.0,0,0,0.0,533.0,2,1,533.0,0.0,0,0,0.0,0.0,0,0,0.0,0.0,0,0,0.0,0.0,0.0,0.1598302687411598,0.0,0.0,0.0,0.0,0.0,0.1076985249545362,0.0,0.0,0.0,0.9724329575257832,0.518985998667409,0.8495720040281974,,,57.0,,,,,,64.0,0.0,,,,,3.756631578947368,,,,,,3.67990625,,,,,,12.487081612000855,,,,,,10.189648883335842,,,
S006,R006,PRO,10,Image_002,120576,125792,5216,626,626,0,2175.347,612,120579,125788,810.0,1080.0,3072.0,4096.0,3.5544885620915028,3.54,0.427436963318487,1.3745704467353963,3.492901378352388,0.14408483361142,3.492,zhidaoyu,3.339611558156547,3.316,1367.0,6.434191527758612,6.755126658624857,1.0,0.0,15,5090.0,339.3333333333333,158.0,883.0,120579.0,358.0,2873.3069277015693,205.23620912154067,5,2.321928094887362,3.0,14,385.0,27.5,2.1283755020011625,0.0,0,0,0.0,0.0,0,0,0.0,0.0,0,0,0.0,0.0,0,0,0.0,0.0,0,0,0.0,0.0,0,0,0.0,0.0,0,0,0.0,0.0,0,0,0.0,183.0,1,1,183.0,841.0,3,2,841.0,1516.0,4,1,1516.0,0.0,0,0,0.0,0.0,0.0,0.0,0.0,0.0,0.0,0.0,0.0,0.0359528487229862,0.1652259332023575,0.2978388998035363,0.0,1.245795842258768,0.4710499720999441,0.8374671916010499,,,,,,,,,22.0,96.0,156.0,,,,,,,,,,3.5330454545454546,3.4883437500000003,3.4595576923076927,,,,,,,,,,5.792107645467682,4.453577586896156,3.5916193264511183,
S006,R006,PRO,11,Image_003,125792,131259,5467,656,656,0,2255.924,656,125796,131255,1620.0,1080.0,5472.0,3648.0,3.438908536585366,3.4335,-0.374729528526467,-1.675257731958763,3.492901378352388,0.14408483361142,3.492,zhidaoyu,3.339611558156547,3.316,1367.0,2.973309221735677,3.543425814234022,1.0,0.0,16,5625.0,351.5625,125.0,658.0,125796.0,658.0,4802.404825914666,320.1603217276444,8,2.75,4.0,15,542.0,36.13333333333333,2.466569351192456,0.0,0,0,0.0,0.0,0,0,0.0,0.0,0,0,0.0,0.0,0,0,0.0,492.0,1,1,492.0,0.0,0,0,0.0,0.0,0,0,0.0,925.0,2,2,925.0,2167.0,7,4,2167.0,0.0,0,0,0.0,0.0,0,0,0.0,0.0,0,0,0.0,0.0,0.0,0.0,0.0,0.0874666666666666,0.0,0.0,0.1644444444444444,0.3852444444444444,0.0,0.0,0.0,1.3364835253711378,0.4510356358119419,0.8278924851190477,,,,,59.0,,,111.0,229.0,,,0.0,,,,,3.44142372881356,,,3.436009009009009,3.442414847161572,,,,,,,,3.048623137273267,,,2.8864869214212785,3.078300790819278,,,
S006,R006,PRO,12,Image_004,131259,135825,4566,548,548,0,1947.816,547,131263,135821,1439.0,1080.0,1706.0,1280.0,3.56090676416819,3.549,0.4719815688527277,1.6323024054982802,3.492901378352388,0.14408483361142,3.492,zhidaoyu,3.339611558156547,3.316,1367.0,6.626375617582227,7.026537997587458,1.0,0.0,19,4441.0,233.73684210526315,125.0,533.0,131263.0,533.0,5595.003050623023,310.8335028123902,11,3.277613436819116,4.0,18,625.0,34.72222222222222,3.109716951708018,0.0,0,0,0.0,0.0,0,0,0.0,1700.0,7,3,1700.0,0.0,0,0,0.0,300.0,2,1,300.0,0.0,0,0,0.0,0.0,0,0,0.0,258.0,1,1,258.0,1266.0,5,4,1266.0,0.0,0,0,0.0,0.0,0,0,0.0,0.0,0,0,0.0,0.0,0.0,0.3827966674172484,0.0,0.067552353073632,0.0,0.0,0.0580950236433235,0.2850709299707273,0.0,0.0,0.0,1.616636491949116,0.3743843094409536,0.7918085508891411,,,177.0,,36.0,,,31.0,119.0,,,,,,3.5392542372881355,,3.416638888888889,,,3.676774193548387,3.60553781512605,,,,,,5.978020966060814,,2.306475749977955,,,10.09586383088076,7.96279005323284,,,
S006,R006,PRO,13,Image_005,135825,139009,3184,382,382,0,1396.683,382,135830,139005,1920.0,1080.0,960.0,540.0,3.656238219895288,3.668,1.133615783486278,5.040091638029787,3.492901378352388,0.14408483361142,3.492,zhidaoyu,3.339611558156547,3.316,1367.0,9.480942805022442,10.615199034981917,1.0,0.0,11,3051.0,277.3636363636364,158.0,467.0,135830.0,283.0,4153.5514829372805,415.35514829372806,5,1.9219280948873625,5.0,10,410.0,41.0,1.885486387872671,0.0,0,0,0.0,0.0,0,0,0.0,0.0,0,0,0.0,0.0,0,0,0.0,0.0,0,0,0.0,0.0,0,0,0.0,317.0,1,1,317.0,558.0,3,2,558.0,0.0,0,0,0.0,0.0,0,0,0.0,0.0,0,0,0.0,0.0,0,0,0.0,0.0,0.0,0.0,0.0,0.0,0.0,0.1039003605375286,0.1828908554572271,0.0,0.0,0.0,0.0,0.9445641615141154,0.5379304489795917,0.8562857142857143,,,,,0.0,,38.0,67.0,,,,0.0,,,,,,,3.6767368421052633,3.660850746268657,,,,,,,,,,,10.094745394126264,9.61905845988367,,,,
S006,R006,PRO,14,Image_006,139009,142859,3850,462,426,36,1452.524,404,139013,142855,1439.0,1080.0,1706.0,1280.0,3.595356435643565,3.602,0.7110745435393009,3.1500572737686103,3.492901378352388,0.14408483361142,3.492,zhidaoyu,3.339611558156547,3.316,1367.0,7.657922876161918,8.6248492159228,0.922077922077922,0.0779220779220779,9,3725.0,413.8888888888889,192.0,833.0,139013.0,467.0,2354.7452768438707,294.34315960548383,6,1.7924812503605778,4.0,14,359.0,25.642857142857142,1.3087734248045455,0.0,0,0,0.0,0.0,0,0,0.0,0.0,0,0,0.0,0.0,0,0,0.0,0.0,0,0,0.0,0.0,0,0,0.0,0.0,0,0,0.0,0.0,0,0,0.0,283.0,1,1,283.0,0.0,0,0,0.0,1200.0,3,3,1200.0,0.0,0,0,0.0,0.0,0.0,0.0,0.0,0.0,0.0,0.0,0.0,0.0759731543624161,0.0,0.3221476510067114,0.0,0.7032032794091283,0.6911729199755012,0.8848617666891436,,,,,0.0,,,,34.0,,94.0,,,,,,,,,,3.5995,,3.625734042553192,,,,,,,,,,7.781996118941166,,8.56753785325211,
S006,R006,PRO,15,Image_007,142859,144558,1699,204,204,0,720.166,204,142863,144555,1439.0,1080.0,1706.0,1280.0,3.530225490196078,3.532,0.2590426133561633,1.145475372279497,3.492901378352388,0.14408483361142,3.492,zhidaoyu,3.339611558156547,3.316,1367.0,5.707667754771738,6.513872135102538,1.0,0.0,5,2066.0,413.2,233.0,575.0,142863.0,575.0,891.1691280757082,222.79228201892704,2,1.0,4.0,4,117.0,29.25,0.495314072099977,0.0,0,0,0.0,0.0,0,0,0.0,0.0,0,0,0.0,0.0,0,0,0.0,0.0,0,0,0.0,0.0,0,0,0.0,0.0,0,0,0.0,0.0,0,0,0.0,233.0,1,1,233.0,0.0,0,0,0.0,0.0,0,0,0.0,0.0,0,0,0.0,0.0,0.0,0.0,0.0,0.0,0.0,0.0,0.0,0.1127783155856727,0.0,0.0,0.0,-0.0,1.0,0.9166666666666666,0.0,,,,,,,0.0,28.0,,,,,,,,,,,,3.5595,,,,,,,,,,,,6.584252030940707,,,
S006,R006,PRO,16,Image_008,144558,147908,3350,402,402,0,1372.713,399,144563,147905,1440.0,1080.0,4096.0,3072.0,3.4403834586466164,3.462,-0.364493044753108,-0.8591065292096164,3.492901378352388,0.14408483361142,3.492,zhidaoyu,3.339611558156547,3.316,1367.0,3.0174737012137807,4.402895054282278,1.0,0.0,10,3491.0,349.1,167.0,733.0,144563.0,558.0,4158.743436892579,462.0826040991754,0,0.0,5.0,9,393.0,43.66666666666666,2.310413020495877,0.0,0,0,0.0,0.0,0,0,0.0,0.0,0,0,0.0,0.0,0,0,0.0,0.0,0,0,0.0,0.0,0,0,0.0,0.0,0,0,0.0,0.0,0,0,0.0,0.0,0,0,0.0,0.0,0,0,0.0,0.0,0,0,0.0,0.0,0,0,0.0,0.0,0.0,0.0,0.0,0.0,0.0,0.0,0.0,0.0,0.0,0.0,0.0,0.0,0.0,0.0,,,,,,,,,0.0,,0.0,,,,,,,,,,,,,,,,,,,,,,,,,
S006,R006,PRO,17,Image_009,147908,152342,4434,532,532,0,1657.681,495,147913,152338,1440.0,1080.0,4032.0,3024.0,3.348850505050505,3.366,-0.9997643033712428,-3.608247422680409,3.492901378352388,0.14408483361142,3.492,zhidaoyu,3.339611558156547,3.316,1367.0,0.2766473505397159,1.5078407720144835,1.0,0.0,15,4059.0,270.6,142.0,475.0,147913.0,475.0,3850.7318290004014,275.05227350002866,9,2.725480556997868,5.0,16,509.0,31.8125,2.1392954605557786,0.0,0,0,0.0,0.0,0,0,0.0,0.0,0,0,0.0,0.0,0,0,0.0,0.0,0,0,0.0,0.0,0,0,0.0,0.0,0,0,0.0,317.0,1,1,317.0,1684.0,7,3,1684.0,0.0,0,0,0.0,0.0,0,0,0.0,800.0,3,3,800.0,0.0,0.0,0.0,0.0,0.0,0.0,0.0,0.0780980537078098,0.414880512441488,0.0,0.0,0.1970928800197093,1.31342011997819,0.4558407953705522,0.8313399976198976,,,,,0.0,,,38.0,167.0,,,96.0,,,,,,,,3.3193684210526317,3.396461077844311,,,3.304583333333333,,,,,,,,-0.6061524447199392,1.702279402792126,,,-1.0488712298788692
S006,R006,PRO,18,Image_010,152342,156342,4000,480,480,0,1584.227,462,152347,156338,1440.0,1080.0,1600.0,1200.0,3.42906277056277,3.431,-0.443062647119287,-1.7468499427262296,3.492901378352388,0.14408483361142,3.492,zhidaoyu,3.339611558156547,3.316,1367.0,2.678491520600676,3.4680337756332995,1.0,0.0,16,3733.0,233.3125,117.0,425.0,152372.0,242.0,4591.121953289196,306.07479688594634,7,2.235926350629033,30.0,16,535.0,33.4375,2.5506233073828866,0.0,0,0,0.0,0.0,0,0,0.0,0.0,0,0,0.0,0.0,0,0,0.0,0.0,0,0,0.0,0.0,0,0,0.0,0.0,0,0,0.0,0.0,0,0,0.0,908.0,4,2,908.0,1016.0,5,2,1016.0,0.0,0,0,0.0,0.0,0,0,0.0,0.0,0.0,0.0,0.0,0.0,0.0,0.0,0.0,0.2432360032145727,0.2721671577819448,0.0,0.0,0.9977258965451608,0.5015754599954185,0.838011088011088,,,,,,,,0.0,108.0,122.0,0.0,,,,,,,,,,3.4876759259259256,3.4016803278688523,,,,,,,,,,,4.43358052848247,1.858562549309393,,
S006,R006,PRO,19,Image_011,156342,159892,3550,426,426,0,1402.905,405,156347,159888,1440.0,1080.0,960.0,720.0,3.4639629629629627,3.464,-0.2008428969524212,-0.801832760595648,3.492901378352388,0.14408483361142,3.492,zhidaoyu,3.339611558156547,3.316,1367.0,3.7235289985359055,4.463208685162852,1.0,0.0,13,3700.0,284.61538461538464,167.0,642.0,156347.0,383.0,3746.335954168219,312.1946628473516,2,1.0,5.0,12,409.0,34.083333333333336,2.081297752315677,0.0,0,0,0.0,0.0,0,0,0.0,0.0,0,0,0.0,0.0,0,0,0.0,0.0,0,0,0.0,0.0,0,0,0.0,0.0,0,0,0.0,0.0,0,0,0.0,0.0,0,0,0.0,0.0,0,0,0.0,0.0,0,0,0.0,267.0,1,1,267.0,0.0,0.0,0.0,0.0,0.0,0.0,0.0,0.0,0.0,0.0,0.0,0.0721621621621621,-0.0,1.0,0.9166666666666666,,,,,,,,0.0,0.0,,,32.0,,,,,,,,,,,,3.47721875,,,,,,,,,,,,4.12045501242102
S006,R006,PRO,20,Image_013,159892,166308,6416,770,752,18,2497.803,745,159897,166305,1920.0,1080.0,3840.0,2160.0,3.3527557046979863,3.329,-0.9726608286362604,-4.66781214203894,3.492901378352388,0.14408483361142,3.492,zhidaoyu,3.339611558156547,3.316,1367.0,0.3935830952955197,0.3920386007237739,0.9766233766233766,0.0233766233766233,23,5934.0,258.0,92.0,642.0,159897.0,642.0,5495.211939699624,249.78236089543745,8,2.5,5.0,24,707.0,29.45833333333333,2.4945272385192374,0.0,0,0,0.0,0.0,0,0,0.0,0.0,0,0,0.0,0.0,0,0,0.0,458.0,2,1,458.0,0.0,0,0,0.0,0.0,0,0,0.0,425.0,2,2,425.0,1134.0,5,3,1134.0,0.0,0,0,0.0,0.0,0,0,0.0,0.0,0,0,0.0,0.0,0.0,0.0,0.0,0.0771823390630266,0.0,0.0,0.0716211661611054,0.1911021233569262,0.0,0.0,0.0,1.4261380022180483,0.4120516020371217,0.8085853577921005,,,,,55.0,,,51.0,136.0,,0.0,0.0,,,,,3.349272727272727,,,3.2605098039215687,3.305058823529412,,,,,,,,0.2892902048019327,,,-2.368591462135255,-1.0346333405974988,,,
S006,R006,PRO,21,Image_014,166308,172091,5783,694,694,0,2375.663,694,166313,172089,1440.0,1080.0,4032.0,3024.0,3.4231455331412097,3.421,-0.4841303797407402,-2.03321878579611,3.492901378352388,0.14408483361142,3.492,zhidaoyu,3.339611558156547,3.316,1367.0,2.501308117126451,3.166465621230398,1.0,0.0,18,5467.0,303.72222222222223,175.0,550.0,166313.0,425.0,4159.005404154567,244.6473767149745,10,2.721928094887362,5.0,18,549.0,30.5,2.3105585578636485,0.0,0,0,0.0,0.0,0,0,0.0,850.0,2,2,850.0,0.0,0,0,0.0,608.0,2,2,608.0,0.0,0,0,0.0,0.0,0,0,0.0,684.0,2,2,684.0,408.0,1,1,408.0,0.0,0,0,0.0,0.0,0,0,0.0,0.0,0,0,0.0,0.0,0.0,0.155478324492409,0.0,0.1112127309310408,0.0,0.0,0.1251143222974209,0.0746295957563563,0.0,0.0,0.0,1.9537239771378565,0.2655108035371011,0.712483660130719,,,102.0,,73.0,0.0,,82.0,49.0,,,,,,3.4036764705882354,,3.4296301369863014,,,3.3988170731707315,3.4213673469387755,,,,,,1.9183342528330491,,2.69548051508854,,,1.7728263896315477,2.448062816843213,,,
S006,R006,PRO,22,Image_015,172091,176075,3984,478,478,0,1554.266,478,172097,176072,1440.0,1080.0,4032.0,3024.0,3.251602510460251,3.248,-1.6746999794780042,-6.987399770904919,3.492901378352388,0.14408483361142,3.492,zhidaoyu,3.339611558156547,3.316,1367.0,-2.635307914219714,-2.050663449939675,1.0,0.0,12,3876.0,323.0,142.0,742.0,172114.0,392.0,3352.3317786779,304.7574344252636,7,2.5216406363433186,23.0,12,391.0,32.583333333333336,1.862406543709944,0.0,0,0,0.0,0.0,0,0,0.0,0.0,0,0,0.0,0.0,0,0,0.0,1659.0,4,3,1659.0,0.0,0,0,0.0,0.0,0,0,0.0,0.0,0,0,0.0,208.0,1,1,208.0,0.0,0,0,0.0,400.0,1,1,400.0,0.0,0,0,0.0,0.0,0.0,0.0,0.0,0.4280185758513932,0.0,0.0,0.0,0.0536635706914344,0.0,0.1031991744066047,0.0,1.087432900311137,0.575088305016511,0.8566754888986914,,,,,167.0,,,,25.0,0.0,48.0,,,,,,3.2438622754491018,,,,3.30972,,3.1876458333333333,,,,,,-2.86707843232817,,,,-0.8950609265781466,,-4.55040121214271,
S006,R006,PRO,23,Image_016,176075,182008,5933,712,692,20,2220.439,690,176080,182005,1440.0,1080.0,4032.0,3024.0,3.218027536231884,3.22,-1.9077222441177013,-7.789232531500567,3.492901378352388,0.14408483361142,3.492,zhidaoyu,3.339611558156547,3.316,1367.0,-3.640663586389575,-2.8950542822677816,0.9719101123595506,0.0280898876404494,20,5718.0,285.9,108.0,742.0,176080.0,742.0,6536.03043840911,344.0016020215321,4,1.0,5.0,20,676.0,33.8,3.631128021338394,0.0,0,0,0.0,0.0,0,0,0.0,0.0,0,0,0.0,0.0,0,0,0.0,0.0,0,0,0.0,0.0,0,0,0.0,0.0,0,0,0.0,0.0,0,0,0.0,0.0,0,0,0.0,0.0,0,0,0.0,2710.0,8,3,2710.0,0.0,0,0,0.0,0.0,0.0,0.0,0.0,0.0,0.0,0.0,0.0,0.0,0.0,0.4739419377404687,0.0,-0.0,1.0,0.9166666666666666,,,,,,,,,0.0,,245.0,,,,,,,,,,,,3.20901224489796,,,,,,,,,,,,-3.9106138838098143,
S006,R006,PRO,24,Image_017,182008,185591,3583,430,430,0,1453.092,429,182014,185589,1440.0,1080.0,4032.0,3024.0,3.387160839160839,3.384,-0.7338769566595644,-3.092783505154642,3.492901378352388,0.14408483361142,3.492,zhidaoyu,3.339611558156547,3.316,1367.0,1.4237967552890902,2.0506634499396883,1.0,0.0,14,3484.0,248.8571428571429,125.0,367.0,182014.0,267.0,3810.745015796298,293.1342319843306,8,2.75,6.0,13,450.0,34.61538461538461,2.117080564331277,0.0,0,0,0.0,0.0,0,0,0.0,0.0,0,0,0.0,0.0,0,0,0.0,850.0,3,3,850.0,0.0,0,0,0.0,0.0,0,0,0.0,0.0,0,0,0.0,125.0,1,1,125.0,0.0,0,0,0.0,2001.0,8,3,2001.0,0.0,0,0,0.0,0.0,0.0,0.0,0.0,0.2439724454649827,0.0,0.0,0.0,0.0358783008036739,0.0,0.5743398392652124,0.0,1.093486223333349,0.5354355904584345,0.8550627240143369,,,,,102.0,,,,15.0,,197.0,,,,,,3.4236372549019607,,,,3.365733333333333,,3.3743350253807103,,,,,,2.516032037923467,,,,0.7821800446518314,,1.0397456895654849,
S006,R006,PRO,25,Image_018,185591,191158,5567,668,668,0,2351.518,668,185597,191155,1440.0,1080.0,3648.0,2736.0,3.520236526946108,3.512,0.1897156550663696,0.5727376861397485,3.492901378352388,0.14408483361142,3.492,zhidaoyu,3.339611558156547,3.316,1367.0,5.40856221282408,5.910735826296749,1.0,0.0,14,5600.0,400.0,175.0,950.0,185597.0,283.0,4210.310057703688,323.8700044387452,12,2.7516291673878226,6.0,13,460.0,35.38461538461539,2.339061143168715,0.0,0,0,0.0,1441.0,3,2,1441.0,808.0,2,2,808.0,0.0,0,0,0.0,0.0,0,0,0.0,0.0,0,0,0.0,0.0,0,0,0.0,0.0,0,0,0.0,1167.0,2,2,1167.0,0.0,0,0,0.0,492.0,2,2,492.0,0.0,0,0,0.0,0.0,0.2573214285714286,0.1442857142857143,0.0,0.0,0.0,0.0,0.0,0.2083928571428571,0.0,0.0878571428571428,0.0,1.8979673862307591,0.2837327362500249,0.7350307062436029,,172.0,97.0,,,,,,82.0,,59.0,,,3.4413197674418607,3.493505154639175,,,,,,3.622987804878048,,3.621305084745763,,,3.045510159314948,4.608128634204899,,,,,,8.485305604760937,,8.434918902505828,
S006,R006,PRO,26,Image_019,191158,196591,5433,652,632,20,2215.545,627,191164,196589,1439.0,1080.0,1706.0,1280.0,3.533564593301436,3.516,0.2822171767134889,0.6872852233676982,3.492901378352388,0.14408483361142,3.492,zhidaoyu,3.339611558156547,3.316,1367.0,5.807652529863389,6.0313630880579066,0.9693251533742332,0.0306748466257668,12,5175.0,431.25,117.0,950.0,191164.0,675.0,3430.2762823044272,311.8432983913116,7,2.5216406363433186,6.0,14,435.0,31.071428571428573,1.9065562981125108,0.0,0,0,0.0,0.0,0,0,0.0,0.0,0,0,0.0,0.0,0,0,0.0,250.0,1,1,250.0,0.0,0,0,0.0,0.0,0,0,0.0,0.0,0,0,0.0,708.0,1,1,708.0,0.0,0,0,0.0,1242.0,4,2,1242.0,0.0,0,0,0.0,0.0,0.0,0.0,0.0,0.0483091787439613,0.0,0.0,0.0,0.1368115942028985,0.0,0.24,0.0,1.3485855230783304,0.4351917355371901,0.8251515151515152,,,,,30.0,,,,85.0,,148.0,,,,,,3.4934000000000003,,,,3.606682352941177,,3.5090540540540545,,,,,,4.604979925519963,,,,7.997061638271838,,5.0737186929320375,
S006,R006,PRO,27,Image_020,196591,201274,4683,562,562,0,1918.491,560,196597,201272,1439.0,1080.0,1706.0,1280.0,3.4258767857142858,3.441,-0.465174515305751,-1.460481099656362,3.492901378352388,0.14408483361142,3.492,zhidaoyu,3.339611558156547,3.316,1367.0,2.583091657682398,3.7696019300361887,1.0,0.0,9,5199.0,577.6666666666666,225.0,950.0,196597.0,950.0,3443.7808526713743,430.4726065839218,2,1.0,6.0,8,344.0,43.0,1.914062172732356,2991.0,4,1,2991.0,0.0,0,0,0.0,0.0,0,0,0.0,0.0,0,0,0.0,0.0,0,0,0.0,0.0,0,0,0.0,0.0,0,0,0.0,1258.0,4,1,1258.0,3941.0,5,1,3941.0,0.0,0,0,0.0,0.0,0,0,0.0,0.0,0,0,0.0,0.5753029428736296,0.0,0.0,0.0,0.0,0.0,0.0,0.2419696095402962,0.7580303904597038,0.0,0.0,0.0,1.4536761633423725,0.3885158200909117,0.8045991045991046,358.0,,,,,,,130.0,390.0,,,,3.428508379888268,,,,,,,3.3831230769230767,3.4401076923076923,,,,2.661891066779985,,,,,,,1.302891609063301,3.0092162636608832,,,
S006,R006,PRO,28,Image_021,201274,205541,4267,512,488,24,1704.77,485,201281,205539,1440.0,1080.0,4032.0,3024.0,3.5149896907216496,3.555,0.1533007452320156,1.8041237113402109,3.492901378352388,0.14408483361142,3.492,zhidaoyu,3.339611558156547,3.316,1367.0,5.251453036110306,7.207478890229202,0.953125,0.046875,13,3892.0,299.38461538461536,133.0,625.0,201281.0,367.0,3516.18278640712,293.01523220059335,5,1.9219280948873625,7.0,15,448.0,29.866666666666667,1.953434881337289,0.0,0,0,0.0,0.0,0,0,0.0,0.0,0,0,0.0,742.0,2,2,742.0,0.0,0,0,0.0,0.0,0,0,0.0,0.0,0,0,0.0,0.0,0,0,0.0,183.0,1,1,183.0,0.0,0,0,0.0,0.0,0,0,0.0,0.0,0,0,0.0,0.0,0.0,0.0,0.1906474820143885,0.0,0.0,0.0,0.0,0.0470195272353545,0.0,0.0,0.0,0.7175826366376034,0.6826039444850256,0.8836936936936937,,,,89.0,,,,0.0,22.0,,,,,,,3.496685393258427,,,,,3.401136363636364,,,,,,,4.703356434320892,,,,,1.8422743007207236,,,
S006,R006,PRO,29,Image_022,205541,210174,4633,556,556,0,1942.79,556,205547,210172,1620.0,1080.0,5472.0,3648.0,3.494226618705036,3.5025,0.009197639469967,0.3006872852233663,3.492901378352388,0.14408483361142,3.492,zhidaoyu,3.339611558156547,3.316,1367.0,4.629731867194638,5.624246079613996,1.0,0.0,14,4799.0,342.7857142857143,150.0,625.0,205547.0,625.0,4818.036641339925,370.6182031799942,8,2.0,6.0,13,467.0,35.92307692307692,2.4745980281218523,0.0,0,0,0.0,0.0,0,0,0.0,0.0,0,0,0.0,0.0,0,0,0.0,0.0,0,0,0.0,0.0,0,0,0.0,0.0,0,0,0.0,883.0,2,2,883.0,625.0,2,2,625.0,0.0,0,0,0.0,0.0,0,0,0.0,0.0,0,0,0.0,0.0,0.0,0.0,0.0,0.0,0.0,0.0,0.1839966659720775,0.1302354657220254,0.0,0.0,0.0,0.9787812448124298,0.5146354720007881,0.8475906277630415,,,,,,,,106.0,75.0,,,,,,,,,,,3.464198113207547,3.4680000000000004,,,,,,,,,,,3.730570243916974,3.844412429639677,,,
S006,R006,PRO,30,Image_024,210174,214591,4417,530,530,0,1846.872,530,210181,214589,1440.0,1080.0,4032.0,3024.0,3.484664150943396,3.4615,-0.0571692884152314,-0.8734249713631148,3.492901378352388,0.14408483361142,3.492,zhidaoyu,3.339611558156547,3.316,1367.0,4.343397136489659,4.387816646562129,1.0,0.0,10,4649.0,464.9,183.0,1225.0,210181.0,458.0,4193.158852793481,465.9065391992757,7,2.5216406363433186,7.0,9,375.0,41.66666666666666,2.3295326959963782,0.0,0,0,0.0,0.0,0,0,0.0,0.0,0,0,0.0,0.0,0,0,0.0,0.0,0,0,0.0,0.0,0,0,0.0,0.0,0,0,0.0,300.0,1,1,300.0,2191.0,4,2,2191.0,0.0,0,0,0.0,0.0,0,0,0.0,392.0,1,1,392.0,0.0,0.0,0.0,0.0,0.0,0.0,0.0,0.0645300064530006,0.4712841471284147,0.0,0.0,0.0843192084319208,1.032044752469758,0.6068736450557762,0.8593189964157706,,,,,0.0,0.0,,36.0,263.0,,,47.0,,,,,,,,3.413222222222222,3.4734790874524712,,,3.6138085106382976,,,,,,,,2.204168442461257,4.008476044735536,,,8.210444469568982
S006,R006,PRO,31,Image_025,214591,217807,3216,386,386,0,1380.831,386,214597,217806,1620.0,1080.0,5472.0,3648.0,3.5772823834196896,3.5945,0.5856341916933979,2.9352806414662096,3.492901378352388,0.14408483361142,3.492,zhidaoyu,3.339611558156547,3.316,1367.0,7.116720646227975,8.398673100120634,1.0,0.0,11,3274.0,297.6363636363636,183.0,717.0,214597.0,717.0,3269.527242971806,326.9527242971806,8,2.5,6.0,10,393.0,39.3,1.67926611411129,0.0,0,0,0.0,0.0,0,0,0.0,0.0,0,0,0.0,0.0,0,0,0.0,0.0,0,0,0.0,0.0,0,0,0.0,0.0,0,0,0.0,541.0,2,2,541.0,2008.0,6,4,2008.0,0.0,0,0,0.0,0.0,0,0,0.0,0.0,0,0,0.0,0.0,0.0,0.0,0.0,0.0,0.0,0.0,0.1652412950519242,0.613317043372022,0.0,0.0,0.0,0.7457428355885192,0.665611526824341,0.8812933176409049,,,,,,,,65.0,187.0,,,0.0,,,,,,,,3.6441384615384615,3.5629679144385027,,,,,,,,,,,9.11863245406937,6.688093881350911,,,
S007,R007,PRO,1,Image_001,60169,69485,9316,1118,1089,29,3306.062,1056,60172,69481,1440.0,1080.0,4032.0,3024.0,3.1307405303030302,3.13,0.0504844418657628,0.4170676932948315,3.123029026067487,0.1527501137092464,3.117,zhidaoyu,2.9151931407942238,2.796,1108.0,7.393931691609381,11.945636623748216,0.9740608228980322,0.0259391771019678,26,8466.0,325.61538461538464,133.0,683.0,60172.0,317.0,6297.533089274048,251.9013235709619,16,2.85845859334435,3.0,29,843.0,29.06896551724138,3.498629494041137,0.0,0,0,0.0,0.0,0,0,0.0,0.0,0,0,0.0,0.0,0,0,0.0,0.0,0,0,0.0,0.0,0,0,0.0,0.0,0,0,0.0,742.0,2,2,742.0,1275.0,4,4,1275.0,0.0,0,0,0.0,1224.0,3,3,1224.0,242.0,1,1,242.0,0.0,0.0,0.0,0.0,0.0,0.0,0.0,0.0876446964327899,0.1506024096385542,0.0,0.144578313253012,0.0285849279470824,1.8034845809271407,0.3077108294098014,0.7523447219829649,,,,,0.0,,,89.0,136.0,,120.0,29.0,,,,,,,,3.033123595505618,3.178176470588236,,3.119275,3.114586206896552,,,,,,,,4.045373634464073,9.021128861546526,,7.000629095545144,6.839789217122179
S007,R007,PRO,2,Image_012,69485,80485,11000,1320,1296,24,3845.726,1283,69489,80481,1440.0,1080.0,4032.0,3024.0,2.997448168355417,3.023,-0.8221326627036628,-3.015720243824185,3.123029026067487,0.1527501137092464,3.117,zhidaoyu,2.9151931407942238,2.796,1108.0,2.821597869799596,8.118741058655234,0.9818181818181818,0.0181818181818181,34,10333.0,303.9117647058824,67.0,925.0,69489.0,508.0,9110.39801457826,276.0726671084321,15,3.1898980954642875,4.0,37,1117.0,30.18918918918919,5.061332230321255,0.0,0,0,0.0,0.0,0,0,0.0,0.0,0,0,0.0,0.0,0,0,0.0,1742.0,5,4,1742.0,0.0,0,0,0.0,0.0,0,0,0.0,0.0,0,0,0.0,217.0,1,1,217.0,1083.0,4,2,1083.0,3716.0,10,4,3716.0,0.0,0,0,0.0,0.0,0.0,0.0,0.0,0.1685860834220458,0.0,0.0,0.0,0.0210006774412077,0.1048098325752443,0.3596245040162585,0.0,1.5612225077862594,0.3955107276538122,0.8042320213080794,,,,,164.0,,,,26.0,130.0,412.0,,,,,,3.029756097560976,,,,3.0431538461538463,3.041676923076923,2.878233009708738,,,,,,3.9298582026555016,,,,4.38944176867681,4.338778810663648,-1.267845020910543,
S007,R007,PRO,3,Image_023,80485,86535,6050,726,726,0,2307.27,726,80489,86531,1440.0,1080.0,960.0,720.0,3.1780578512396693,3.2035,0.3602539064352339,2.775104266923325,3.123029026067487,0.1527501137092464,3.117,zhidaoyu,2.9151931407942238,2.796,1108.0,9.017059856755507,14.574391988555083,1.0,0.0,19,6076.0,319.7894736842105,142.0,850.0,80489.0,850.0,6609.562062824386,367.19789237913255,9,2.94770277922009,4.0,18,685.0,38.05555555555556,3.671978923791325,0.0,0,0,0.0,0.0,0,0,0.0,0.0,0,0,0.0,0.0,0,0,0.0,0.0,0,0,0.0,0.0,0,0,0.0,0.0,0,0,0.0,742.0,3,3,742.0,450.0,1,1,450.0,342.0,1,1,342.0,0.0,0,0,0.0,292.0,1,1,292.0,0.0,0.0,0.0,0.0,0.0,0.0,0.0,0.1221198156682027,0.0740618828176431,0.0562870309414088,0.0,0.0480579328505595,1.90144246466974,0.286506575940324,0.7332055494706097,,,,,,,,89.0,54.0,41.0,,35.0,,,,,,,,3.310797752808989,3.227462962962963,3.227707317073171,,3.1842571428571427,,,,,,,,13.57044260563079,10.711805602138051,10.720187692051354,,9.229714432904256
S007,R007,PRO,4,Image_026,86535,90151,3616,434,411,23,1294.619,407,86539,90148,1439.0,1080.0,1706.0,1280.0,3.180882063882064,3.171,0.3787430098068393,1.732435033686231,3.123029026067487,0.1527501137092464,3.117,zhidaoyu,2.9151931407942238,2.796,1108.0,9.113938948671365,13.412017167381975,0.9470046082949308,0.0529953917050691,14,3541.0,252.92857142857144,67.0,592.0,86539.0,592.0,4388.261042060634,337.5585416969719,8,1.811278124459133,4.0,14,476.0,34.0,2.43900666854798,0.0,0,0,0.0,0.0,0,0,0.0,0.0,0,0,0.0,0.0,0,0,0.0,417.0,2,1,417.0,0.0,0,0,0.0,0.0,0,0,0.0,1483.0,5,4,1483.0,0.0,0,0,0.0,0.0,0,0,0.0,0.0,0,0,0.0,0.0,0,0,0.0,0.0,0.0,0.0,0.0,0.1177633436882236,0.0,0.0,0.4188082462581192,0.0,0.0,0.0,0.0,0.7592053006884988,0.6573900277008311,0.8800877192982456,,,,,50.0,,,135.0,0.0,,,,,,,,3.15824,,,3.197555555555556,,,,,,,,,8.337247224023054,,,9.685890475318724,,,,
S007,R007,PRO,5,Image_027,90151,92968,2817,338,338,0,1098.742,338,90156,92964,810.0,1080.0,1280.0,1706.0,3.25071597633136,3.2575000000000003,0.8359204923861462,4.50753930060957,3.123029026067487,0.1527501137092464,3.117,zhidaoyu,2.9151931407942238,2.796,1108.0,11.509454754196016,16.505722460658102,1.0,0.0,10,2877.0,287.7,167.0,492.0,90156.0,317.0,2466.086836751833,274.0096485279814,7,2.235926350629033,5.0,9,283.0,31.444444444444443,1.826730990186543,0.0,0,0,0.0,0.0,0,0,0.0,1076.0,3,3,1076.0,0.0,0,0,0.0,0.0,0,0,0.0,0.0,0,0,0.0,0.0,0,0,0.0,625.0,2,2,625.0,0.0,0,0,0.0,0.0,0,0,0.0,0.0,0,0,0.0,0.0,0,0,0.0,0.0,0.0,0.3740006951685783,0.0,0.0,0.0,0.0,0.2172401807438304,0.0,0.0,0.0,0.0,0.948679042753724,0.5351491203604339,0.8554281795022536,,,88.0,,,,,75.0,0.0,,,,,,3.2832840909090906,,,,,3.23368,,,,,,,12.626640237448678,,,,,10.92506890020355,,,,
S007,R007,PRO,6,Image_028,92968,95268,2300,276,276,0,822.254,276,92973,95264,1620.0,1080.0,5472.0,3648.0,2.97918115942029,2.9755000000000003,-0.9417201935509236,-4.539621430863001,3.123029026067487,0.1527501137092464,3.117,zhidaoyu,2.9151931407942238,2.796,1108.0,2.1949838496338376,6.419885550786854,1.0,0.0,7,2458.0,351.1428571428572,133.0,533.0,92973.0,492.0,2528.556066846639,421.4260111411065,4,2.0,5.0,6,235.0,39.16666666666666,1.2986949504132632,533.0,1,1,533.0,0.0,0,0,0.0,0.0,0,0,0.0,0.0,0,0,0.0,0.0,0,0,0.0,0.0,0,0,0.0,0.0,0,0,0.0,533.0,1,1,533.0,1300.0,4,3,1300.0,0.0,0,0,0.0,0.0,0,0,0.0,0.0,0,0,0.0,0.2168429617575264,0.0,0.0,0.0,0.0,0.0,0.0,0.2168429617575264,0.5288852725793328,0.0,0.0,0.0,1.443482094285755,0.4033933099867166,0.8040293040293041,64.0,,,,,,,64.0,109.0,,,,3.035203125,,,,,,,3.035203125,2.96397247706422,,,,4.11670782722412,,,,,,,4.11670782722412,1.673279742168551,,,
S007,R007,PRO,7,Image_029,95268,98151,2883,346,346,0,1075.355,346,95273,98148,1620.0,1080.0,6000.0,4000.0,3.107962427745665,3.109,-0.0986355948022466,-0.2566570420275909,3.123029026067487,0.1527501137092464,3.117,zhidaoyu,2.9151931407942238,2.796,1108.0,6.6125734262301,11.194563662374827,1.0,0.0,12,2925.0,243.75,92.0,692.0,95273.0,267.0,3949.071386172237,359.0064896520215,5,1.9219280948873625,5.0,11,359.0,32.63636363636363,2.0282876600159048,0.0,0,0,0.0,0.0,0,0,0.0,0.0,0,0,0.0,0.0,0,0,0.0,400.0,3,2,400.0,0.0,0,0,0.0,0.0,0,0,0.0,442.0,2,1,442.0,0.0,0,0,0.0,0.0,0,0,0.0,0.0,0,0,0.0,0.0,0,0,0.0,0.0,0.0,0.0,0.0,0.1367521367521367,0.0,0.0,0.1511111111111111,0.0,0.0,0.0,0.0,0.998204443065324,0.501244068810264,0.8374901029295329,,,,,48.0,,,53.0,0.0,,0.0,,,,,,3.107333333333333,,,3.054981132075472,,,,,,,,,6.590993572616685,,,4.795153683819525,,,,
S007,R007,PRO,8,Image_030,98151,102601,4450,534,521,13,1601.998,517,98156,102598,1920.0,1079.0,2275.0,1279.0,3.0986421663442942,3.076,-0.1596519906336191,-1.3153673403913997,3.123029026067487,0.1527501137092464,3.117,zhidaoyu,2.9151931407942238,2.796,1108.0,6.292860084738384,10.014306151645217,0.9756554307116104,0.0243445692883895,16,4125.0,257.8125,117.0,692.0,98156.0,692.0,6028.195726897536,401.8797151265024,4,1.5,5.0,17,584.0,34.35294117647059,2.7370818080200228,0.0,0,0,0.0,0.0,0,0,0.0,0.0,0,0,0.0,0.0,0,0,0.0,0.0,0,0,0.0,0.0,0,0,0.0,0.0,0,0,0.0,400.0,2,2,400.0,692.0,1,1,692.0,0.0,0,0,0.0,0.0,0,0,0.0,0.0,0,0,0.0,0.0,0.0,0.0,0.0,0.0,0.0,0.0,0.0969696969696969,0.1677575757575757,0.0,0.0,0.0,0.9477890004120656,0.5357511841028324,0.8556166056166056,0.0,,,,,0.0,,48.0,40.0,,,,,,,,,,,3.0731875,3.264975,,,,,,,,,,,5.419687532700912,11.998582677457897,,,
S007,R007,PRO,9,Image_031,102601,105868,3267,392,392,0,1295.31,392,102606,105865,1621.0,1080.0,2731.0,1820.0,3.304362244897959,3.302,1.187123298484951,5.935194096888035,3.123029026067487,0.1527501137092464,3.117,zhidaoyu,2.9151931407942238,2.796,1108.0,13.34968509145536,18.09728183118742,1.0,0.0,14,2991.0,213.64285714285717,133.0,308.0,102631.0,175.0,4428.169539034911,340.6284260796085,9,2.5032583347756456,30.0,14,500.0,35.714285714285715,2.2733862568740424,0.0,0,0,0.0,0.0,0,0,0.0,467.0,2,2,467.0,0.0,0,0,0.0,0.0,0,0,0.0,0.0,0,0,0.0,0.0,0,0,0.0,0.0,0,0,0.0,491.0,2,2,491.0,158.0,1,1,158.0,0.0,0,0,0.0,0.0,0,0,0.0,0.0,0.0,0.1561350718823136,0.0,0.0,0.0,0.0,0.0,0.1641591440989635,0.0528251420929455,0.0,0.0,1.44638840512228,0.388720275947123,0.7997311827956989,,,31.0,,,,,,59.0,19.0,,,,,3.2885806451612902,,,,,,3.296322033898305,3.3859473684210526,,,,,12.808328173595394,,,,,,13.073881375840706,16.148303213233266,,
S007,R007,PRO,10,Image_002,105868,110601,4733,568,568,0,1789.71,568,105873,110598,810.0,1080.0,3072.0,4096.0,3.150897887323944,3.1155,0.1824474010507372,-0.048123195380175,3.123029026067487,0.1527501137092464,3.117,zhidaoyu,2.9151931407942238,2.796,1108.0,8.085390406259819,11.427038626609448,1.0,0.0,16,4482.0,280.125,133.0,717.0,105873.0,217.0,4235.429996900424,282.36199979336163,8,2.75,5.0,15,484.0,32.266666666666666,3.1373555532595736,0.0,0,0,0.0,0.0,0,0,0.0,0.0,0,0,0.0,0.0,0,0,0.0,0.0,0,0,0.0,0.0,0,0,0.0,0.0,0,0,0.0,0.0,0,0,0.0,325.0,2,1,325.0,1242.0,4,2,1242.0,1374.0,5,3,1374.0,0.0,0,0,0.0,0.0,0.0,0.0,0.0,0.0,0.0,0.0,0.0,0.072512271307452,0.2771084337349397,0.3065595716198125,0.0,1.3893012429712028,0.4088181707087396,0.8094469001473422,,,,,,,,,39.0,149.0,138.0,,,,,,,,,,3.2383076923076923,3.12096644295302,3.065920289855072,,,,,,,,,,11.083812835311448,7.058650738411637,5.17040009979525,
S007,R007,PRO,11,Image_003,110601,114551,3950,474,439,35,1353.18,431,110606,114548,1620.0,1080.0,5472.0,3648.0,3.1396287703016243,3.142,0.1086725491133457,0.8020532563362178,3.123029026067487,0.1527501137092464,3.117,zhidaoyu,2.9151931407942238,2.796,1108.0,7.698825383701855,12.374821173104438,0.9261603375527426,0.0738396624472573,12,3392.0,282.6666666666667,158.0,508.0,110606.0,283.0,3722.962509353336,338.4511372139396,7,0.9852281360342516,5.0,13,468.0,36.0,1.912155587479136,0.0,0,0,0.0,0.0,0,0,0.0,0.0,0,0,0.0,0.0,0,0,0.0,0.0,0,0,0.0,0.0,0,0,0.0,0.0,0,0,0.0,867.0,4,4,867.0,0.0,0,0,0.0,0.0,0,0,0.0,0.0,0,0,0.0,0.0,0,0,0.0,0.0,0.0,0.0,0.0,0.0,0.0,0.0,0.2556014150943396,0.0,0.0,0.0,0.0,-0.0,1.0,0.9166666666666666,,,,,0.0,,,97.0,0.0,,,0.0,,,,,,,,3.156185567010309,,,,,,,,,,,,8.266773917779911,,,,
S007,R007,PRO,12,Image_004,114551,118184,3633,436,436,0,1385.51,436,114556,118181,1439.0,1080.0,1706.0,1280.0,3.1777752293577985,3.161,0.3584036827266693,1.4116137311517496,3.123029026067487,0.1527501137092464,3.117,zhidaoyu,2.9151931407942238,2.796,1108.0,9.007365065768392,13.054363376251796,1.0,0.0,13,3606.0,277.38461538461536,133.0,400.0,114556.0,400.0,4949.445673541958,412.4538061284965,5,2.321928094887362,5.0,12,458.0,38.16666666666666,2.750914516634169,0.0,0,0,0.0,0.0,0,0,0.0,683.0,2,1,683.0,0.0,0,0,0.0,708.0,3,1,708.0,0.0,0,0,0.0,0.0,0,0,0.0,0.0,0,0,0.0,949.0,4,2,949.0,0.0,0,0,0.0,0.0,0,0,0.0,0.0,0,0,0.0,0.0,0.0,0.1894065446478092,0.0,0.1963394342762063,0.0,0.0,0.0,0.2631724902939545,0.0,0.0,0.0,1.5684136879349009,0.3412144787785813,0.7689458689458689,,,82.0,,85.0,,,0.0,114.0,,,,,,3.166682926829268,,3.210294117647059,,,,3.156938596491228,,,,,,8.62686531865701,,10.122861937457683,,,,8.29260512156471,,,
S007,R007,PRO,13,Image_005,118184,122101,3917,470,442,28,1482.442,437,118190,122098,1920.0,1080.0,960.0,540.0,3.392315789473684,3.401,1.7629234890048808,9.11132499197946,3.123029026067487,0.1527501137092464,3.117,zhidaoyu,2.9151931407942238,2.796,1108.0,16.36675944392049,21.63805436337625,0.9404255319148936,0.0595744680851063,12,3333.0,277.75,117.0,792.0,118190.0,250.0,7102.527436572034,645.6843124156395,2,1.0,6.0,16,534.0,33.375,3.2241610236833957,0.0,0,0,0.0,0.0,0,0,0.0,0.0,0,0,0.0,0.0,0,0,0.0,0.0,0,0,0.0,0.0,0,0,0.0,0.0,0,0,0.0,258.0,1,1,258.0,0.0,0,0,0.0,0.0,0,0,0.0,0.0,0,0,0.0,0.0,0,0,0.0,0.0,0.0,0.0,0.0,0.0,0.0,0.0,0.0774077407740774,0.0,0.0,0.0,0.0,-0.0,1.0,0.9166666666666666,,,,,0.0,,0.0,29.0,,,,0.0,,,,,,,,3.5028275862068963,,,,,,,,,,,,20.15765052371714,,,,
S007,R007,PRO,14,Image_006,122101,124951,2850,342,342,0,1071.779,342,122107,124948,1439.0,1080.0,1706.0,1280.0,3.1338567251461997,3.119,0.070885047583809,0.0641642605069048,3.123029026067487,0.1527501137092464,3.117,zhidaoyu,2.9151931407942238,2.796,1108.0,7.500826661948122,11.552217453505024,1.0,0.0,9,2659.0,295.44444444444446,208.0,392.0,122107.0,250.0,2672.568839186837,334.07110489835463,6,1.0,6.0,8,284.0,35.5,1.4854205705751091,0.0,0,0,0.0,0.0,0,0,0.0,0.0,0,0,0.0,0.0,0,0,0.0,0.0,0,0,0.0,0.0,0,0,0.0,0.0,0,0,0.0,0.0,0,0,0.0,0.0,0,0,0.0,0.0,0,0,0.0,1284.0,4,3,1284.0,0.0,0,0,0.0,0.0,0.0,0.0,0.0,0.0,0.0,0.0,0.0,0.0,0.0,0.4828883038736367,0.0,-0.0,1.0,0.9166666666666666,,,,,0.0,,,,0.0,,154.0,,,,,,,,,,,,3.1296233766233765,,,,,,,,,,,,7.3556099192362,
S007,R007,PRO,15,Image_007,124951,127384,2433,292,292,0,879.523,291,124957,127382,1439.0,1080.0,1706.0,1280.0,3.022415807560137,3.023,-0.6586785179018768,-3.015720243824185,3.123029026067487,0.1527501137092464,3.117,zhidaoyu,2.9151931407942238,2.796,1108.0,3.678063908201367,8.118741058655234,1.0,0.0,11,2358.0,214.3636363636364,125.0,342.0,124957.0,308.0,3441.783687718603,344.1783687718603,3,1.584962500721156,6.0,11,334.0,30.363636363636363,1.9129521433627923,392.0,2,1,392.0,0.0,0,0,0.0,0.0,0,0,0.0,0.0,0,0,0.0,0.0,0,0,0.0,0.0,0,0,0.0,0.0,0,0,0.0,433.0,2,1,433.0,392.0,2,1,392.0,0.0,0,0,0.0,0.0,0,0,0.0,0.0,0,0,0.0,0.1662425784563189,0.0,0.0,0.0,0.0,0.0,0.0,0.1836301950805767,0.1662425784563189,0.0,0.0,0.0,1.5833425654803717,0.3340899837889553,0.7556149000273897,47.0,,,,,,,21.0,47.0,,,,2.952744680851064,,,,,,,3.256333333333333,2.952744680851064,,,,1.2881321491655815,,,,,,,11.7021472013401,1.2881321491655815,,,
S007,R007,PRO,16,Image_008,127384,129151,1767,212,212,0,614.841,208,127390,129148,1440.0,1080.0,4096.0,3072.0,2.955966346153846,2.947,-1.0936992180027958,-5.453962143086299,3.123029026067487,0.1527501137092464,3.117,zhidaoyu,2.9151931407942238,2.796,1108.0,1.3986450773726244,5.400572246065818,1.0,0.0,6,1508.0,251.33333333333331,158.0,450.0,127390.0,325.0,1565.9605009541235,313.1921001908248,4,1.0,6.0,7,242.0,34.57142857142857,0.8699780560856243,0.0,0,0,0.0,0.0,0,0,0.0,0.0,0,0,0.0,0.0,0,0,0.0,0.0,0,0,0.0,0.0,0,0,0.0,0.0,0,0,0.0,0.0,0,0,0.0,0.0,0,0,0.0,0.0,0,0,0.0,858.0,3,2,858.0,0.0,0,0,0.0,0.0,0.0,0.0,0.0,0.0,0.0,0.0,0.0,0.0,0.0,0.5689655172413793,0.0,-0.0,1.0,0.9166666666666666,,,,,,,,,0.0,,103.0,,,,,,,,,,,,2.916067961165049,,,,,,,,,,,,0.030009002099504,
S007,R007,PRO,17,Image_009,129151,132167,3016,362,362,0,1100.258,362,129157,132165,1440.0,1080.0,4032.0,3024.0,3.039386740331491,3.0525,-0.5475759310739736,-2.069297401347442,3.123029026067487,0.1527501137092464,3.117,zhidaoyu,2.9151931407942238,2.796,1108.0,4.260218570061268,9.173819742489284,1.0,0.0,10,2924.0,292.4,150.0,858.0,129157.0,183.0,2655.102877622482,295.01143084694246,4,2.0,6.0,9,317.0,35.22222222222222,1.4750571542347122,0.0,0,0,0.0,0.0,0,0,0.0,0.0,0,0,0.0,0.0,0,0,0.0,0.0,0,0,0.0,0.0,0,0,0.0,0.0,0,0,0.0,325.0,1,1,325.0,183.0,1,1,183.0,0.0,0,0,0.0,0.0,0,0,0.0,167.0,1,1,167.0,0.0,0.0,0.0,0.0,0.0,0.0,0.0,0.1111491108071135,0.0625854993160054,0.0,0.0,0.0571135430916552,1.5167468662762866,0.3665360768175583,0.7890123456790124,,,,,0.0,,,39.0,22.0,,,20.0,,,,,,,,3.0502564102564103,3.0289545454545457,,,3.0486,,,,,,,,4.633081341066476,3.902362525089123,,,4.576261426350328
S007,R007,PRO,18,Image_010,132167,134851,2684,322,322,0,992.346,322,132173,134848,1440.0,1080.0,1600.0,1200.0,3.081819875776397,3.0595,-0.2697814704709781,-1.8447224895733112,3.123029026067487,0.1527501137092464,3.117,zhidaoyu,2.9151931407942238,2.796,1108.0,5.71580430299647,9.424177396280404,1.0,0.0,11,2692.0,244.72727272727272,150.0,383.0,132173.0,358.0,3781.831634404675,378.18316344046747,6,1.9182958340544891,6.0,10,368.0,36.8,2.101017574669264,0.0,0,0,0.0,0.0,0,0,0.0,0.0,0,0,0.0,0.0,0,0,0.0,0.0,0,0,0.0,0.0,0,0,0.0,0.0,0,0,0.0,0.0,0,0,0.0,217.0,1,1,217.0,834.0,4,2,834.0,0.0,0,0,0.0,0.0,0,0,0.0,0.0,0.0,0.0,0.0,0.0,0.0,0.0,0.0,0.0806092124814264,0.3098068350668648,0.0,0.0,0.7346809238068013,0.6723196882856344,0.8822549952426261,,,,,,,,0.0,26.0,100.0,0.0,,,,,,,,,,3.161076923076924,3.04274,,,,,,,,,,,8.43456232254,4.375245585650208,,
S007,R007,PRO,19,Image_011,134851,137251,2400,288,288,0,939.952,286,134857,137248,1440.0,1080.0,960.0,720.0,3.2865454545454544,3.3105,1.070483186606421,6.207892204042356,3.123029026067487,0.1527501137092464,3.117,zhidaoyu,2.9151931407942238,2.796,1108.0,12.73851493935866,18.40128755364809,1.0,0.0,9,2593.0,288.1111111111111,117.0,417.0,134857.0,383.0,2523.5432924384054,315.4429115548007,2,1.0,6.0,8,283.0,35.375,1.401968495799114,0.0,0,0,0.0,0.0,0,0,0.0,0.0,0,0,0.0,0.0,0,0,0.0,0.0,0,0,0.0,0.0,0,0,0.0,0.0,0,0,0.0,0.0,0,0,0.0,0.0,0,0,0.0,0.0,0,0,0.0,0.0,0,0,0.0,117.0,1,1,117.0,0.0,0.0,0.0,0.0,0.0,0.0,0.0,0.0,0.0,0.0,0.0,0.0451214809101426,-0.0,1.0,0.9166666666666666,,,,,,,,0.0,0.0,,,14.0,,,,,,,,,,,,3.333928571428572,,,,,,,,,,,,14.363900105783957
S007,R007,PRO,20,Image_013,137251,139834,2583,310,310,0,929.237,310,137257,139832,1920.0,1080.0,3840.0,2160.0,2.997538709677419,2.9065,-0.8215399212660075,-6.753288418350984,3.123029026067487,0.1527501137092464,3.117,zhidaoyu,2.9151931407942238,2.796,1108.0,2.824703712796241,3.952074391988557,1.0,0.0,8,2558.0,319.75,167.0,500.0,137257.0,342.0,2838.155584629718,405.4507978042454,4,1.5,6.0,7,284.0,40.57142857142857,1.2883682177691071,0.0,0,0,0.0,0.0,0,0,0.0,0.0,0,0,0.0,0.0,0,0,0.0,700.0,2,2,700.0,0.0,0,0,0.0,0.0,0,0,0.0,0.0,0,0,0.0,342.0,1,1,342.0,0.0,0,0,0.0,0.0,0,0,0.0,0.0,0,0,0.0,0.0,0.0,0.0,0.0,0.2736512900703675,0.0,0.0,0.0,0.1336982017200938,0.0,0.0,0.0,0.9130922125917452,0.559020192233303,0.8619641714651312,,,,,54.0,,,0.0,40.0,,0.0,0.0,,,,,2.8745370370370376,,,,3.4231000000000003,,,,,,,,-1.394628135894601,,,,17.422751587135025,,,
S007,R007,PRO,21,Image_014,139834,142584,2750,330,330,0,974.08,330,139840,142582,1440.0,1080.0,4032.0,3024.0,2.951757575757576,2.9425,-1.12125252250823,-5.598331729226825,3.123029026067487,0.1527501137092464,3.117,zhidaoyu,2.9151931407942238,2.796,1108.0,1.2542714392292562,5.239628040057228,1.0,0.0,11,2875.0,261.3636363636364,142.0,500.0,139840.0,500.0,3597.6628847263664,359.76628847263663,2,1.0,6.0,10,359.0,35.9,1.9987016026257591,0.0,0,0,0.0,0.0,0,0,0.0,733.0,3,1,733.0,0.0,0,0,0.0,0.0,0,0,0.0,0.0,0,0,0.0,0.0,0,0,0.0,0.0,0,0,0.0,0.0,0,0,0.0,0.0,0,0,0.0,0.0,0,0,0.0,0.0,0,0,0.0,0.0,0.0,0.2549565217391304,0.0,0.0,0.0,0.0,0.0,0.0,0.0,0.0,0.0,-0.0,1.0,0.9166666666666666,,,88.0,,0.0,0.0,,0.0,0.0,,,,,,2.984011363636364,,,,,,,,,,,,2.360674559744317,,,,,,,,,
S007,R007,PRO,22,Image_015,142584,144351,1767,212,212,0,617.269,212,142590,144349,1440.0,1080.0,4032.0,3024.0,2.9116462264150944,2.923,-1.3838470854087292,-6.223933269169072,3.123029026067487,0.1527501137092464,3.117,zhidaoyu,2.9151931407942238,2.796,1108.0,-0.1216699617426575,4.54220314735337,1.0,0.0,7,2149.0,307.0,150.0,558.0,142590.0,350.0,1758.9531681000851,293.1588613500142,4,2.0,6.0,6,201.0,33.5,0.9771962045000474,0.0,0,0,0.0,0.0,0,0,0.0,0.0,0,0,0.0,0.0,0,0,0.0,275.0,1,1,275.0,0.0,0,0,0.0,0.0,0,0,0.0,0.0,0,0,0.0,233.0,1,1,233.0,0.0,0,0,0.0,275.0,1,1,275.0,0.0,0,0,0.0,0.0,0.0,0.0,0.0,0.1279664960446719,0.0,0.0,0.0,0.1084225221033038,0.0,0.1279664960446719,0.0,1.5807309923982444,0.3352514887724294,0.7589399744572158,,,,,33.0,,,,28.0,0.0,33.0,,,,,,2.938121212121212,,,,2.8648214285714286,,2.938121212121212,,,,,,0.7865026507554834,,,,-1.7279030853191182,,0.7865026507554834,
S007,R007,PRO,23,Image_016,144351,145967,1616,194,194,0,573.254,194,144357,145965,1440.0,1080.0,4032.0,3024.0,2.954917525773196,2.9435,-1.1005654674292702,-5.566249598973364,3.123029026067487,0.1527501137092464,3.117,zhidaoyu,2.9151931407942238,2.796,1108.0,1.3626673451951856,5.275393419170258,1.0,0.0,5,1583.0,316.6,225.0,558.0,144357.0,558.0,927.7725339837924,231.9431334959481,2,1.0,6.0,4,133.0,33.25,0.5154291855465514,0.0,0,0,0.0,0.0,0,0,0.0,0.0,0,0,0.0,0.0,0,0,0.0,0.0,0,0,0.0,0.0,0,0,0.0,0.0,0,0,0.0,0.0,0,0,0.0,250.0,1,1,250.0,0.0,0,0,0.0,558.0,1,1,558.0,0.0,0,0,0.0,0.0,0.0,0.0,0.0,0.0,0.0,0.0,0.0,0.1579279848389134,0.0,0.3524952621604548,0.0,0.8924865283381704,0.5726521909616704,0.8650990099009901,,,,,,,,,30.0,,56.0,,,,,,,,,,2.9256333333333333,,2.894642857142857,,,,,,,,,,0.3581303891331755,,-0.7049372943354171,
S007,R007,PRO,24,Image_017,145967,149384,3417,410,352,58,1094.713,344,145974,149382,1440.0,1080.0,4032.0,3024.0,3.18230523255814,3.1025,0.3880599827472661,-0.4651908886750066,3.123029026067487,0.1527501137092464,3.117,zhidaoyu,2.9151931407942238,2.796,1108.0,9.162757967080845,10.962088698140208,0.8585365853658536,0.1414634146341463,12,2675.0,222.91666666666663,67.0,450.0,145974.0,283.0,7884.19173495287,716.7447031775337,7,2.807354922057604,7.0,22,602.0,27.363636363636363,4.380106519418261,0.0,0,0,0.0,0.0,0,0,0.0,0.0,0,0,0.0,0.0,0,0,0.0,700.0,4,2,700.0,0.0,0,0,0.0,0.0,0,0,0.0,0.0,0,0,0.0,258.0,1,1,258.0,0.0,0,0,0.0,725.0,3,2,725.0,0.0,0,0,0.0,0.0,0.0,0.0,0.0,0.2616822429906542,0.0,0.0,0.0,0.0964485981308411,0.0,0.2710280373831775,0.0,1.464545920488597,0.3820629135717738,0.7962467815408992,,,,,84.0,,,,31.0,,87.0,,,,,,3.178035714285714,,,,3.003129032258064,,3.0537011494252875,,,,,,9.01630049183915,,,,3.016468796982808,,4.751246382026292,
S007,R007,PRO,25,Image_018,149384,153717,4333,520,520,0,1676.036,519,149390,153715,1440.0,1080.0,3648.0,2736.0,3.229356454720617,3.229,0.6960873944455426,3.593198588386272,3.123029026067487,0.1527501137092464,3.117,zhidaoyu,2.9151931407942238,2.796,1108.0,10.776758134138651,15.486409155937064,1.0,0.0,14,4442.0,317.2857142857143,150.0,592.0,149390.0,450.0,4538.410649084598,349.108511468046,10,3.321928094887362,6.0,13,457.0,35.15384615384615,2.5213392494914437,0.0,0,0,0.0,1459.0,5,3,1459.0,658.0,2,1,658.0,0.0,0,0,0.0,0.0,0,0,0.0,0.0,0,0,0.0,0.0,0,0,0.0,0.0,0,0,0.0,675.0,2,2,675.0,0.0,0,0,0.0,1300.0,3,3,1300.0,0.0,0,0,0.0,0.0,0.3284556506078343,0.1481314723097703,0.0,0.0,0.0,0.0,0.0,0.1519585772174696,0.0,0.2926609635299415,0.0,1.908878651529582,0.2811239583422915,0.7283317041381557,,149.0,79.0,,,,,,81.0,,114.0,,,3.1776107382550336,3.195886075949367,,,,,,3.279320987654321,,3.2780087719298243,,,9.001722520152352,9.628622242115696,,,,,,12.490693730189466,,12.445680735814111,
S007,R007,PRO,26,Image_019,153717,158000,4283,514,483,31,1491.926,478,153724,157999,1439.0,1080.0,1706.0,1280.0,3.12118410041841,3.1165000000000003,-0.0120780639979677,-0.0160410651267155,3.123029026067487,0.1527501137092464,3.117,zhidaoyu,2.9151931407942238,2.796,1108.0,7.066117052130067,11.46280400572248,0.9396887159533074,0.0603112840466926,14,4024.0,287.42857142857144,83.0,592.0,153724.0,592.0,4137.018384042016,318.2321833878474,7,1.950212064914747,7.0,14,459.0,32.785714285714285,2.2993653590502707,0.0,0,0,0.0,0.0,0,0,0.0,0.0,0,0,0.0,0.0,0,0,0.0,908.0,3,2,908.0,0.0,0,0,0.0,0.0,0,0,0.0,0.0,0,0,0.0,0.0,0,0,0.0,0.0,0,0,0.0,1467.0,3,2,1467.0,0.0,0,0,0.0,0.0,0.0,0.0,0.0,0.2256461232604373,0.0,0.0,0.0,0.0,0.0,0.3645626242544731,0.0,0.9596611851233507,0.5276991468144046,0.8529473684210527,,,,,109.0,,,,0.0,,147.0,,,,,,3.085715596330276,,,,,,3.1403197278911565,,,,,,5.849439378469258,,,,,,7.722527332634953,
S007,R007,PRO,27,Image_020,158000,158867,867,104,104,0,328.687,104,158007,158865,1439.0,1080.0,1706.0,1280.0,3.160451923076923,3.1685,0.2449942333965711,1.652229708052611,3.123029026067487,0.1527501137092464,3.117,zhidaoyu,2.9151931407942238,2.796,1108.0,8.413122919734942,13.32260371959943,1.0,0.0,4,1199.0,299.75,175.0,433.0,158007.0,258.0,410.2390188402229,136.74633961340763,2,1.0,7.0,3,83.0,27.666666666666668,0.2280118919680391,766.0,2,1,766.0,0.0,0,0,0.0,0.0,0,0,0.0,0.0,0,0,0.0,0.0,0,0,0.0,0.0,0,0,0.0,0.0,0,0,0.0,258.0,1,1,258.0,508.0,2,1,508.0,0.0,0,0,0.0,0.0,0,0,0.0,0.0,0,0,0.0,0.6388657214345288,0.0,0.0,0.0,0.0,0.0,0.0,0.2151793160967473,0.4236864053377814,0.0,0.0,0.0,1.4608689249184448,0.3883147338927936,0.8052654482158399,46.0,,,,,,,27.0,61.0,,,,2.99295652173913,,,,,,,3.359148148148148,3.0948032786885245,,,,2.667520716096385,,,,,,,15.22900836796606,6.161174550697785,,,
S007,R007,PRO,28,Image_021,158867,160767,1900,228,228,0,698.823,228,158874,160765,1440.0,1080.0,4032.0,3024.0,3.0650131578947373,3.0855,-0.3798090015381635,-1.010587102983648,3.123029026067487,0.1527501137092464,3.117,zhidaoyu,2.9151931407942238,2.796,1108.0,5.139282711803327,10.35407725321888,1.0,0.0,8,1883.0,235.375,158.0,433.0,158874.0,433.0,3280.994498683799,468.7134998119713,3,1.584962500721156,7.0,7,275.0,39.285714285714285,1.8227747214909995,0.0,0,0,0.0,0.0,0,0,0.0,0.0,0,0,0.0,591.0,2,1,591.0,0.0,0,0,0.0,0.0,0,0,0.0,0.0,0,0,0.0,375.0,1,1,375.0,158.0,1,1,158.0,0.0,0,0,0.0,0.0,0,0,0.0,0.0,0,0,0.0,0.0,0.0,0.0,0.3138608603292618,0.0,0.0,0.0,0.199150292087095,0.0839086563993627,0.0,0.0,0.0,1.4138988594063175,0.4075350489482149,0.8142052194543298,,,,65.0,,,,45.0,19.0,,,,,,,2.985523076923077,,,,3.1049111111111114,3.084684210526316,,,,,,,2.412530927871652,,,,6.507903975967808,5.814059705351658,,,
S007,R007,PRO,29,Image_022,160767,161884,1117,134,134,0,424.113,134,160774,161882,1620.0,1080.0,5472.0,3648.0,3.1650223880597017,3.1925,0.2749154221393722,2.422200834135384,3.123029026067487,0.1527501137092464,3.117,zhidaoyu,2.9151931407942238,2.796,1108.0,8.569903783370394,14.180972818311876,1.0,0.0,5,1284.0,256.8,125.0,442.0,160774.0,250.0,2131.053144592798,532.7632861481995,0,0.0,7.0,4,158.0,39.5,1.0945329606222376,0.0,0,0,0.0,0.0,0,0,0.0,0.0,0,0,0.0,0.0,0,0,0.0,0.0,0,0,0.0,0.0,0,0,0.0,0.0,0,0,0.0,0.0,0,0,0.0,0.0,0,0,0.0,0.0,0,0,0.0,0.0,0,0,0.0,0.0,0,0,0.0,0.0,0.0,0.0,0.0,0.0,0.0,0.0,0.0,0.0,0.0,0.0,0.0,0.0,0.0,0.0,,,,,,,,0.0,0.0,,,,,,,,,,,,,,,,,,,,,,,,,,,
S007,R007,PRO,30,Image_024,161884,166117,4233,508,508,0,1602.471,508,161890,166116,1440.0,1080.0,4032.0,3024.0,3.154470472440945,3.172,0.2058358295778771,1.7645171639396908,3.123029026067487,0.1527501137092464,3.117,zhidaoyu,2.9151931407942238,2.796,1108.0,8.20794095246575,13.447782546495004,1.0,0.0,16,4251.0,265.6875,142.0,458.0,161890.0,442.0,5456.628094352884,363.7752062901922,12,3.084962500721156,6.0,15,552.0,36.8,3.031460052418269,0.0,0,0,0.0,0.0,0,0,0.0,0.0,0,0,0.0,0.0,0,0,0.0,692.0,3,3,692.0,0.0,0,0,0.0,0.0,0,0,0.0,375.0,2,2,375.0,950.0,4,3,950.0,0.0,0,0,0.0,0.0,0,0,0.0,250.0,1,1,250.0,0.0,0.0,0.0,0.0,0.1627852270054104,0.0,0.0,0.0882145377558221,0.2234768289814161,0.0,0.0,0.0588096918372147,1.8285566037221503,0.3083089898233005,0.7555138950154389,,,,,83.0,0.0,,45.0,114.0,,,30.0,,,,,3.223566265060241,,,3.0850444444444443,3.211447368421053,,,3.1772,,,,,10.578137000624372,,,5.826416825471337,10.162421950063909,,,8.987632947516982
S007,R007,PRO,31,Image_025,166117,167334,1217,145,126,19,389.115,121,166124,167324,1620.0,1080.0,5472.0,3648.0,3.215826446280992,3.227,0.6075113003852879,3.529034327879367,3.123029026067487,0.1527501137092464,3.117,zhidaoyu,2.9151931407942238,2.796,1108.0,10.312637652710151,15.414878397711018,0.8689655172413793,0.1310344827586207,3,933.0,311.0,225.0,458.0,166124.0,458.0,1454.4212449127704,727.2106224563852,1,-0.0,7.0,4,142.0,35.5,0.7470071758770886,0.0,0,0,0.0,0.0,0,0,0.0,0.0,0,0,0.0,0.0,0,0,0.0,0.0,0,0,0.0,0.0,0,0,0.0,0.0,0,0,0.0,0.0,0,0,0.0,225.0,1,1,225.0,0.0,0,0,0.0,0.0,0,0,0.0,0.0,0,0,0.0,0.0,0.0,0.0,0.0,0.0,0.0,0.0,0.0,0.2411575562700964,0.0,0.0,0.0,-0.0,1.0,0.9166666666666666,,,,,,,,0.0,27.0,,,0.0,,,,,,,,,3.1727777777777777,,,,,,,,,,,,8.835937261891928,,,
S008,R008,PRO,1,Image_001,71829,79396,7567,908,832,76,2773.774,831,71837,79395,1440.0,1080.0,4032.0,3024.0,3.3378748495788213,3.328,-0.8853450533241902,-7.555555555555562,3.605653567300621,0.3024568971344843,3.6,zhidaoyu,3.123585472419443,3.08,1831.0,6.860365405445291,8.051948051948045,0.9162995594713657,0.0837004405286343,23,5959.0,259.0869565217391,92.0,633.0,71837.0,267.0,4710.591483485589,214.11779470389044,5,1.9219280948873625,8.0,30,987.0,32.9,2.6169952686031053,0.0,0,0,0.0,0.0,0,0,0.0,0.0,0,0,0.0,0.0,0,0,0.0,0.0,0,0,0.0,0.0,0,0,0.0,0.0,0,0,0.0,0.0,0,0,0.0,225.0,1,1,225.0,0.0,0,0,0.0,959.0,5,2,959.0,0.0,0,0,0.0,0.0,0.0,0.0,0.0,0.0,0.0,0.0,0.0,0.0377580130894445,0.0,0.160933042456788,0.0,0.7015421275916011,0.6921581103907961,0.8849943693693694,,,,,0.0,,,0.0,27.0,,115.0,0.0,,,,,,,,,3.1345185185185187,,3.496286956521739,,,,,,,,,,0.3500159094608451,,11.931848428453982,
S008,R008,PRO,2,Image_012,79396,90612,11216,1346,1229,117,3840.996,1130,79403,90612,1440.0,1080.0,4032.0,3024.0,3.399111504424779,3.4125,-0.6828809818279821,-5.2083333333333455,3.605653567300621,0.3024568971344843,3.6,zhidaoyu,3.123585472419443,3.08,1831.0,8.820825760593676,10.795454545454533,0.913075780089153,0.0869242199108469,32,8674.0,271.0625,75.0,867.0,79403.0,217.0,5810.984539124227,187.45111416529764,15,2.606238928653389,7.0,54,1620.0,30.0,3.228324743957904,0.0,0,0,0.0,0.0,0,0,0.0,0.0,0,0,0.0,0.0,0,0,0.0,2225.0,6,3,2225.0,0.0,0,0,0.0,0.0,0,0,0.0,0.0,0,0,0.0,0.0,0,0,0.0,800.0,2,2,800.0,2191.0,9,6,2191.0,0.0,0,0,0.0,0.0,0.0,0.0,0.0,0.2565137191607101,0.0,0.0,0.0,0.0,0.0922296518330643,0.2525939589578049,0.0,1.464809867071117,0.3819324947542248,0.7955329754601227,,,,,265.0,,,,0.0,96.0,254.0,,,,,,3.375879245283018,,,,,3.5460208333333334,3.3760511811023624,,,,,,8.077056801911551,,,,,13.524053196043443,8.082561239707855,
S008,R008,PRO,3,Image_023,90612,102612,12000,1439,1162,276,4444.829,1134,90620,102604,1440.0,1080.0,960.0,720.0,3.919602292768959,3.944,1.0379949290055188,9.555555555555552,3.605653567300621,0.3024568971344843,3.6,zhidaoyu,3.123585472419443,3.08,1831.0,25.4840735871698,28.051948051948045,0.8075052119527449,0.1917998610145934,30,8298.0,276.6,83.0,717.0,90620.0,717.0,7043.172450191199,242.86801552383443,4,1.0,8.0,57,1878.0,32.94736842105263,3.9128735834395543,0.0,0,0,0.0,0.0,0,0,0.0,0.0,0,0,0.0,0.0,0,0,0.0,0.0,0,0,0.0,0.0,0,0,0.0,0.0,0,0,0.0,0.0,0,0,0.0,0.0,0,0,0.0,0.0,0,0,0.0,0.0,0,0,0.0,466.0,2,2,466.0,0.0,0.0,0.0,0.0,0.0,0.0,0.0,0.0,0.0,0.0,0.0,0.0561581103880453,-0.0,1.0,0.9166666666666666,,,,,,,,0.0,0.0,0.0,,56.0,,,,,,,,,,,,3.854857142857143,,,,,,,,,,,,23.411290547182524
S008,R008,PRO,4,Image_026,102612,118545,15933,1912,1484,428,5661.336,1453,102612,118537,1439.0,1080.0,1706.0,1280.0,3.896308327598073,3.929,0.960979111573096,9.13888888888888,3.605653567300621,0.3024568971344843,3.6,zhidaoyu,3.123585472419443,3.08,1831.0,24.73832914135369,27.56493506493506,0.7761506276150628,0.2238493723849372,40,9526.0,238.15,67.0,892.0,102612.0,383.0,10082.109329220604,258.51562382616936,14,2.1820058147602133,0.0,75,2644.0,35.25333333333333,5.603662054582733,0.0,0,0,0.0,0.0,0,0,0.0,0.0,0,0,0.0,0.0,0,0,0.0,892.0,1,1,892.0,0.0,0,0,0.0,0.0,0,0,0.0,2576.0,14,5,2576.0,608.0,3,3,608.0,0.0,0,0,0.0,0.0,0,0,0.0,0.0,0,0,0.0,0.0,0.0,0.0,0.0,0.0936384631534747,0.0,0.0,0.2704178039051018,0.0638253201763594,0.0,0.0,0.0,1.3075643133675152,0.4695563488998527,0.8304710500490677,,,,,86.0,,,307.0,61.0,,,,,,,,3.653302325581396,,,3.982074918566776,4.058786885245902,,,,,,,,16.958615598620028,,,27.484102923630587,29.93999751516573,,,
S008,R008,PRO,5,Image_027,118545,125995,7450,894,789,105,2803.391,784,118546,125987,810.0,1080.0,1280.0,1706.0,3.575753826530612,3.612,-0.0988562041510138,0.3333333333333336,3.605653567300621,0.3024568971344843,3.6,zhidaoyu,3.123585472419443,3.08,1831.0,14.475939848731963,17.272727272727273,0.8825503355704698,0.1174496644295302,22,6299.0,286.3181818181818,83.0,892.0,118546.0,892.0,4003.321746035084,190.6343688588135,8,2.0,1.0,30,1083.0,36.1,2.965423515581544,0.0,0,0,0.0,0.0,0,0,0.0,1650.0,6,2,1650.0,0.0,0,0,0.0,0.0,0,0,0.0,0.0,0,0,0.0,0.0,0,0,0.0,983.0,3,2,983.0,0.0,0,0,0.0,0.0,0,0,0.0,0.0,0,0,0.0,0.0,0,0,0.0,0.0,0.0,0.2619463406889982,0.0,0.0,0.0,0.0,0.1560565169074456,0.0,0.0,0.0,0.0,0.9532009564059054,0.5320863232145564,0.8544436004557538,,,198.0,,,,,118.0,0.0,,,,,,3.3535858585858587,,,,,3.7635593220338985,,,,,,,7.363345366959456,,,,,20.488437254727963,,,,
S008,R008,PRO,6,Image_028,125995,134795,8800,1056,981,75,3326.347,976,125996,134788,1620.0,1080.0,5472.0,3648.0,3.408142418032787,3.4635,-0.6530224674625698,-3.7916666666666745,3.605653567300621,0.3024568971344843,3.6,zhidaoyu,3.123585472419443,3.08,1831.0,9.10994586592612,12.451298701298692,0.9289772727272728,0.0710227272727272,23,7260.0,315.6521739130435,92.0,817.0,125996.0,433.0,6224.936911644327,282.95167780201484,10,2.721928094887362,1.0,29,1111.0,38.310344827586206,3.1971978947951665,2626.0,5,4,2626.0,0.0,0,0,0.0,0.0,0,0,0.0,0.0,0,0,0.0,0.0,0,0,0.0,0.0,0,0,0.0,0.0,0,0,0.0,2759.0,6,4,2759.0,1600.0,7,3,1600.0,0.0,0,0,0.0,0.0,0,0,0.0,0.0,0,0,0.0,0.3617079889807162,0.0,0.0,0.0,0.0,0.0,0.0,0.3800275482093664,0.2203856749311294,0.0,0.0,0.0,1.5469715135999091,0.3498232893986449,0.7776544977332379,315.0,,,,,,,331.0,162.0,,,,3.393704761904762,,,,,,,3.4031540785498486,3.3606604938271607,,,,8.647731649106822,,,,,,,8.95024671483888,7.589836215497763,,,
S008,R008,PRO,7,Image_029,134795,146678,11883,1426,1267,159,4433.667,1261,134796,146671,1620.0,1080.0,6000.0,4000.0,3.515992862807295,3.511,-0.296441262681666,-2.472222222222221,3.605653567300621,0.3024568971344843,3.6,zhidaoyu,3.123585472419443,3.08,1831.0,12.562722994223185,13.993506493506494,0.8884992987377279,0.111500701262272,32,9150.0,285.9375,125.0,542.0,134929.0,158.0,9175.951013222068,295.99841978135703,10,2.4464393446710155,134.0,43,1552.0,36.093023255813954,4.712872062580899,0.0,0,0,0.0,0.0,0,0,0.0,0.0,0,0,0.0,0.0,0,0,0.0,1851.0,4,4,1851.0,0.0,0,0,0.0,0.0,0,0,0.0,2092.0,8,4,2092.0,0.0,0,0,0.0,0.0,0,0,0.0,0.0,0,0,0.0,0.0,0,0,0.0,0.0,0.0,0.0,0.0,0.2022950819672131,0.0,0.0,0.2286338797814207,0.0,0.0,0.0,0.0,0.9973035287195248,0.5018678867238828,0.8384267478231465,,,,,203.0,,,251.0,0.0,,0.0,,,,,,3.5836748768472906,,,3.44416733067729,,,,,,,,,14.729528245355652,,,10.263265119155964,,,,
S008,R008,PRO,8,Image_030,146678,154478,7800,936,849,87,2720.688,847,146679,154471,1920.0,1079.0,2275.0,1279.0,3.21214639905549,3.196,-1.3010355259650812,-11.22222222222222,3.605653567300621,0.3024568971344843,3.6,zhidaoyu,3.123585472419443,3.08,1831.0,2.835233017249576,3.7662337662337695,0.907051282051282,0.0929487179487179,23,6250.0,271.7391304347826,67.0,575.0,146679.0,542.0,5409.761121412246,245.89823279146572,2,1.0,1.0,32,1134.0,35.4375,2.4562836745800203,0.0,0,0,0.0,0.0,0,0,0.0,0.0,0,0,0.0,0.0,0,0,0.0,0.0,0,0,0.0,0.0,0,0,0.0,0.0,0,0,0.0,0.0,0,0,0.0,75.0,1,1,75.0,0.0,0,0,0.0,0.0,0,0,0.0,0.0,0,0,0.0,0.0,0.0,0.0,0.0,0.0,0.0,0.0,0.0,0.012,0.0,0.0,0.0,-0.0,1.0,0.9166666666666666,0.0,,,,,0.0,,0.0,9.0,,,,,,,,,,,,3.460111111111111,,,,,,,,,,,,10.773697139492857,,,
S008,R008,PRO,9,Image_031,154478,161511,7033,844,597,247,2205.144,592,154480,161505,1621.0,1080.0,2731.0,1820.0,3.724905405405405,3.8165,0.3942771324925692,6.013888888888887,3.605653567300621,0.3024568971344843,3.6,zhidaoyu,3.123585472419443,3.08,1831.0,19.250951776267424,23.91233766233766,0.707345971563981,0.2926540284360189,16,3734.0,233.375,75.0,658.0,154621.0,167.0,6137.780393748265,409.1853595832177,10,2.4464393446710155,143.0,37,1382.0,37.35135135135136,3.1510865769379133,0.0,0,0,0.0,0.0,0,0,0.0,975.0,3,3,975.0,0.0,0,0,0.0,0.0,0,0,0.0,0.0,0,0,0.0,0.0,0,0,0.0,0.0,0,0,0.0,333.0,2,2,333.0,225.0,1,1,225.0,0.0,0,0,0.0,0.0,0,0,0.0,0.0,0.0,0.2611140867702196,0.0,0.0,0.0,0.0,0.0,0.0891805034815211,0.0602570969469737,0.0,0.0,1.3000410601456578,0.4732327158673565,0.831539465101109,,,76.0,,,,,,40.0,27.0,,,,,3.9994605263157896,,,,,,3.8374,3.932555555555556,,,,,28.040694312037445,,,,,,22.852408998677287,25.89876570624164,,
S008,R008,PRO,10,Image_002,161511,171244,9733,1168,920,248,3595.656,919,161513,171238,810.0,1080.0,3072.0,4096.0,3.912574537540805,3.896,1.0147593695101462,8.222222222222216,3.605653567300621,0.3024568971344843,3.6,zhidaoyu,3.123585472419443,3.08,1831.0,25.259083578405583,26.493506493506487,0.7876712328767124,0.2123287671232876,24,6307.0,262.7916666666667,67.0,667.0,161513.0,658.0,3937.7717608211465,171.20746786178898,15,2.206238928653389,2.0,48,1559.0,32.479166666666664,2.916867970978627,0.0,0,0,0.0,0.0,0,0,0.0,0.0,0,0,0.0,0.0,0,0,0.0,0.0,0,0,0.0,0.0,0,0,0.0,0.0,0,0,0.0,0.0,0,0,0.0,0.0,0,0,0.0,1599.0,5,4,1599.0,2692.0,11,7,2692.0,0.0,0,0,0.0,0.0,0.0,0.0,0.0,0.0,0.0,0.0,0.0,0.0,0.2535278262248295,0.4268273347074679,0.0,0.9526779160592632,0.5324409302480178,0.8545599316398664,,,,,,,,,0.0,192.0,323.0,,,,,,,,,,,4.102010416666666,3.913411764705882,,,,,,,,,,,31.323776886737875,25.28588698021641,
S008,R008,PRO,11,Image_003,171244,177777,6533,784,680,104,2458.967,679,171246,177772,1620.0,1080.0,5472.0,3648.0,3.621453608247422,3.586,0.0522389837907257,-0.3888888888888954,3.605653567300621,0.3024568971344843,3.6,zhidaoyu,3.123585472419443,3.08,1831.0,15.93899511391773,16.42857142857142,0.8673469387755102,0.1326530612244898,16,4841.0,302.5625,92.0,958.0,171246.0,250.0,5009.1292580994805,333.9419505399654,9,2.94770277922009,2.0,28,1026.0,36.642857142857146,2.57274535406048,0.0,0,0,0.0,0.0,0,0,0.0,0.0,0,0,0.0,0.0,0,0,0.0,958.0,1,1,958.0,0.0,0,0,0.0,0.0,0,0,0.0,892.0,3,3,892.0,759.0,4,2,759.0,0.0,0,0,0.0,0.0,0,0,0.0,1508.0,5,2,1508.0,0.0,0.0,0.0,0.0,0.1978929973146044,0.0,0.0,0.1842594505267506,0.1567857880603181,0.0,0.0,0.3115058872133857,1.947990165725045,0.2692422852124307,0.7134847380778885,,,,,115.0,,,107.0,78.0,,,153.0,,,,,3.7746,,,3.7861869158878503,3.690551282051282,,,3.5042091503267976,,,,,20.84189894366166,,,21.212848161800903,18.15112199227521,,,12.185473433276472
S008,R008,PRO,12,Image_004,177777,184994,7217,866,694,172,2632.488,692,177780,184988,1439.0,1080.0,1706.0,1280.0,3.804173410404625,3.8535,0.6563574677410455,7.041666666666674,3.605653567300621,0.3024568971344843,3.6,zhidaoyu,3.123585472419443,3.08,1831.0,21.788676634419645,25.11363636363637,0.8013856812933026,0.1986143187066974,18,4510.0,250.55555555555557,67.0,650.0,177780.0,408.0,6516.067157572091,383.298068092476,10,2.6464393446710157,3.0,40,1307.0,32.675,3.62164672923877,0.0,0,0,0.0,0.0,0,0,0.0,1858.0,7,4,1858.0,0.0,0,0,0.0,467.0,1,1,467.0,0.0,0,0,0.0,0.0,0,0,0.0,217.0,1,1,217.0,175.0,2,1,175.0,0.0,0,0,0.0,0.0,0,0,0.0,0.0,0,0,0.0,0.0,0.0,0.4119733924611973,0.0,0.1035476718403547,0.0,0.0,0.0481152993348115,0.0388026607538802,0.0,0.0,0.0,1.3576503899516434,0.5077108932173536,0.8291927370874739,,,180.0,,56.0,,,24.0,21.0,,,,,,3.8333777777777778,,3.658714285714286,,,3.9065,3.783380952380952,,,,,,22.72363960024917,,17.131876749328935,,,25.06461034902089,21.123016667459712,,,
S008,R008,PRO,13,Image_005,184994,192444,7450,894,802,92,2931.876,802,184997,192438,1920.0,1080.0,960.0,540.0,3.655705735660848,3.649,0.1654852933903236,1.3611111111111092,3.605653567300621,0.3024568971344843,3.6,zhidaoyu,3.123585472419443,3.08,1831.0,17.035559549751618,18.47402597402597,0.8970917225950783,0.1029082774049217,22,5339.0,242.6818181818182,108.0,575.0,184997.0,208.0,9135.728826816803,435.0347060388955,7,2.5216406363433186,3.0,30,1283.0,42.766666666666666,4.147123832946399,0.0,0,0,0.0,0.0,0,0,0.0,0.0,0,0,0.0,0.0,0,0,0.0,0.0,0,0,0.0,0.0,0,0,0.0,200.0,1,1,200.0,142.0,1,1,142.0,0.0,0,0,0.0,0.0,0,0,0.0,0.0,0,0,0.0,466.0,2,2,466.0,0.0,0.0,0.0,0.0,0.0,0.0,0.0374601985390522,0.0265967409627271,0.0,0.0,0.0,0.0872822625959917,1.3973871358043883,0.4247745319086363,0.8168316831683168,,,,,0.0,,24.0,17.0,,,,56.0,,,,,,,3.748791666666667,3.4648235294117646,,,,3.72025,,,,,,,20.015658280128847,10.92456281428432,,,,19.101911340316143
S008,R008,PRO,14,Image_006,192444,199610,7166,860,586,274,2185.796,576,192447,199605,1439.0,1080.0,1706.0,1280.0,3.794784722222223,3.8175,0.6253160589606497,6.041666666666661,3.605653567300621,0.3024568971344843,3.6,zhidaoyu,3.123585472419443,3.08,1831.0,21.48810255808008,23.944805194805188,0.6813953488372093,0.3186046511627907,15,3318.0,221.2,75.0,450.0,192455.0,167.0,3360.755591035872,240.05397078827656,4,1.0,11.0,38,1358.0,35.73684210526316,1.8679165207654345,0.0,0,0,0.0,0.0,0,0,0.0,0.0,0,0,0.0,0.0,0,0,0.0,0.0,0,0,0.0,0.0,0,0,0.0,0.0,0,0,0.0,0.0,0,0,0.0,0.0,0,0,0.0,0.0,0,0,0.0,1025.0,4,2,1025.0,0.0,0,0,0.0,0.0,0.0,0.0,0.0,0.0,0.0,0.0,0.0,0.0,0.0,0.308921036769138,0.0,-0.0,1.0,0.9166666666666666,,,,,0.0,,,,0.0,,122.0,,,,,,,,,,,,3.869311475409836,,,,,,,,,,,,23.87403865125465,
S008,R008,PRO,15,Image_007,199610,207710,8100,972,790,182,2982.473,784,199614,207705,1439.0,1080.0,1706.0,1280.0,3.804174744897959,3.88,0.6563618799179446,7.777777777777772,3.605653567300621,0.3024568971344843,3.6,zhidaoyu,3.123585472419443,3.08,1831.0,21.78871935754492,25.974025974025967,0.8127572016460906,0.1872427983539094,22,4900.0,222.72727272727272,100.0,483.0,199655.0,183.0,6080.998231003293,289.5713443334901,6,1.9182958340544891,45.0,40,1468.0,36.7,3.379834311288122,1017.0,3,2,1017.0,0.0,0,0,0.0,0.0,0,0,0.0,0.0,0,0,0.0,0.0,0,0,0.0,0.0,0,0,0.0,0.0,0,0,0.0,642.0,3,3,642.0,650.0,2,2,650.0,0.0,0,0,0.0,0.0,0,0,0.0,0.0,0,0,0.0,0.2075510204081632,0.0,0.0,0.0,0.0,0.0,0.0,0.1310204081632653,0.1326530612244898,0.0,0.0,0.0,1.5492777491899328,0.3505504380490148,0.777067994802945,122.0,,,,,,,77.0,78.0,,,,3.954786885245901,,,,,,,3.9017012987012976,3.9535512820512815,,,,26.610490417687625,,,,,,,24.91098236793721,26.57093320993617,,,
S008,R008,PRO,16,Image_008,207710,214693,6983,838,660,178,2355.985,651,207714,214689,1440.0,1080.0,4096.0,3072.0,3.619024577572964,3.718,0.0442079859941113,3.2777777777777746,3.605653567300621,0.3024568971344843,3.6,zhidaoyu,3.123585472419443,3.08,1831.0,15.861230932469658,20.71428571428571,0.7875894988066826,0.2124105011933174,20,4500.0,225.0,100.0,575.0,207914.0,133.0,5121.207659940854,269.5372452600449,4,1.0,204.0,31,1123.0,36.2258064516129,2.845115366633808,0.0,0,0,0.0,0.0,0,0,0.0,0.0,0,0,0.0,0.0,0,0,0.0,0.0,0,0,0.0,0.0,0,0,0.0,0.0,0,0,0.0,0.0,0,0,0.0,0.0,0,0,0.0,0.0,0,0,0.0,550.0,3,2,550.0,0.0,0,0,0.0,0.0,0.0,0.0,0.0,0.0,0.0,0.0,0.0,0.0,0.0,0.1222222222222222,0.0,-0.0,1.0,0.9166666666666666,,,,,,,,,0.0,,64.0,,,,,,,,,,,,3.5410000000000004,,,,,,,,,,,,13.363313770864726,
S008,R008,PRO,17,Image_009,214693,222810,8117,974,772,202,2716.634,762,214697,222806,1440.0,1080.0,4032.0,3024.0,3.5651364829396326,3.589,-0.1339598625286841,-0.3055555555555589,3.605653567300621,0.3024568971344843,3.6,zhidaoyu,3.123585472419443,3.08,1831.0,14.136030994476885,16.525974025974023,0.7926078028747433,0.2073921971252566,19,5694.0,299.6842105263158,83.0,592.0,214697.0,575.0,5358.407459321823,297.6893032956568,7,0.9852281360342516,4.0,37,1149.0,31.054054054054053,2.976893032956568,0.0,0,0,0.0,0.0,0,0,0.0,0.0,0,0,0.0,0.0,0,0,0.0,0.0,0,0,0.0,0.0,0,0,0.0,0.0,0,0,0.0,0.0,0,0,0.0,0.0,0,0,0.0,0.0,0,0,0.0,0.0,0,0,0.0,1142.0,6,4,1142.0,0.0,0.0,0.0,0.0,0.0,0.0,0.0,0.0,0.0,0.0,0.0,0.200561995082543,-0.0,1.0,0.9166666666666666,,,,,0.0,,,0.0,0.0,,,115.0,,,,,,,,,,,,3.557121739130435,,,,,,,,,,,,13.87944304835004
S008,R008,PRO,18,Image_010,222810,230093,7283,874,604,270,2189.507,601,222814,230089,1440.0,1080.0,1600.0,1200.0,3.643106489184692,3.602,0.1238289562542815,0.0555555555555494,3.605653567300621,0.3024568971344843,3.6,zhidaoyu,3.123585472419443,3.08,1831.0,16.632201082778206,16.94805194805194,0.6910755148741419,0.3089244851258581,16,4025.0,251.5625,75.0,708.0,222814.0,383.0,4232.810782613989,282.1873855075993,4,2.0,4.0,28,997.0,35.607142857142854,2.351561545896661,0.0,0,0,0.0,0.0,0,0,0.0,0.0,0,0,0.0,0.0,0,0,0.0,0.0,0,0,0.0,0.0,0,0,0.0,0.0,0,0,0.0,0.0,0,0,0.0,83.0,1,1,83.0,1525.0,5,1,1525.0,0.0,0,0,0.0,0.0,0,0,0.0,0.0,0.0,0.0,0.0,0.0,0.0,0.0,0.0,0.0206211180124223,0.3788819875776397,0.0,0.0,0.2932261924279016,0.9020947810697756,0.9080638474295192,,,,,,,,0.0,10.0,183.0,0.0,,,,,,,,,,3.8448,3.5073715846994538,,,,,,,,,,,23.089316234459385,12.286717161055966,,
S008,R008,PRO,19,Image_011,230093,235826,5733,688,594,94,2246.279,592,230097,235822,1440.0,1080.0,960.0,720.0,3.794390202702703,3.808,0.6240116763419756,5.777777777777771,3.605653567300621,0.3024568971344843,3.6,zhidaoyu,3.123585472419443,3.08,1831.0,21.47547221634607,23.636363636363622,0.8633720930232558,0.1366279069767441,18,4208.0,233.77777777777777,100.0,400.0,230097.0,275.0,5474.727353223073,322.0427854837102,6,2.584962500721156,4.0,26,1092.0,42.0,3.0415151962350406,0.0,0,0,0.0,0.0,0,0,0.0,0.0,0,0,0.0,0.0,0,0,0.0,0.0,0,0,0.0,0.0,0,0,0.0,0.0,0,0,0.0,0.0,0,0,0.0,317.0,2,2,317.0,0.0,0,0,0.0,0.0,0,0,0.0,767.0,2,2,767.0,0.0,0.0,0.0,0.0,0.0,0.0,0.0,0.0,0.0753326996197718,0.0,0.0,0.1822718631178707,0.8718464996297552,0.586166106126006,0.8679274292742928,,,,,,,,0.0,37.0,,,92.0,,,,,,,,,3.706621621621622,,,3.807815217391304,,,,,,,,,18.66560573898992,,,21.905267232590734
S008,R008,PRO,20,Image_013,235826,246943,11117,1334,1132,202,4004.55,1132,235831,246939,1920.0,1080.0,3840.0,2160.0,3.537588339222615,3.524,-0.2250410842763527,-2.111111111111113,3.605653567300621,0.3024568971344843,3.6,zhidaoyu,3.123585472419443,3.08,1831.0,13.254091186513833,14.415584415584416,0.848575712143928,0.1514242878560719,30,7761.0,258.7,100.0,783.0,235831.0,292.0,6180.799307492082,213.13101060317524,10,2.3709505944546687,5.0,50,1616.0,32.32,2.805746602232528,0.0,0,0,0.0,0.0,0,0,0.0,0.0,0,0,0.0,0.0,0,0,0.0,1825.0,4,3,1825.0,0.0,0,0,0.0,0.0,0,0,0.0,108.0,1,1,108.0,0.0,0,0,0.0,0.0,0,0,0.0,367.0,2,1,367.0,0.0,0,0,0.0,0.0,0.0,0.0,0.0,0.2351501095219688,0.0,0.0,0.0139157325086973,0.0,0.0,0.0472877206545548,0.0,0.8945043539525994,0.6572737240075615,0.8744202898550725,,,,,219.0,,,13.0,0.0,,44.0,0.0,,,,,3.514607305936073,,,3.6725384615384615,,,3.642613636363636,,,,,,12.51836509579344,,,17.57445070628449,,,16.616422650415533,
S008,R008,PRO,21,Image_014,246943,256159,9216,1106,989,117,3360.743,989,246948,256156,1440.0,1080.0,4032.0,3024.0,3.3981223458038428,3.409,-0.6861513936794144,-5.305555555555563,3.605653567300621,0.3024568971344843,3.6,zhidaoyu,3.123585472419443,3.08,1831.0,8.78915835050773,10.681818181818173,0.8942133815551537,0.1057866184448463,29,7644.0,263.58620689655174,75.0,708.0,246948.0,650.0,8551.927572650402,305.42598473751434,15,2.638920595031593,5.0,39,1385.0,35.51282051282051,4.751070873694668,0.0,0,0,0.0,0.0,0,0,0.0,2266.0,7,5,2266.0,0.0,0,0,0.0,2342.0,5,4,2342.0,317.0,1,1,317.0,0.0,0,0,0.0,0.0,0,0,0.0,325.0,1,1,325.0,0.0,0,0,0.0,0.0,0,0,0.0,0.0,0,0,0.0,0.0,0.0,0.2964416535845107,0.0,0.3063840920983778,0.0414704343275771,0.0,0.0,0.042517006802721,0.0,0.0,0.0,1.53570965423133,0.392774022675737,0.7939047619047619,,,170.0,,256.0,38.0,,0.0,39.0,,,,,,3.5714941176470587,,3.41248046875,3.322868421052632,,,3.3256666666666663,,,,,,14.339567435645616,,9.248826352966326,6.379942229620807,,,6.4695266395478805,,,
S008,R008,PRO,22,Image_015,256159,262643,6484,778,662,116,2168.219,662,256164,262640,1440.0,1080.0,4032.0,3024.0,3.275255287009064,3.245,-1.0923813720956366,-9.86111111111111,3.605653567300621,0.3024568971344843,3.6,zhidaoyu,3.123585472419443,3.08,1831.0,4.855631962974314,5.3571428571428585,0.8508997429305912,0.1491002570694087,15,5077.0,338.46666666666664,92.0,975.0,256164.0,550.0,3991.7554361331663,285.1253882952262,9,2.5032583347756456,5.0,26,675.0,25.96153846153846,2.2176419089628703,0.0,0,0,0.0,0.0,0,0,0.0,0.0,0,0,0.0,0.0,0,0,0.0,1593.0,5,4,1593.0,0.0,0,0,0.0,0.0,0,0,0.0,0.0,0,0,0.0,0.0,0,0,0.0,0.0,0,0,0.0,1692.0,5,3,1692.0,0.0,0,0,0.0,0.0,0.0,0.0,0.0,0.3137679732125271,0.0,0.0,0.0,0.0,0.0,0.3332676777624581,0.0,0.9993447456027592,0.5004541189716645,0.8358447488584475,,,,,191.0,,,,0.0,0.0,203.0,,,,,,3.281298429319372,,,,,,3.254226600985221,,,,,,5.049100090024705,,,,,,4.18240927675295,
S008,R008,PRO,23,Image_016,262643,271642,8999,1080,911,169,590.665,185,262648,271640,1440.0,1080.0,4032.0,3024.0,3.192783783783784,3.192,-1.3650532933069752,-11.333333333333332,3.605653567300621,0.3024568971344843,3.6,zhidaoyu,3.123585472419443,3.08,1831.0,2.215348738664146,3.63636363636364,0.8435185185185186,0.1564814814814814,28,6514.0,232.64285714285717,108.0,500.0,262665.0,258.0,5855.192986211788,216.85899948932547,4,1.0,22.0,39,1118.0,28.666666666666668,3.252884992339882,0.0,0,0,0.0,0.0,0,0,0.0,0.0,0,0,0.0,0.0,0,0,0.0,0.0,0,0,0.0,0.0,0,0,0.0,0.0,0,0,0.0,0.0,0,0,0.0,0.0,0,0,0.0,0.0,0,0,0.0,1299.0,6,2,1299.0,0.0,0,0,0.0,0.0,0.0,0.0,0.0,0.0,0.0,0.0,0.0,0.0,0.0,0.1994166410807491,0.0,-0.0,1.0,0.9166666666666666,,,,,,,,,0.0,,0.0,,,,,,,,,,,,,,,,,,,,,,,,,
S008,R008,PRO,24,Image_017,271642,280209,8567,1028,885,143,0.0,0,271648,280207,1440.0,1080.0,4032.0,3024.0,,,,,,,,,,,,,,0.8608949416342413,0.1391050583657587,24,6164.0,256.8333333333333,100.0,475.0,271648.0,308.0,6091.117443289816,264.83119318651376,10,2.6464393446710157,6.0,38,1134.0,29.84210526315789,3.3839541351610087,0.0,0,0,0.0,0.0,0,0,0.0,0.0,0,0,0.0,0.0,0,0,0.0,750.0,2,2,750.0,0.0,0,0,0.0,0.0,0,0,0.0,0.0,0,0,0.0,258.0,1,1,258.0,0.0,0,0,0.0,3174.0,12,3,3174.0,0.0,0,0,0.0,0.0,0.0,0.0,0.0,0.1216742375081116,0.0,0.0,0.0,0.0418559377027904,0.0,0.5149253731343284,0.0,0.994539997169326,0.6119997776904091,0.8662123385939742,,,,,0.0,,,,0.0,,0.0,,,,,,,,,,,,,,,,,,,,,,,,,
S008,R008,PRO,25,Image_018,280209,290325,10116,1214,969,245,0.0,0,280215,290323,1440.0,1080.0,3648.0,2736.0,,,,,,,,,,,,,,0.7981878088962109,0.2018121911037891,30,6350.0,211.66666666666663,75.0,517.0,280340.0,75.0,6703.028913251561,231.13892804315728,14,3.0930692077718893,131.0,58,1811.0,31.224137931034484,3.723904951806423,0.0,0,0,0.0,1142.0,4,3,1142.0,1217.0,4,2,1217.0,0.0,0,0,0.0,0.0,0,0,0.0,0.0,0,0,0.0,0.0,0,0,0.0,0.0,0,0,0.0,533.0,2,1,533.0,0.0,0,0,0.0,1408.0,8,4,1408.0,0.0,0,0,0.0,0.0,0.1798425196850393,0.1916535433070866,0.0,0.0,0.0,0.0,0.0,0.0839370078740157,0.0,0.2217322834645669,0.0,1.9241556934514903,0.2732182801514332,0.7189922480620154,,0.0,0.0,,,,,,0.0,,0.0,,,,,,,,,,,,,,,,,,,,,,,,,
S008,R008,PRO,26,Image_019,290325,297542,7217,866,672,194,0.0,0,290332,297540,1439.0,1080.0,1706.0,1280.0,,,,,,,,,,,,,,0.7759815242494227,0.2240184757505773,22,4485.0,203.8636363636364,67.0,467.0,290332.0,417.0,7378.11719471453,351.33891403402527,8,2.5,7.0,38,1285.0,33.81578947368421,4.100776336402051,0.0,0,0,0.0,0.0,0,0,0.0,0.0,0,0,0.0,0.0,0,0,0.0,475.0,2,2,475.0,0.0,0,0,0.0,0.0,0,0,0.0,0.0,0,0,0.0,208.0,1,1,208.0,0.0,0,0,0.0,768.0,5,2,768.0,0.0,0,0,0.0,0.0,0.0,0.0,0.0,0.1059085841694537,0.0,0.0,0.0,0.0463768115942029,0.0,0.1712374581939799,0.0,1.414933857163993,0.4078619702374987,0.8143234550884447,,,,,0.0,,,,0.0,,0.0,,,,,,,,,,,,,,,,,,,,,,,,,
S008,R008,PRO,27,Image_020,297542,305942,8400,1008,886,122,0.0,0,297548,305940,1439.0,1080.0,1706.0,1280.0,,,,,,,,,,,,,,0.878968253968254,0.121031746031746,17,6266.0,368.5882352941176,108.0,1208.0,297548.0,242.0,5129.250560736242,320.5781600460151,6,1.9182958340544891,6.0,32,965.0,30.15625,2.850850531082946,5325.0,13,3,5325.0,0.0,0,0,0.0,0.0,0,0,0.0,0.0,0,0,0.0,0.0,0,0,0.0,0.0,0,0,0.0,0.0,0,0,0.0,658.0,3,3,658.0,5041.0,12,4,5041.0,0.0,0,0,0.0,0.0,0,0,0.0,0.0,0,0,0.0,0.8498244494095116,0.0,0.0,0.0,0.0,0.0,0.0,0.1050111714012129,0.8045004787743377,0.0,0.0,0.0,1.2660078141940418,0.4459878637926276,0.820558176100629,0.0,,,,,,,0.0,0.0,,,,,,,,,,,,,,,,,,,,,,,,,,,
S008,R008,PRO,28,Image_021,305942,315442,9500,1140,1015,125,0.0,0,305949,315440,1440.0,1080.0,4032.0,3024.0,,,,,,,,,,,,,,0.8903508771929824,0.1096491228070175,27,7460.0,276.2962962962963,67.0,1550.0,305949.0,242.0,8400.342228339421,323.0900857053624,4,1.0,7.0,38,1088.0,28.63157894736842,4.666856793521901,0.0,0,0,0.0,0.0,0,0,0.0,0.0,0,0,0.0,767.0,2,2,767.0,0.0,0,0,0.0,0.0,0,0,0.0,0.0,0,0,0.0,0.0,0,0,0.0,0.0,0,0,0.0,0.0,0,0,0.0,0.0,0,0,0.0,0.0,0,0,0.0,0.0,0.0,0.0,0.1028150134048257,0.0,0.0,0.0,0.0,0.0,0.0,0.0,0.0,-0.0,1.0,0.9166666666666666,,,,0.0,,,,0.0,0.0,,,,,,,,,,,,,,,,,,,,,,,,,,,
S008,R008,PRO,29,Image_022,315442,324875,9433,1132,979,153,0.0,0,315449,324874,1620.0,1080.0,5472.0,3648.0,,,,,,,,,,,,,,0.8648409893992933,0.1351590106007067,27,7141.0,264.48148148148147,83.0,617.0,315449.0,475.0,5334.257287831058,205.1637418396561,6,1.9182958340544891,7.0,38,1068.0,28.105263157894736,2.7397347817368023,0.0,0,0,0.0,0.0,0,0,0.0,0.0,0,0,0.0,0.0,0,0,0.0,0.0,0,0,0.0,0.0,0,0,0.0,0.0,0,0,0.0,950.0,5,2,950.0,267.0,1,1,267.0,0.0,0,0,0.0,0.0,0,0,0.0,0.0,0,0,0.0,0.0,0.0,0.0,0.0,0.0,0.0,0.0,0.1330345889931382,0.0373897213275451,0.0,0.0,0.0,0.7590556615732422,0.6574817583548322,0.8801013420980554,,,,,,,,0.0,0.0,,,,,,,,,,,,,,,,,,,,,,,,,,,
S008,R008,PRO,30,Image_024,324875,336975,12100,1452,1171,281,0.0,0,324882,336974,1440.0,1080.0,4032.0,3024.0,,,,,,,,,,,,,,0.8064738292011019,0.193526170798898,31,7525.0,242.74193548387095,75.0,633.0,325074.0,192.0,5691.708659938579,189.72362199795265,9,2.4193819456463714,199.0,62,1843.0,29.725806451612904,3.162060366632544,0.0,0,0,0.0,0.0,0,0,0.0,0.0,0,0,0.0,0.0,0,0,0.0,0.0,0,0,0.0,208.0,1,1,208.0,0.0,0,0,0.0,1516.0,5,1,1516.0,767.0,4,4,767.0,0.0,0,0,0.0,0.0,0,0,0.0,0.0,0,0,0.0,0.0,0.0,0.0,0.0,0.0,0.027641196013289,0.0,0.2014617940199335,0.1019269102990033,0.0,0.0,0.0,1.2584009698636898,0.4721628936028394,0.8375150541951024,,,,,0.0,0.0,,0.0,0.0,,,0.0,,,,,,,,,,,,,,,,,,,,,,,,
S008,R008,PRO,31,Image_025,336975,344675,7700,923,757,166,0.0,0,336982,344666,1620.0,1080.0,5472.0,3648.0,,,,,,,,,,,,,,0.8201516793066089,0.1798483206933911,21,4641.0,221.0,100.0,533.0,337057.0,133.0,5926.961626354518,296.34808131772587,5,1.9219280948873625,82.0,41,1341.0,32.707317073170735,3.04415442329468,0.0,0,0,0.0,0.0,0,0,0.0,0.0,0,0,0.0,0.0,0,0,0.0,0.0,0,0,0.0,0.0,0,0,0.0,0.0,0,0,0.0,491.0,3,2,491.0,133.0,1,1,133.0,0.0,0,0,0.0,0.0,0,0,0.0,517.0,2,1,517.0,0.0,0.0,0.0,0.0,0.0,0.0,0.0,0.105796164619694,0.028657616892911,0.0,0.0,0.1113984055160525,1.402415643069581,0.404076102193672,0.8060911481156879,,,,,,,,0.0,0.0,,,0.0,,,,,,,,,,,,,,,,,,,,,,,,
S009,R009,PRO,1,Image_001,81557,86957,5400,648,648,0,1989.789,648,81563,86954,1440.0,1080.0,4032.0,3024.0,3.070662037037037,3.073,1.387913564749553,6.075250258888511,2.9019262006537594,0.1215751763430067,2.897,zhidaoyu,2.8989607843137253,2.837,1173.0,5.922855309129655,8.318646457525547,1.0,0.0,10,5591.0,559.1,208.0,1575.0,81563.0,483.0,3096.5587231927398,344.0620803547488,3,0.9182958340544896,6.0,11,391.0,35.54545454545455,1.720310401773744,0.0,0,0,0.0,0.0,0,0,0.0,0.0,0,0,0.0,0.0,0,0,0.0,0.0,0,0,0.0,0.0,0,0,0.0,0.0,0,0,0.0,0.0,0,0,0.0,1474.0,4,2,1474.0,0.0,0,0,0.0,0.0,0,0,0.0,0.0,0,0,0.0,0.0,0.0,0.0,0.0,0.0,0.0,0.0,0.0,0.2636379896261849,0.0,0.0,0.0,-0.0,1.0,0.9166666666666666,,,,,0.0,,,0.0,143.0,,0.0,0.0,,,,,,,,,3.168923076923077,,,,,,,,,,,,9.312381666910351,,,
S009,R009,PRO,2,Image_012,86957,95573,8616,1034,1017,17,2902.892,1017,86963,95571,1440.0,1080.0,4032.0,3024.0,2.854367748279253,2.829,-0.3911855512372608,-2.347255781843273,2.9019262006537594,0.1215751763430067,2.897,zhidaoyu,2.8989607843137253,2.837,1173.0,-1.538242127170711,-0.281988015509341,0.983558994197292,0.0164410058027079,30,7936.0,264.53333333333336,92.0,683.0,86963.0,650.0,5866.573395262666,202.29563431940227,11,0.9940302114769564,6.0,31,919.0,29.64516129032258,3.2592074418125923,0.0,0,0,0.0,0.0,0,0,0.0,0.0,0,0,0.0,0.0,0,0,0.0,0.0,0,0,0.0,0.0,0,0,0.0,0.0,0,0,0.0,0.0,0,0,0.0,0.0,0,0,0.0,0.0,0,0,0.0,3209.0,12,6,3209.0,0.0,0,0,0.0,0.0,0.0,0.0,0.0,0.0,0.0,0.0,0.0,0.0,0.0,0.404359879032258,0.0,-0.0,1.0,0.9166666666666666,,,,,0.0,,,,0.0,0.0,361.0,,,,,,,,,,,,2.837781163434903,,,,,,,,,,,,-2.110398361021822,
S009,R009,PRO,3,Image_023,95573,101773,6200,744,693,51,2026.51,683,95580,101771,1440.0,1080.0,960.0,720.0,2.9670717423133235,2.95,0.5358457509102466,1.8294787711425744,2.9019262006537594,0.1215751763430067,2.897,zhidaoyu,2.8989607843137253,2.837,1173.0,2.349495666452149,3.983080719069439,0.9314516129032258,0.0685483870967741,19,5456.0,287.1578947368421,83.0,1000.0,95580.0,233.0,4724.13170948611,262.4517616381172,4,2.0,7.0,24,617.0,25.70833333333333,2.624517616381172,0.0,0,0,0.0,0.0,0,0,0.0,0.0,0,0,0.0,0.0,0,0,0.0,0.0,0,0,0.0,0.0,0,0,0.0,0.0,0,0,0.0,0.0,0,0,0.0,0.0,0,0,0.0,200.0,1,1,200.0,0.0,0,0,0.0,250.0,1,1,250.0,0.0,0.0,0.0,0.0,0.0,0.0,0.0,0.0,0.0,0.0366568914956011,0.0,0.0458211143695014,0.9910760598382222,0.5061728395061729,0.8425925925925926,,,,,,,,0.0,0.0,24.0,,30.0,,,,,,,,,,3.073208333333333,,3.047533333333333,,,,,,,,,,6.010690105311587,,5.125027900464681
S009,R009,PRO,4,Image_026,101773,108023,6250,750,715,35,2047.087,699,101780,108021,1439.0,1080.0,1706.0,1280.0,2.928593705293276,2.921,0.2193499153501378,0.8284432171211606,2.9019262006537594,0.1215751763430067,2.897,zhidaoyu,2.8989607843137253,2.837,1173.0,1.0221911638092671,2.9608741628480657,0.9533333333333334,0.0466666666666666,17,5526.0,325.05882352941177,67.0,1250.0,101780.0,408.0,4741.644446816497,296.3527779260311,3,0.9182958340544896,7.0,20,649.0,32.45,2.635418065338771,0.0,0,0,0.0,0.0,0,0,0.0,0.0,0,0,0.0,0.0,0,0,0.0,0.0,0,0,0.0,0.0,0,0,0.0,0.0,0,0,0.0,2050.0,4,2,2050.0,0.0,0,0,0.0,0.0,0,0,0.0,0.0,0,0,0.0,0.0,0,0,0.0,0.0,0.0,0.0,0.0,0.0,0.0,0.0,0.3709735794426348,0.0,0.0,0.0,0.0,-0.0,1.0,0.9166666666666666,,,,,0.0,,,219.0,0.0,,,,,,,,,,,2.9368904109589047,,,,,,,,,,,,1.3083870209771924,,,,
S009,R009,PRO,5,Image_027,108023,115889,7866,944,926,18,2698.668,925,108030,115888,810.0,1080.0,1280.0,1706.0,2.9174789189189188,2.944,0.1279267588416209,1.6223679668622766,2.9019262006537594,0.1215751763430067,2.897,zhidaoyu,2.8989607843137253,2.837,1173.0,0.6387852745506281,3.7715897074374256,0.9809322033898306,0.0190677966101694,23,8074.0,351.0434782608696,117.0,1250.0,108030.0,1250.0,3879.672487137957,176.34874941536168,8,1.811278124459133,7.0,24,690.0,28.75,2.873831471954042,0.0,0,0,0.0,0.0,0,0,0.0,2674.0,9,3,2674.0,0.0,0,0,0.0,0.0,0,0,0.0,0.0,0,0,0.0,0.0,0,0,0.0,383.0,1,1,383.0,0.0,0,0,0.0,0.0,0,0,0.0,0.0,0,0,0.0,0.0,0,0,0.0,0.0,0.0,0.3311865246470151,0.0,0.0,0.0,0.0,0.0474362150111468,0.0,0.0,0.0,0.0,0.5443674477384963,0.7808208213606722,0.8957856286119289,,,321.0,,,,,46.0,0.0,,,,,,2.8622990654205607,,,,,2.9957608695652174,,,,,,,-1.2646503909794553,,,,,3.3391305524130326,,,,
S009,R009,PRO,6,Image_028,115889,119839,3950,474,434,40,1208.798,431,115897,119838,1620.0,1080.0,5472.0,3648.0,2.8046357308584686,2.802,-0.8002494647492824,-3.2792544011045823,2.9019262006537594,0.1215751763430067,2.897,zhidaoyu,2.8989607843137253,2.837,1173.0,-3.253754033709233,-1.2336975678533713,0.9156118143459916,0.0843881856540084,9,3342.0,371.3333333333333,83.0,1592.0,115922.0,258.0,1537.8658578971283,192.23323223714107,3,0.9182958340544896,33.0,10,308.0,30.8,0.7898652714292754,0.0,0,0,0.0,0.0,0,0,0.0,0.0,0,0,0.0,0.0,0,0,0.0,0.0,0,0,0.0,0.0,0,0,0.0,0.0,0,0,0.0,0.0,0,0,0.0,2400.0,4,2,2400.0,0.0,0,0,0.0,0.0,0,0,0.0,0.0,0,0,0.0,0.0,0.0,0.0,0.0,0.0,0.0,0.0,0.0,0.718132854578097,0.0,0.0,0.0,-0.0,1.0,0.9166666666666666,0.0,,,,,,,0.0,287.0,,,,,,,,,,,,2.800505226480836,,,,,,,,,,,,-3.396236277690686,,,
S009,R009,PRO,7,Image_029,119839,126639,6800,816,791,25,2259.092,789,119847,126638,1620.0,1080.0,6000.0,4000.0,2.863234474017744,2.861,-0.3182535102959858,-1.2426648256817254,2.9019262006537594,0.1215751763430067,2.897,zhidaoyu,2.8989607843137253,2.837,1173.0,-1.232383359212595,0.8459640465280232,0.9693627450980392,0.0306372549019607,22,6084.0,276.54545454545456,92.0,642.0,119872.0,200.0,7019.223185539303,334.2487231209192,6,2.584962500721156,33.0,23,792.0,34.43478260869565,3.605152294784564,0.0,0,0,0.0,0.0,0,0,0.0,0.0,0,0,0.0,0.0,0,0,0.0,133.0,1,1,133.0,0.0,0,0,0.0,0.0,0,0,0.0,3542.0,10,2,3542.0,0.0,0,0,0.0,0.0,0,0,0.0,308.0,1,1,308.0,0.0,0,0,0.0,0.0,0.0,0.0,0.0,0.0218606180144641,0.0,0.0,0.5821827744904668,0.0,0.0,0.0506245890861275,0.0,0.5998764718834007,0.7979126577938664,0.892647920328061,,,,,16.0,,,425.0,0.0,,37.0,,,,,,2.9423125,,,2.870218823529412,,,2.830675675675676,,,,,,1.495422632856943,,,-0.9914573849993368,,,-2.355503013615785,
S009,R009,PRO,8,Image_030,126639,130973,4334,520,498,22,1363.019,497,126647,130972,1920.0,1079.0,2275.0,1279.0,2.7424929577464785,2.719,-1.311396353293892,-6.1442871936486005,2.9019262006537594,0.1215751763430067,2.897,zhidaoyu,2.8989607843137253,2.837,1173.0,-5.397376446549194,-4.159323228762789,0.9576923076923076,0.0423076923076923,15,3758.0,250.53333333333333,92.0,408.0,126647.0,292.0,4588.523333938819,327.75166670991564,6,2.584962500721156,8.0,16,552.0,34.5,2.08340344474233,133.0,1,1,133.0,0.0,0,0,0.0,0.0,0,0,0.0,0.0,0,0,0.0,0.0,0,0,0.0,0.0,0,0,0.0,0.0,0,0,0.0,392.0,2,1,392.0,1083.0,4,2,1083.0,0.0,0,0,0.0,0.0,0,0,0.0,0.0,0,0,0.0,0.035391165513571,0.0,0.0,0.0,0.0,0.0,0.0,0.1043108036189462,0.2881852048962214,0.0,0.0,0.0,1.1778898720155964,0.5198827071112101,0.8484660033167496,16.0,,,,,0.0,,47.0,129.0,,,,2.860625,,,,,,,2.7404680851063827,2.7855426356589144,,,,-1.3223974784743702,,,,,,,-5.467224671163074,-3.9123726429317855,,,
S009,R009,PRO,9,Image_031,130973,135089,4116,494,468,26,1338.36,461,130980,135089,1621.0,1080.0,2731.0,1820.0,2.9031670281995665,2.882,0.0102062574213859,-0.5177770107007139,2.9019262006537594,0.1215751763430067,2.897,zhidaoyu,2.8989607843137253,2.837,1173.0,0.1450948874024517,1.5861825872400397,0.9473684210526316,0.0526315789473684,14,3391.0,242.2142857142857,108.0,408.0,130980.0,192.0,3938.8920413687056,302.99169548990045,2,1.0,7.0,15,633.0,42.2,2.0221951655694186,0.0,0,0,0.0,0.0,0,0,0.0,475.0,2,1,475.0,0.0,0,0,0.0,0.0,0,0,0.0,0.0,0,0,0.0,0.0,0,0,0.0,0.0,0,0,0.0,0.0,0,0,0.0,0.0,0,0,0.0,0.0,0,0,0.0,0.0,0,0,0.0,0.0,0.0,0.140076673547626,0.0,0.0,0.0,0.0,0.0,0.0,0.0,0.0,0.0,-0.0,1.0,0.9166666666666666,,,57.0,,,,,,0.0,0.0,,,,,2.9009122807017547,,,,,,,,,,,,0.0673171019969959,,,,,,,,,
S009,R009,PRO,10,Image_002,135089,141522,6433,772,757,15,2300.519,757,135097,141522,810.0,1080.0,3072.0,4096.0,3.038994715984148,3.048,1.1274383427063253,5.212288574387306,2.9019262006537594,0.1215751763430067,2.897,zhidaoyu,2.8989607843137253,2.837,1173.0,4.830487270753933,7.437433909058859,0.9805699481865284,0.0194300518134715,22,6258.0,284.45454545454544,67.0,942.0,135097.0,400.0,3596.219147454652,171.2485308311739,9,1.7527152789797045,8.0,22,607.0,27.59090909090909,2.6638660351515937,0.0,0,0,0.0,0.0,0,0,0.0,0.0,0,0,0.0,0.0,0,0,0.0,0.0,0,0,0.0,0.0,0,0,0.0,0.0,0,0,0.0,0.0,0,0,0.0,0.0,0,0,0.0,575.0,3,2,575.0,3750.0,12,5,3750.0,0.0,0,0,0.0,0.0,0.0,0.0,0.0,0.0,0.0,0.0,0.0,0.0,0.0918823905401086,0.5992329817833174,0.0,0.5654679469217337,0.7694543753550069,0.8945086705202312,,,,,,,,,0.0,69.0,382.0,,,,,,,,,,,3.124565217391305,3.023146596858639,,,,,,,,,,,7.78225198141088,4.283804500456961,
S009,R009,PRO,11,Image_003,141522,145639,4117,494,417,77,1195.653,414,141530,145639,1620.0,1080.0,5472.0,3648.0,2.8880507246376808,2.882,-0.1141308319136711,-0.5177770107007139,2.9019262006537594,0.1215751763430067,2.897,zhidaoyu,2.8989607843137253,2.837,1173.0,-0.3763438172423322,1.5861825872400397,0.8441295546558705,0.1558704453441295,14,3435.0,245.3571428571429,92.0,942.0,141530.0,942.0,5841.730366251563,449.3638743270433,9,2.197159723424149,8.0,16,603.0,37.6875,3.000378685606131,0.0,0,0,0.0,0.0,0,0,0.0,0.0,0,0,0.0,0.0,0,0,0.0,0.0,0,0,0.0,0.0,0,0,0.0,0.0,0,0,0.0,942.0,1,1,942.0,434.0,3,3,434.0,0.0,0,0,0.0,0.0,0,0,0.0,458.0,2,2,458.0,0.0,0.0,0.0,0.0,0.0,0.0,0.0,0.274235807860262,0.1263464337700145,0.0,0.0,0.1333333333333333,1.485578364726709,0.3821800499233549,0.7961650308978553,,,,,0.0,,,46.0,52.0,,,55.0,,,,,,,,2.991260869565217,2.8709423076923075,,,2.8505818181818183,,,,,,,,3.183902512615128,-0.9665007120146544,,,-1.6688382400233044
S009,R009,PRO,12,Image_004,145639,148989,3350,401,362,39,1071.841,360,145647,148981,1439.0,1080.0,1706.0,1280.0,2.9773361111111107,2.9825,0.6202739138505808,2.9513289609941364,2.9019262006537594,0.1215751763430067,2.897,zhidaoyu,2.8989607843137253,2.837,1173.0,2.70356629939509,5.128657032076127,0.9027431421446384,0.0972568578553615,12,2716.0,226.33333333333331,133.0,358.0,145781.0,158.0,3248.727566636036,295.3388696941851,2,1.0,142.0,12,417.0,34.75,1.8056510593545176,0.0,0,0,0.0,0.0,0,0,0.0,0.0,0,0,0.0,0.0,0,0,0.0,0.0,0,0,0.0,0.0,0,0,0.0,0.0,0,0,0.0,0.0,0,0,0.0,133.0,1,1,133.0,0.0,0,0,0.0,0.0,0,0,0.0,0.0,0,0,0.0,0.0,0.0,0.0,0.0,0.0,0.0,0.0,0.0,0.0489690721649484,0.0,0.0,0.0,-0.0,1.0,0.9166666666666666,,,0.0,,0.0,,,0.0,16.0,,,,,,,,,,,,2.9890625,,,,,,,,,,,,3.1080694907573503,,,
S009,R009,PRO,13,Image_005,148989,152906,3917,470,447,23,1311.321,447,148989,152897,1920.0,1080.0,960.0,540.0,2.9336040268456376,2.943,0.2605616306284747,1.587849499482232,2.9019262006537594,0.1215751763430067,2.897,zhidaoyu,2.8989607843137253,2.837,1173.0,1.1950228067715465,3.736341205498762,0.951063829787234,0.0489361702127659,14,3360.0,240.0,142.0,442.0,148989.0,192.0,3360.809752895794,258.52382714583035,5,1.9219280948873625,0.0,15,509.0,33.93333333333333,1.5256247737258208,0.0,0,0,0.0,0.0,0,0,0.0,0.0,0,0,0.0,0.0,0,0,0.0,0.0,0,0,0.0,0.0,0,0,0.0,425.0,2,2,425.0,500.0,2,2,500.0,0.0,0,0,0.0,0.0,0,0,0.0,0.0,0,0,0.0,0.0,0,0,0.0,0.0,0.0,0.0,0.0,0.0,0.0,0.1264880952380952,0.1488095238095238,0.0,0.0,0.0,0.0,0.9952525494396792,0.5032870708546384,0.8400900900900901,,,,,0.0,,51.0,60.0,,,,0.0,,,,,,,3.0092549019607846,2.9863833333333334,,,,,,,,,,,3.8046088185759777,3.0156513152110045,,,,
S009,R009,PRO,14,Image_006,152906,159255,6349,762,687,75,1997.908,683,152906,159247,1439.0,1080.0,1706.0,1280.0,2.925194729136164,2.933,0.19139210143324,1.242664825681741,2.9019262006537594,0.1215751763430067,2.897,zhidaoyu,2.8989607843137253,2.837,1173.0,0.9049430735452084,3.383856186112077,0.9015748031496064,0.0984251968503937,20,5133.0,256.65,92.0,525.0,152906.0,442.0,6955.058900108232,366.05573158464375,5,0.9709505944546686,0.0,26,951.0,36.57692307692308,3.865639458299474,0.0,0,0,0.0,0.0,0,0,0.0,0.0,0,0,0.0,0.0,0,0,0.0,0.0,0,0,0.0,0.0,0,0,0.0,0.0,0,0,0.0,0.0,0,0,0.0,0.0,0,0,0.0,0.0,0,0,0.0,917.0,3,3,917.0,0.0,0,0,0.0,0.0,0.0,0.0,0.0,0.0,0.0,0.0,0.0,0.0,0.0,0.1786479641535164,0.0,-0.0,1.0,0.9166666666666666,,,,,0.0,,,,0.0,,75.0,,,,,,,,,,,,2.924653333333333,,,,,,,,,,,,0.8862675603833686,
S009,R009,PRO,15,Image_007,159255,161939,2684,322,263,59,785.14,260,159256,161931,1439.0,1080.0,1706.0,1280.0,3.0197692307692305,3.036,0.969301741195868,4.798066965826726,2.9019262006537594,0.1215751763430067,2.897,zhidaoyu,2.8989607843137253,2.837,1173.0,4.167301852070565,7.014451885794848,0.8167701863354038,0.1832298136645962,10,2158.0,215.8,83.0,433.0,159256.0,408.0,2653.6937804907257,294.8548644989695,2,1.0,1.0,11,409.0,37.18181818181818,1.47492976485781,0.0,0,0,0.0,0.0,0,0,0.0,0.0,0,0,0.0,0.0,0,0,0.0,0.0,0,0,0.0,0.0,0,0,0.0,0.0,0,0,0.0,125.0,1,1,125.0,0.0,0,0,0.0,0.0,0,0,0.0,0.0,0,0,0.0,0.0,0,0,0.0,0.0,0.0,0.0,0.0,0.0,0.0,0.0,0.0579240037071362,0.0,0.0,0.0,0.0,-0.0,1.0,0.9166666666666666,0.0,,,,,,,15.0,0.0,,,,,,,,,,,3.0506666666666664,,,,,,,,,,,,5.23311260965728,,,,
S009,R009,PRO,16,Image_008,161939,166355,4416,530,462,68,1377.017,459,161939,166348,1440.0,1080.0,4096.0,3072.0,3.000037037037037,2.992,0.8069972780172815,3.279254401104597,2.9019262006537594,0.1215751763430067,2.897,zhidaoyu,2.8989607843137253,2.837,1173.0,3.486637462301493,5.463517800493472,0.8716981132075472,0.1283018867924528,14,3357.0,239.78571428571428,125.0,433.0,161939.0,433.0,4772.435324134115,367.1104095487781,0,0.0,0.0,17,557.0,32.76470588235294,2.651352957852286,0.0,0,0,0.0,0.0,0,0,0.0,0.0,0,0,0.0,0.0,0,0,0.0,0.0,0,0,0.0,0.0,0,0,0.0,0.0,0,0,0.0,0.0,0,0,0.0,0.0,0,0,0.0,0.0,0,0,0.0,0.0,0,0,0.0,0.0,0,0,0.0,0.0,0.0,0.0,0.0,0.0,0.0,0.0,0.0,0.0,0.0,0.0,0.0,0.0,0.0,0.0,,,,,,,,,0.0,,0.0,,,,,,,,,,,,,,,,,,,,,,,,,
S009,R009,PRO,17,Image_009,166355,169405,3050,366,328,38,939.446,324,166356,169398,1440.0,1080.0,4032.0,3024.0,2.8995246913580246,2.8965,-0.0197532865505313,-0.0172592336900299,2.9019262006537594,0.1215751763430067,2.897,zhidaoyu,2.8989607843137253,2.837,1173.0,0.0194520411366244,2.0972858653507025,0.8961748633879781,0.1038251366120218,10,2518.0,251.8,142.0,642.0,166373.0,225.0,3187.911506146365,354.21238957181833,4,2.0,18.0,11,408.0,37.09090909090909,1.7710619478590917,0.0,0,0,0.0,0.0,0,0,0.0,0.0,0,0,0.0,0.0,0,0,0.0,0.0,0,0,0.0,0.0,0,0,0.0,0.0,0,0,0.0,142.0,1,1,142.0,142.0,1,1,142.0,0.0,0,0,0.0,0.0,0,0,0.0,642.0,1,1,642.0,0.0,0.0,0.0,0.0,0.0,0.0,0.0,0.0563939634630659,0.0563939634630659,0.0,0.0,0.2549642573471009,1.1960175056448494,0.5277022330654152,0.8399928005759539,,,,,0.0,,,17.0,17.0,,,77.0,,,,,,,,2.977705882352941,2.963294117647058,,,2.8713896103896106,,,,,,,,2.716321602737974,2.219186050444041,,,-0.9510709518149496
S009,R009,PRO,18,Image_010,169405,172505,3100,372,366,1,1016.832,351,169406,172498,1440.0,1080.0,1600.0,1200.0,2.896957264957265,2.9,-0.0408713015762007,0.1035554021401489,2.9019262006537594,0.1215751763430067,2.897,zhidaoyu,2.8989607843137253,2.837,1173.0,-0.0691116405334541,2.2206556221360496,0.9838709677419356,0.0026881720430107,13,2843.0,218.69230769230768,117.0,350.0,169406.0,225.0,5049.524558280204,420.79371319001694,5,1.9219280948873625,1.0,13,542.0,41.69230769230769,2.80529142126678,0.0,0,0,0.0,0.0,0,0,0.0,0.0,0,0,0.0,0.0,0,0,0.0,0.0,0,0,0.0,0.0,0,0,0.0,0.0,0,0,0.0,283.0,1,1,283.0,0.0,0,0,0.0,508.0,2,2,508.0,0.0,0,0,0.0,0.0,0,0,0.0,0.0,0.0,0.0,0.0,0.0,0.0,0.0,0.0995427365459022,0.0,0.1786844882166725,0.0,0.0,0.9408207320054304,0.5404559192304065,0.8570375052675938,,,,,,,,34.0,0.0,61.0,0.0,,,,,,,,,2.8268823529411766,,2.8890163934426227,,,,,,,,,,-2.486354136370695,,-0.3430329559789715,,
S009,R009,PRO,19,Image_011,172505,177122,4617,554,480,74,1413.606,469,172506,177114,1440.0,1080.0,960.0,720.0,3.014085287846482,3.012,0.9225492453844516,3.969623748705565,2.9019262006537594,0.1215751763430067,2.897,zhidaoyu,2.8989607843137253,2.837,1173.0,3.971233559132473,6.168487839266825,0.8664259927797834,0.1335740072202166,16,3750.0,234.375,75.0,350.0,172506.0,350.0,4291.43368647174,286.095579098116,2,1.0,1.0,18,486.0,27.0,2.384129825817633,0.0,0,0,0.0,0.0,0,0,0.0,0.0,0,0,0.0,0.0,0,0,0.0,0.0,0,0,0.0,0.0,0,0,0.0,0.0,0,0,0.0,0.0,0,0,0.0,75.0,1,1,75.0,0.0,0,0,0.0,0.0,0,0,0.0,0.0,0,0,0.0,0.0,0.0,0.0,0.0,0.0,0.0,0.0,0.0,0.02,0.0,0.0,0.0,-0.0,1.0,0.9166666666666666,,,,,,,,0.0,8.0,,,0.0,,,,,,,,,3.1515,,,,,,,,,,,,8.711370538462065,,,
S009,R009,PRO,20,Image_013,177122,182405,5283,634,602,32,1718.801,602,177123,182398,1920.0,1080.0,3840.0,2160.0,2.8551511627906976,2.831,-0.3847416822254307,-2.278218847083184,2.9019262006537594,0.1215751763430067,2.897,zhidaoyu,2.8989607843137253,2.837,1173.0,-1.5112181496238766,-0.2114910116320136,0.9495268138801262,0.0504731861198738,19,4709.0,247.8421052631579,67.0,492.0,177123.0,317.0,4122.595941349963,229.03310785277571,1,-0.0,1.0,20,594.0,29.7,1.8714342562133237,0.0,0,0,0.0,0.0,0,0,0.0,0.0,0,0,0.0,0.0,0,0,0.0,0.0,0,0,0.0,0.0,0,0,0.0,0.0,0,0,0.0,0.0,0,0,0.0,0.0,0,0,0.0,0.0,0,0,0.0,275.0,1,1,275.0,0.0,0,0,0.0,0.0,0.0,0.0,0.0,0.0,0.0,0.0,0.0,0.0,0.0,0.058398810787853,0.0,-0.0,1.0,0.9166666666666666,,,,,0.0,,,0.0,0.0,,9.0,0.0,,,,,,,,,,,3.050555555555556,,,,,,,,,,,,5.22927981855118,
S009,R009,PRO,21,Image_014,182405,189122,6717,806,765,41,2158.085,765,182406,189115,1440.0,1080.0,4032.0,3024.0,2.8210261437908497,2.804,-0.6654323628917624,-3.2102174663444933,2.9019262006537594,0.1215751763430067,2.897,zhidaoyu,2.8989607843137253,2.837,1173.0,-2.6883647734933103,-1.1632005639760437,0.9491315136476428,0.0508684863523573,23,5715.0,248.4782608695652,67.0,458.0,182406.0,275.0,6932.06934969201,315.09406134963683,4,2.0,1.0,20,743.0,37.15,3.851149638717784,0.0,0,0,0.0,0.0,0,0,0.0,0.0,0,0,0.0,0.0,0,0,0.0,0.0,0,0,0.0,158.0,1,1,158.0,0.0,0,0,0.0,300.0,1,1,300.0,0.0,0,0,0.0,0.0,0,0,0.0,0.0,0,0,0.0,0.0,0,0,0.0,0.0,0.0,0.0,0.0,0.0,0.0276465441819772,0.0,0.0524934383202099,0.0,0.0,0.0,0.0,0.9295029903660564,0.5480635380713563,0.8591703056768559,,,0.0,,0.0,19.0,,36.0,0.0,,,,,,,,,2.738947368421053,,2.878416666666667,,,,,,,,,,-5.519681975641235,,-0.7086718026067356,,,,
S009,R009,PRO,22,Image_015,189122,192372,3250,390,370,20,1026.97,366,189123,192365,1440.0,1080.0,4032.0,3024.0,2.8059289617486334,2.795,-0.7896121707796969,-3.5208836727649246,2.9019262006537594,0.1215751763430067,2.897,zhidaoyu,2.8989607843137253,2.837,1173.0,-3.209143879023374,-1.4804370814240484,0.9487179487179488,0.0512820512820512,14,2842.0,203.0,83.0,375.0,189123.0,225.0,4387.12361744958,337.4710474961215,5,0.9709505944546686,1.0,15,434.0,28.933333333333334,2.4372908985831,0.0,0,0,0.0,0.0,0,0,0.0,0.0,0,0,0.0,0.0,0,0,0.0,0.0,0,0,0.0,0.0,0,0,0.0,0.0,0,0,0.0,0.0,0,0,0.0,0.0,0,0,0.0,0.0,0,0,0.0,833.0,4,3,833.0,0.0,0,0,0.0,0.0,0.0,0.0,0.0,0.0,0.0,0.0,0.0,0.0,0.0,0.293103448275862,0.0,-0.0,1.0,0.9166666666666666,,,,,0.0,,,,0.0,0.0,98.0,,,,,,,,,,,,2.814091836734694,,,,,,,,,,,,-2.927564527200824,
S009,R009,PRO,23,Image_016,192372,197021,4649,558,539,19,1467.681,538,192373,197015,1440.0,1080.0,4032.0,3024.0,2.7280315985130112,2.719,-1.4303462875524005,-6.1442871936486005,2.9019262006537594,0.1215751763430067,2.897,zhidaoyu,2.8989607843137253,2.837,1173.0,-5.896222768021276,-4.159323228762789,0.9659498207885304,0.0340501792114695,19,4018.0,211.47368421052636,75.0,367.0,192373.0,83.0,6230.705194677269,346.1502885931816,4,1.0,1.0,18,733.0,40.72222222222222,3.461502885931816,0.0,0,0,0.0,0.0,0,0,0.0,0.0,0,0,0.0,0.0,0,0,0.0,0.0,0,0,0.0,0.0,0,0,0.0,0.0,0,0,0.0,0.0,0,0,0.0,0.0,0,0,0.0,0.0,0,0,0.0,667.0,3,2,667.0,0.0,0,0,0.0,0.0,0.0,0.0,0.0,0.0,0.0,0.0,0.0,0.0,0.0,0.1660029865604778,0.0,-0.0,1.0,0.9166666666666666,,,,,,,,,0.0,,80.0,,,,,,,,,,,,2.7586375,,,,,,,,,,,,-4.840468524893977,
S009,R009,PRO,24,Image_017,197021,200738,3717,446,422,24,1154.264,422,197023,200731,1440.0,1080.0,4032.0,3024.0,2.7352227488151657,2.713,-1.371196463398614,-6.351397997928883,2.9019262006537594,0.1215751763430067,2.897,zhidaoyu,2.8989607843137253,2.837,1173.0,-5.648163175733386,-4.370814240394787,0.9461883408071748,0.0538116591928251,15,3143.0,209.53333333333333,67.0,367.0,197023.0,217.0,4891.97317188574,349.4266551346957,8,2.5,2.0,17,584.0,34.35294117647059,2.717762873269856,0.0,0,0,0.0,0.0,0,0,0.0,0.0,0,0,0.0,0.0,0,0,0.0,534.0,3,2,534.0,0.0,0,0,0.0,0.0,0,0,0.0,0.0,0,0,0.0,0.0,0,0,0.0,0.0,0,0,0.0,1192.0,6,3,1192.0,0.0,0,0,0.0,0.0,0.0,0.0,0.0,0.1699013681196309,0.0,0.0,0.0,0.0,0.0,0.3792554883868915,0.0,0.892463270666759,0.5726674982444221,0.8651023561220549,,,,,64.0,,,,0.0,,143.0,,,,,,2.705609375,,,,,,2.717468531468532,,,,,,-6.669680057762414,,,,,,-6.260597032814245,
S009,R009,PRO,25,Image_018,200738,206555,5817,701,677,21,1994.766,676,200740,206548,1440.0,1080.0,3648.0,2736.0,2.9508372781065084,2.937,0.4023113839847824,1.3807386952019345,2.9019262006537594,0.1215751763430067,2.897,zhidaoyu,2.8989607843137253,2.837,1173.0,1.7894858762314694,3.524850193866748,0.9657631954350928,0.0299572039942938,21,5217.0,248.42857142857144,83.0,500.0,200740.0,217.0,5929.476002257701,296.47380011288504,8,2.0,2.0,19,693.0,36.47368421052632,3.294153334587612,0.0,0,0,0.0,0.0,0,0,0.0,1425.0,4,2,1425.0,0.0,0,0,0.0,0.0,0,0,0.0,0.0,0,0,0.0,0.0,0,0,0.0,0.0,0,0,0.0,0.0,0,0,0.0,0.0,0,0,0.0,1250.0,5,2,1250.0,0.0,0,0,0.0,0.0,0.0,0.2731454859114433,0.0,0.0,0.0,0.0,0.0,0.0,0.0,0.2396013034310906,0.0,0.9969105350354788,0.5021399248842693,0.8387850467289719,,0.0,171.0,,,,,,0.0,,150.0,,,,2.978818713450292,,,,,,,,2.9045266666666665,,,,2.754708844930848,,,,,,,,0.191995779420618,
S009,R009,PRO,26,Image_019,206555,209971,3416,417,364,46,1033.163,362,206556,209965,1439.0,1080.0,1706.0,1280.0,2.8540414364640885,2.847,-0.3938695844830279,-1.7259233690024105,2.9019262006537594,0.1215751763430067,2.897,zhidaoyu,2.8989607843137253,2.837,1173.0,-1.5494982923775775,0.3524850193866685,0.8729016786570744,0.1103117505995203,12,2867.0,238.91666666666663,67.0,475.0,206556.0,283.0,5005.585168249104,455.0531971135549,2,1.0,1.0,13,476.0,36.61538461538461,2.7821169908368764,0.0,0,0,0.0,0.0,0,0,0.0,0.0,0,0,0.0,0.0,0,0,0.0,0.0,0,0,0.0,0.0,0,0,0.0,0.0,0,0,0.0,0.0,0,0,0.0,0.0,0,0,0.0,0.0,0,0,0.0,167.0,1,1,167.0,0.0,0,0,0.0,0.0,0.0,0.0,0.0,0.0,0.0,0.0,0.0,0.0,0.0,0.0582490408092082,0.0,-0.0,1.0,0.9166666666666666,,,,,0.0,,,,0.0,,20.0,,,,,,,,,,,,2.789,,,,,,,,,,,,-3.793110445257585,
S009,R009,PRO,27,Image_020,209971,211388,1417,170,170,0,480.511,170,209973,211382,1439.0,1080.0,1706.0,1280.0,2.826535294117648,2.7835,-0.6201175996932754,-3.917846047635475,2.9019262006537594,0.1215751763430067,2.897,zhidaoyu,2.8989607843137253,2.837,1173.0,-2.498325972119809,-1.8857948537187204,1.0,0.0,6,1700.0,283.3333333333333,133.0,483.0,209973.0,475.0,1003.3160427906872,200.66320855813743,2,1.0,2.0,5,159.0,31.8,0.557645613050985,0.0,0,0,0.0,0.0,0,0,0.0,0.0,0,0,0.0,0.0,0,0,0.0,0.0,0,0,0.0,0.0,0,0,0.0,0.0,0,0,0.0,850.0,3,1,850.0,133.0,1,1,133.0,0.0,0,0,0.0,0.0,0,0,0.0,0.0,0,0,0.0,0.0,0.0,0.0,0.0,0.0,0.0,0.0,0.5,0.078235294117647,0.0,0.0,0.0,0.5717965989214934,0.7660120315971723,0.8941166497117667,0.0,,,,,,,71.0,16.0,,,,,,,,,,,2.757661971830986,2.7800625,,,,,,,,,,,-4.874119486103676,-4.101410579856192,,,
S009,R009,PRO,28,Image_021,211388,212555,1167,142,140,0,395.279,140,211390,212548,1440.0,1080.0,4032.0,3024.0,2.8234214285714287,2.8,-0.645730275240077,-3.3482913358646877,2.9019262006537594,0.1215751763430067,2.897,zhidaoyu,2.8989607843137253,2.837,1173.0,-2.6057391376606382,-1.3041945717307142,0.9859154929577464,0.0,5,1392.0,278.4,167.0,483.0,211390.0,483.0,2627.978198560806,656.9945496402015,0,0.0,2.0,4,216.0,54.0,1.4599878880893369,0.0,0,0,0.0,0.0,0,0,0.0,0.0,0,0,0.0,0.0,0,0,0.0,0.0,0,0,0.0,0.0,0,0,0.0,0.0,0,0,0.0,0.0,0,0,0.0,0.0,0,0,0.0,0.0,0,0,0.0,0.0,0,0,0.0,0.0,0,0,0.0,0.0,0.0,0.0,0.0,0.0,0.0,0.0,0.0,0.0,0.0,0.0,0.0,0.0,0.0,0.0,,,,0.0,,,,0.0,0.0,,,,,,,,,,,,,,,,,,,,,,,,,,,
S009,R009,PRO,29,Image_022,212555,214304,1749,213,210,0,642.747,210,212557,214298,1620.0,1080.0,5472.0,3648.0,3.0607,3.0675,1.305972190394226,5.885398688298244,2.9019262006537594,0.1215751763430067,2.897,zhidaoyu,2.8989607843137253,2.837,1173.0,5.579213646540019,8.124779696862873,0.9859154929577464,0.0,8,1701.0,212.625,117.0,292.0,212557.0,242.0,2403.4007947130885,343.34297067329834,0,0.0,2.0,7,267.0,38.142857142857146,1.234413789291872,0.0,0,0,0.0,0.0,0,0,0.0,0.0,0,0,0.0,0.0,0,0,0.0,0.0,0,0,0.0,0.0,0,0,0.0,0.0,0,0,0.0,0.0,0,0,0.0,0.0,0,0,0.0,0.0,0,0,0.0,0.0,0,0,0.0,0.0,0,0,0.0,0.0,0.0,0.0,0.0,0.0,0.0,0.0,0.0,0.0,0.0,0.0,0.0,0.0,0.0,0.0,,,,,,,,0.0,0.0,,,,,,,,,,,,,,,,,,,,,,,,,,,
S009,R009,PRO,30,Image_024,214304,219638,5334,648,613,31,1787.792,611,214307,219632,1440.0,1080.0,4032.0,3024.0,2.9260098199672666,2.918,0.1980965196839096,0.7248878149810271,2.9019262006537594,0.1215751763430067,2.897,zhidaoyu,2.8989607843137253,2.837,1173.0,0.9330597295383796,2.855128657032074,0.9459876543209876,0.0478395061728395,18,4857.0,269.8333333333333,100.0,575.0,214307.0,258.0,4652.689061249269,273.6875918381923,3,1.584962500721156,3.0,18,574.0,31.88888888888889,2.5848272562495938,0.0,0,0,0.0,0.0,0,0,0.0,0.0,0,0,0.0,0.0,0,0,0.0,0.0,0,0,0.0,0.0,0,0,0.0,0.0,0,0,0.0,1067.0,4,1,1067.0,100.0,1,1,100.0,0.0,0,0,0.0,0.0,0,0,0.0,0.0,0,0,0.0,0.0,0.0,0.0,0.0,0.0,0.0,0.0,0.2196829318509368,0.0205888408482602,0.0,0.0,0.0,0.4219169016823833,0.8433058788197862,0.9023850328477576,,,,,0.0,0.0,,128.0,12.0,,,0.0,,,,,,,,2.9250234375,2.9476666666666667,,,,,,,,,,,0.8990343480084267,1.6801152542831512,,,
S009,R009,PRO,31,Image_025,219638,222738,3100,390,372,0,1060.285,372,219640,222732,1620.0,1080.0,5472.0,3648.0,2.850228494623656,2.834,-0.4252324165604791,-2.174663444943035,2.9019262006537594,0.1215751763430067,2.897,zhidaoyu,2.8989607843137253,2.837,1173.0,-1.6810261785450642,-0.1057455058160068,0.953846153846154,0.0,10,2825.0,282.5,142.0,408.0,219640.0,408.0,3855.892530668554,428.4325034076171,1,-0.0,2.0,10,409.0,40.9,1.980429947578928,0.0,0,0,0.0,0.0,0,0,0.0,0.0,0,0,0.0,0.0,0,0,0.0,0.0,0,0,0.0,0.0,0,0,0.0,0.0,0,0,0.0,0.0,0,0,0.0,142.0,1,1,142.0,0.0,0,0,0.0,0.0,0,0,0.0,0.0,0,0,0.0,0.0,0.0,0.0,0.0,0.0,0.0,0.0,0.0,0.0502654867256637,0.0,0.0,0.0,-0.0,1.0,0.9166666666666666,,,,,,,,0.0,17.0,,,0.0,,,,,,,,,3.0905882352941174,,,,,,,,,,,,6.610211908256508,,,
S010,R010,PRO,1,Image_001,121643,124842,3199,384,383,1,1194.195,381,121645,124837,1440.0,1080.0,4032.0,3024.0,3.134370078740158,3.141,0.4405478605739578,2.781413612565444,3.0593029611388074,0.1703949203238693,3.056,zhidaoyu,2.9449334470989763,2.846,1172.0,6.432628616031844,10.365425158116652,0.9973958333333334,0.0026041666666666,11,3500.0,318.1818181818182,133.0,625.0,121645.0,625.0,2638.546225733371,263.8546225733371,6,2.584962500721156,2.0,10,310.0,31.0,1.4658590142963173,0.0,0,0,0.0,0.0,0,0,0.0,0.0,0,0,0.0,0.0,0,0,0.0,0.0,0,0,0.0,0.0,0,0,0.0,0.0,0,0,0.0,225.0,1,1,225.0,1434.0,3,3,1434.0,0.0,0,0,0.0,0.0,0,0,0.0,367.0,1,1,367.0,0.0,0.0,0.0,0.0,0.0,0.0,0.0,0.0642857142857142,0.4097142857142857,0.0,0.0,0.1048571428571428,1.1515031076185993,0.5461259305241144,0.849457058242843,,,,,0.0,,,27.0,98.0,,0.0,44.0,,,,,,,,3.207074074074074,3.187142857142857,,,3.1282954545454547,,,,,,,,8.901410903982557,8.224614049681787,,,6.226354881707306
S010,R010,PRO,2,Image_012,124842,132942,8100,972,939,33,2789.242,935,124845,132937,1440.0,1080.0,4032.0,3024.0,2.9831465240641712,2.991,-0.4469407710622226,-2.1269633507853385,3.0593029611388074,0.1703949203238693,3.056,zhidaoyu,2.9449334470989763,2.846,1172.0,1.297587115350204,5.094869992972593,0.9660493827160492,0.0339506172839506,25,7452.0,298.08,83.0,525.0,124845.0,367.0,5090.665563218317,212.11106513409652,14,2.610577243331642,3.0,25,785.0,31.4,2.8281475351212872,0.0,0,0,0.0,0.0,0,0,0.0,0.0,0,0,0.0,0.0,0,0,0.0,2892.0,9,6,2892.0,0.0,0,0,0.0,0.0,0,0,0.0,0.0,0,0,0.0,0.0,0,0,0.0,317.0,1,1,317.0,1133.0,5,3,1133.0,0.0,0,0,0.0,0.0,0.0,0.0,0.0,0.3880837359098228,0.0,0.0,0.0,0.0,0.0425389157273215,0.1520397208803006,0.0,1.1719210474112134,0.5170455955891073,0.8488407799785045,,,,,309.0,,,,0.0,38.0,136.0,,,,,,2.9807087378640778,,,,,3.116026315789473,2.9604779411764706,,,,,,1.2148081241137492,,,,,5.80973634086838,0.527838552440191,
S010,R010,PRO,3,Image_023,132942,137692,4750,570,518,52,1590.864,504,132945,137687,1440.0,1080.0,960.0,720.0,3.1564761904761904,3.145,0.5702824306774289,2.912303664921465,3.0593029611388074,0.1703949203238693,3.056,zhidaoyu,2.9449334470989763,2.846,1172.0,7.183277557107537,10.505973295853828,0.9087719298245616,0.0912280701754386,14,4051.0,289.35714285714283,108.0,450.0,132945.0,392.0,3191.409693198651,245.49305332297317,6,2.2516291673878226,3.0,18,459.0,25.5,1.7730053851103618,0.0,0,0,0.0,0.0,0,0,0.0,0.0,0,0,0.0,0.0,0,0,0.0,0.0,0,0,0.0,0.0,0,0,0.0,0.0,0,0,0.0,400.0,1,1,400.0,192.0,1,1,192.0,0.0,0,0,0.0,0.0,0,0,0.0,383.0,2,2,383.0,0.0,0.0,0.0,0.0,0.0,0.0,0.0,0.0987410515921994,0.0473957047642557,0.0,0.0,0.0945445568995309,1.5185352302517314,0.3613969756738987,0.7855555555555556,,,,,,,,48.0,23.0,0.0,,46.0,,,,,,,,3.0971666666666664,3.198521739130435,,,3.0521956521739133,,,,,,,,5.169326312540389,8.611002475497907,,,3.642262448429858
S010,R010,PRO,4,Image_026,137692,143326,5634,676,627,49,1912.876,619,137695,143320,1439.0,1080.0,1706.0,1280.0,3.09026817447496,3.076,0.1817261528530128,0.6544502617801053,3.0593029611388074,0.1703949203238693,3.056,zhidaoyu,2.9449334470989763,2.846,1172.0,4.935076801791608,8.081517919887562,0.9275147928994084,0.0724852071005917,15,4675.0,311.6666666666667,183.0,525.0,137695.0,392.0,3534.4985833575893,252.4641845255421,3,0.9182958340544896,3.0,19,593.0,31.210526315789476,1.964483318598218,0.0,0,0,0.0,0.0,0,0,0.0,0.0,0,0,0.0,0.0,0,0,0.0,0.0,0,0,0.0,0.0,0,0,0.0,0.0,0,0,0.0,1792.0,6,2,1792.0,0.0,0,0,0.0,0.0,0,0,0.0,0.0,0,0,0.0,0.0,0,0,0.0,0.0,0.0,0.0,0.0,0.0,0.0,0.0,0.3833155080213903,0.0,0.0,0.0,0.0,-0.0,1.0,0.9166666666666666,,,,,0.0,,,200.0,0.0,,,,,,,,,,,3.078035,,,,,,,,,,,,4.519679486548007,,,,
S010,R010,PRO,5,Image_027,143326,149375,6049,726,704,22,2136.563,659,143329,149370,810.0,1080.0,1280.0,1706.0,3.2421289833080427,3.241,1.0729546504187926,6.053664921465971,3.0593029611388074,0.1703949203238693,3.056,zhidaoyu,2.9449334470989763,2.846,1172.0,10.091757302761142,13.879128601546029,0.9696969696969696,0.0303030303030303,21,4984.0,237.33333333333331,75.0,392.0,143420.0,233.0,3262.6150513729526,163.13075256864764,14,2.263809173883546,94.0,27,719.0,26.62962962962963,2.416751889905891,0.0,0,0,0.0,0.0,0,0,0.0,508.0,2,2,508.0,0.0,0,0,0.0,0.0,0,0,0.0,0.0,0,0,0.0,0.0,0,0,0.0,2409.0,10,5,2409.0,217.0,1,1,217.0,0.0,0,0,0.0,0.0,0,0,0.0,0.0,0,0,0.0,0.0,0.0,0.1019261637239165,0.0,0.0,0.0,0.0,0.483346709470305,0.0435393258426966,0.0,0.0,0.0,0.984006045775328,0.621916245603218,0.8665709423526909,,,60.0,,,,,275.0,26.0,,,,,,3.23955,,,,,3.247850909090909,3.210346153846153,,,,,,10.00418373431316,,,,,10.286054589462234,9.012519688980834,,,
S010,R010,PRO,6,Image_028,149375,153792,4417,530,460,70,1336.041,445,149379,153787,1620.0,1080.0,5472.0,3648.0,3.0023393258426965,2.967,-0.3343036000594397,-2.912303664921465,3.0593029611388074,0.1703949203238693,3.056,zhidaoyu,2.9449334470989763,2.846,1172.0,1.949309883395501,4.251581166549543,0.8679245283018868,0.1320754716981132,13,3634.0,279.53846153846155,125.0,617.0,149379.0,125.0,3845.331090116247,320.44425750968725,5,1.9219280948873625,4.0,18,526.0,29.22222222222222,1.9750054724430155,917.0,3,1,917.0,0.0,0,0,0.0,0.0,0,0,0.0,0.0,0,0,0.0,0.0,0,0,0.0,0.0,0,0,0.0,0.0,0,0,0.0,1792.0,5,2,1792.0,508.0,3,2,508.0,0.0,0,0,0.0,0.0,0,0,0.0,0.0,0,0,0.0,0.2523390203632361,0.0,0.0,0.0,0.0,0.0,0.0,0.4931205283434232,0.13979086406164,0.0,0.0,0.0,1.4068545267938166,0.4164827454861002,0.8165216039788623,110.0,,,,,,,172.0,47.0,,,,2.9930545454545454,,,,,,,3.077918604651163,3.077914893617021,,,,1.6340300797959526,,,,,,,4.5157270933639895,4.515601079170189,,,
S010,R010,PRO,7,Image_029,153792,160475,6683,802,762,40,2288.801,762,153795,160471,1620.0,1080.0,6000.0,4000.0,3.0036758530183727,3.0135,-0.3264598968954258,-1.3907068062827366,3.0593029611388074,0.1703949203238693,3.056,zhidaoyu,2.9449334470989763,2.846,1172.0,1.994693835178616,5.885453267744186,0.9501246882793016,0.0498753117206982,22,5885.0,267.5,142.0,617.0,153795.0,617.0,5613.823464415603,267.3249268769335,5,1.9219280948873625,3.0,23,718.0,31.217391304347824,2.8833231271158613,0.0,0,0,0.0,0.0,0,0,0.0,0.0,0,0,0.0,0.0,0,0,0.0,758.0,3,2,758.0,0.0,0,0,0.0,0.0,0,0,0.0,1908.0,7,1,1908.0,0.0,0,0,0.0,0.0,0,0,0.0,0.0,0,0,0.0,0.0,0,0,0.0,0.0,0.0,0.0,0.0,0.1288020390824129,0.0,0.0,0.324214103653356,0.0,0.0,0.0,0.0,0.8612719836965487,0.5930347928317412,0.8692798199549887,,,,,91.0,,,229.0,0.0,,0.0,,,,,,2.843120879120879,,,3.0715152838427944,,,,,,,,,-3.457211166465977,,,4.2982919314700485,,,,
S010,R010,PRO,8,Image_030,160475,166458,5983,718,654,64,1970.622,640,160479,166454,1920.0,1079.0,2275.0,1279.0,3.079096875,3.075,0.1161649292336308,0.6217277486911037,3.0593029611388074,0.1703949203238693,3.056,zhidaoyu,2.9449334470989763,2.846,1172.0,4.555737177462755,8.04638088545327,0.9108635097493036,0.0891364902506963,21,4773.0,227.28571428571428,83.0,417.0,160596.0,183.0,6495.607331109507,324.7803665554753,5,1.9219280948873625,121.0,26,810.0,31.153846153846157,2.9493084603560886,0.0,0,0,0.0,0.0,0,0,0.0,0.0,0,0,0.0,0.0,0,0,0.0,0.0,0,0,0.0,0.0,0,0,0.0,0.0,0,0,0.0,508.0,2,1,508.0,491.0,2,2,491.0,0.0,0,0,0.0,0.0,0,0,0.0,0.0,0,0,0.0,0.0,0.0,0.0,0.0,0.0,0.0,0.0,0.1064320134087575,0.1028703121726377,0.0,0.0,0.0,0.9997911029187702,0.5001447894340787,0.8347514180847514,0.0,,,,,0.0,,61.0,59.0,,,,,,,,,,,2.9324754098360657,3.100067796610169,,,,,,,,,,,-0.4230328965560461,5.267838893405705,,,
S010,R010,PRO,9,Image_031,166458,173025,6567,788,725,63,2352.202,723,166462,173021,1621.0,1080.0,2731.0,1820.0,3.2533914246196405,3.262,1.1390507599166069,6.740837696335077,3.0593029611388074,0.1703949203238693,3.056,zhidaoyu,2.9449334470989763,2.846,1172.0,10.474191796236449,14.617006324666196,0.9200507614213198,0.0799492385786802,21,5484.0,261.1428571428572,75.0,650.0,166462.0,417.0,4747.786877000281,237.38934385001403,9,2.4193819456463714,4.0,27,768.0,28.444444444444443,2.43747520089119,0.0,0,0,0.0,0.0,0,0,0.0,200.0,1,1,200.0,0.0,0,0,0.0,0.0,0,0,0.0,0.0,0,0,0.0,0.0,0,0,0.0,0.0,0,0,0.0,2191.0,8,3,2191.0,350.0,1,1,350.0,0.0,0,0,0.0,0.0,0,0,0.0,0.0,0.0,0.036469730123997,0.0,0.0,0.0,0.0,0.0,0.399525893508388,0.0638220277169949,0.0,0.0,0.9129926124777864,0.6605786627350351,0.8710628724309862,,,24.0,,,,,,263.0,42.0,,,,,3.206375,,,,,,3.2744524714828898,3.2920714285714285,,,,,8.87767270797128,,,,,,11.189353861579429,11.78763417605971,,
S010,R010,PRO,10,Image_002,173025,180825,7800,936,915,21,2687.464,900,173029,180821,810.0,1080.0,3072.0,4096.0,2.986071111111111,2.946,-0.4297771898863231,-3.599476439790572,3.0593029611388074,0.1703949203238693,3.056,zhidaoyu,2.9449334470989763,2.846,1172.0,1.396896220274821,3.513703443429378,0.9775641025641024,0.0224358974358974,21,7126.0,339.3333333333333,67.0,1058.0,173029.0,392.0,3995.715641461917,199.78578207309585,11,2.1180782093497093,4.0,23,635.0,27.608695652173918,2.9597893640458643,0.0,0,0,0.0,0.0,0,0,0.0,0.0,0,0,0.0,0.0,0,0,0.0,0.0,0,0,0.0,0.0,0,0,0.0,0.0,0,0,0.0,0.0,0,0,0.0,0.0,0,0,0.0,625.0,2,2,625.0,2950.0,6,4,2950.0,0.0,0,0,0.0,0.0,0.0,0.0,0.0,0.0,0.0,0.0,0.0,0.0,0.0877069884928431,0.4139769856862195,0.0,0.6686245915401698,0.7114773338549563,0.8875291375291375,,,,,,,,,0.0,75.0,354.0,,,,,,,,,,,2.905026666666666,2.8839322033898305,,,,,,,,,,,-1.355099568434099,-2.0713963423940034,
S010,R010,PRO,11,Image_003,180825,185525,4700,564,511,53,1499.34,493,180829,185521,1620.0,1080.0,5472.0,3648.0,3.041257606490872,3.048,-0.1059031255957428,-0.2617801047120421,3.0593029611388074,0.1703949203238693,3.056,zhidaoyu,2.9449334470989763,2.846,1172.0,3.2708433355865374,7.097680955727335,0.9060283687943262,0.0939716312056737,14,4233.0,302.35714285714283,75.0,600.0,180829.0,467.0,3614.9787217017215,278.0752862847479,9,2.725480556997868,4.0,15,442.0,29.466666666666665,1.8566938947018272,0.0,0,0,0.0,0.0,0,0,0.0,0.0,0,0,0.0,0.0,0,0,0.0,0.0,0,0,0.0,0.0,0,0,0.0,0.0,0,0,0.0,874.0,3,3,874.0,1967.0,7,4,1967.0,0.0,0,0,0.0,0.0,0,0,0.0,258.0,1,1,258.0,0.0,0.0,0.0,0.0,0.0,0.0,0.0,0.2064729506260335,0.4646822584455469,0.0,0.0,0.0609496810772501,1.229835464302385,0.4893405225701781,0.8419113692589008,,,,,0.0,,,105.0,172.0,,,31.0,,,,,,,,3.084095238095238,3.040831395348837,,,3.047,,,,,,,,4.725464717491267,3.256370643768853,,,3.4658356371879493
S010,R010,PRO,12,Image_004,185525,190875,5350,642,584,58,1710.49,578,185529,190871,1439.0,1080.0,1706.0,1280.0,2.959325259515571,2.998,-0.5867410920067859,-1.897905759162298,3.0593029611388074,0.1703949203238693,3.056,zhidaoyu,2.9449334470989763,2.846,1172.0,0.4886973738157625,5.340829234012654,0.909657320872274,0.0903426791277258,15,4440.0,296.0,100.0,1083.0,185704.0,125.0,3949.231949682072,282.08799640586227,11,3.095795255000934,179.0,18,542.0,30.11111111111111,2.1949931803496896,0.0,0,0,0.0,0.0,0,0,0.0,1991.0,4,2,1991.0,0.0,0,0,0.0,625.0,1,1,625.0,0.0,0,0,0.0,0.0,0,0,0.0,275.0,1,1,275.0,550.0,4,4,550.0,0.0,0,0,0.0,0.0,0,0,0.0,0.0,0,0,0.0,0.0,0.0,0.4484234234234234,0.0,0.1407657657657657,0.0,0.0,0.0619369369369369,0.1238738738738738,0.0,0.0,0.0,1.6178495516140972,0.3997161095060243,0.7931560592850916,,,239.0,,75.0,,,33.0,66.0,,,,,,2.9055355648535564,,3.04732,,,3.0245757575757573,2.9863484848484845,,,,,,-1.3378191036619318,,3.476701757110459,,,2.7043840517087325,1.4063148961924996,,,
S010,R010,PRO,13,Image_005,190875,195425,4550,546,532,14,1607.268,522,190879,195421,1920.0,1080.0,960.0,540.0,3.079057471264368,3.065,0.1159336797600123,0.2945026178010437,3.0593029611388074,0.1703949203238693,3.056,zhidaoyu,2.9449334470989763,2.846,1172.0,4.554399159597836,7.695010541110325,0.9743589743589745,0.0256410256410256,15,3926.0,261.7333333333333,142.0,542.0,190879.0,208.0,3983.971944187856,284.56942458484684,5,1.9219280948873625,4.0,15,517.0,34.46666666666667,1.80850650372118,0.0,0,0,0.0,0.0,0,0,0.0,0.0,0,0,0.0,0.0,0,0,0.0,0.0,0,0,0.0,0.0,0,0,0.0,300.0,1,1,300.0,492.0,2,2,492.0,0.0,0,0,0.0,0.0,0,0,0.0,0.0,0,0,0.0,0.0,0,0,0.0,0.0,0.0,0.0,0.0,0.0,0.0,0.0764136525725929,0.1253183902190524,0.0,0.0,0.0,0.0,0.9571814385446724,0.529384756657484,0.8535353535353535,,,,,0.0,,36.0,57.0,,,,0.0,,,,,,,3.2479722222222223,3.0319298245614035,,,,,,,,,,,10.290173973940442,2.9541033447844605,,,,
S010,R010,PRO,14,Image_006,195425,201558,6133,736,679,52,1866.116,579,195429,201555,1439.0,1080.0,1706.0,1280.0,3.222998272884283,3.207,0.960681876163564,4.941099476439784,3.0593029611388074,0.1703949203238693,3.056,zhidaoyu,2.9449334470989763,2.846,1172.0,9.442142947550332,12.684469430780036,0.9225543478260868,0.0706521739130434,15,5059.0,337.26666666666665,133.0,717.0,195721.0,458.0,2534.387854829069,181.0277039163621,9,2.5032583347756456,296.0,22,535.0,24.318181818181817,1.408619227381346,0.0,0,0,0.0,0.0,0,0,0.0,0.0,0,0,0.0,0.0,0,0,0.0,0.0,0,0,0.0,0.0,0,0,0.0,0.0,0,0,0.0,0.0,0,0,0.0,1208.0,4,3,1208.0,0.0,0,0,0.0,1492.0,4,3,1492.0,0.0,0,0,0.0,0.0,0.0,0.0,0.0,0.0,0.0,0.0,0.0,0.2387823680569282,0.0,0.2949199446530935,0.0,0.9920042841880043,0.5055319615912208,0.8420987654320987,,,,,0.0,,,,110.0,,154.0,,,,,,,,,,3.241081818181818,,3.168032467532468,,,,,,,,,,10.056199109510423,,7.575689720705364,
S010,R010,PRO,15,Image_007,201558,204891,3333,400,369,31,1140.866,362,201563,204888,1439.0,1080.0,1706.0,1280.0,3.151563535911603,3.156,0.5414514387954528,3.2722513089005263,3.0593029611388074,0.1703949203238693,3.056,zhidaoyu,2.9449334470989763,2.846,1172.0,7.016460389492872,10.892480674631065,0.9225,0.0775,11,2867.0,260.6363636363636,158.0,358.0,201605.0,167.0,2672.2583571454097,267.2258357145409,0,0.0,47.0,13,375.0,28.846153846153847,1.4852480038653697,0.0,0,0,0.0,0.0,0,0,0.0,0.0,0,0,0.0,0.0,0,0,0.0,0.0,0,0,0.0,0.0,0,0,0.0,0.0,0,0,0.0,0.0,0,0,0.0,0.0,0,0,0.0,0.0,0,0,0.0,0.0,0,0,0.0,0.0,0,0,0.0,0.0,0.0,0.0,0.0,0.0,0.0,0.0,0.0,0.0,0.0,0.0,0.0,0.0,0.0,0.0,0.0,,,,,,,0.0,0.0,,,,,,,,,,,,,,,,,,,,,,,,,,,
S010,R010,PRO,16,Image_008,204891,211324,6433,772,769,1,2116.938,686,204896,211321,1440.0,1080.0,4096.0,3072.0,3.085915451895044,3.074,0.1561812447557374,0.5890052356020875,3.0593029611388074,0.1703949203238693,3.056,zhidaoyu,2.9449334470989763,2.846,1172.0,4.787273034470359,8.011243851018964,0.9961139896373056,0.0012953367875647,19,6066.0,319.2631578947368,150.0,933.0,204896.0,358.0,2910.895540325254,161.71641890695855,8,1.0,5.0,18,451.0,25.05555555555556,1.6171641890695856,0.0,0,0,0.0,0.0,0,0,0.0,0.0,0,0,0.0,0.0,0,0,0.0,0.0,0,0,0.0,0.0,0,0,0.0,0.0,0,0,0.0,0.0,0,0,0.0,0.0,0,0,0.0,0.0,0,0,0.0,2641.0,7,4,2641.0,0.0,0,0,0.0,0.0,0.0,0.0,0.0,0.0,0.0,0.0,0.0,0.0,0.0,0.4353775140125288,0.0,-0.0,1.0,0.9166666666666666,,,,,,,,,0.0,,261.0,,,,,,,,,,,,3.0557126436781608,,,,,,,,,,,,3.761687609216157,
S010,R010,PRO,17,Image_009,211324,215524,4200,504,484,20,1295.027,451,211330,215521,1440.0,1080.0,4032.0,3024.0,2.8714567627494456,2.831,-1.1024166567426,-7.362565445026181,3.0593029611388074,0.1703949203238693,3.056,zhidaoyu,2.9449334470989763,2.846,1172.0,-2.495020198908462,-0.5270555165144105,0.9603174603174603,0.0396825396825396,13,4141.0,318.53846153846155,67.0,583.0,211330.0,400.0,2609.684708251103,217.47372568759192,0,0.0,6.0,16,451.0,28.1875,1.4498248379172796,0.0,0,0,0.0,0.0,0,0,0.0,0.0,0,0,0.0,0.0,0,0,0.0,0.0,0,0,0.0,0.0,0,0,0.0,0.0,0,0,0.0,0.0,0,0,0.0,0.0,0,0,0.0,0.0,0,0,0.0,0.0,0,0,0.0,0.0,0,0,0.0,0.0,0.0,0.0,0.0,0.0,0.0,0.0,0.0,0.0,0.0,0.0,0.0,0.0,0.0,0.0,,,,,0.0,,,0.0,0.0,,,0.0,,,,,,,,,,,,,,,,,,,,,,,,
S010,R010,PRO,18,Image_010,215524,219908,4384,526,499,27,1432.653,494,215530,219905,1440.0,1080.0,1600.0,1200.0,2.900107287449393,2.897,-0.9342747623393436,-5.202879581151826,3.0593029611388074,0.1703949203238693,3.056,zhidaoyu,2.9449334470989763,2.846,1172.0,-1.5221450825566585,1.7919887561489865,0.9486692015209124,0.0513307984790874,14,4067.0,290.5,67.0,600.0,215530.0,425.0,4213.114781281761,324.0857524062893,4,2.0,6.0,13,400.0,30.76923076923077,2.3406193229343115,0.0,0,0,0.0,0.0,0,0,0.0,0.0,0,0,0.0,0.0,0,0,0.0,0.0,0,0,0.0,0.0,0,0,0.0,0.0,0,0,0.0,0.0,0,0,0.0,150.0,1,1,150.0,1592.0,4,1,1592.0,0.0,0,0,0.0,0.0,0,0,0.0,0.0,0.0,0.0,0.0,0.0,0.0,0.0,0.0,0.0368822227686255,0.3914433243176788,0.0,0.0,0.4233433750283301,0.8426133045801638,0.9023153463451972,,,,,,,,0.0,18.0,191.0,0.0,,,,,,,,,,2.814833333333333,2.9259424083769634,,,,,,,,,,,-4.4177607440943385,-0.64487157564531,,
S010,R010,PRO,19,Image_011,219908,224091,4183,502,466,33,1465.978,439,219913,224088,1440.0,1080.0,960.0,720.0,3.3393576309794986,3.361,1.6435623157567825,9.9803664921466,3.0593029611388074,0.1703949203238693,3.056,zhidaoyu,2.9449334470989763,2.846,1172.0,13.39331400745458,18.09557273366128,0.9282868525896414,0.0657370517928286,14,3958.0,282.7142857142857,92.0,575.0,219913.0,450.0,3533.7764174252065,271.8289551865544,6,2.584962500721156,5.0,14,426.0,30.428571428571427,1.9632091207917812,0.0,0,0,0.0,0.0,0,0,0.0,0.0,0,0,0.0,0.0,0,0,0.0,0.0,0,0,0.0,0.0,0,0,0.0,0.0,0,0,0.0,308.0,1,1,308.0,859.0,4,2,859.0,0.0,0,0,0.0,0.0,0,0,0.0,108.0,1,1,108.0,0.0,0.0,0.0,0.0,0.0,0.0,0.0,0.0778170793329964,0.2170288024254674,0.0,0.0,0.0272865083375442,1.180631408902593,0.5194365244136869,0.8481699346405229,,,,,,,,29.0,103.0,,,13.0,,,,,,,,3.3851379310344827,3.388398058252428,,,3.222230769230769,,,,,,,,14.947858477723742,15.058561394326365,,,9.416081113987683
S010,R010,PRO,20,Image_013,224091,229024,4933,592,528,64,1644.005,525,224097,229022,1920.0,1080.0,3840.0,2160.0,3.131438095238096,3.116,0.4233408716772825,1.963350785340316,3.0593029611388074,0.1703949203238693,3.056,zhidaoyu,2.9449334470989763,2.846,1172.0,6.333068352456076,9.486999297259311,0.8918918918918919,0.1081081081081081,16,4383.0,273.9375,83.0,575.0,224097.0,575.0,4278.480511045264,285.2320340696843,9,2.94770277922009,6.0,19,569.0,29.94736842105263,1.9421973695266628,0.0,0,0,0.0,0.0,0,0,0.0,0.0,0,0,0.0,0.0,0,0,0.0,701.0,3,1,701.0,0.0,0,0,0.0,0.0,0,0,0.0,675.0,2,2,675.0,558.0,1,1,558.0,0.0,0,0,0.0,0.0,0,0,0.0,342.0,2,2,342.0,0.0,0.0,0.0,0.0,0.1599361168149669,0.0,0.0,0.1540041067761807,0.1273100616016427,0.0,0.0,0.0780287474332648,1.951467637301577,0.2655033342496471,0.7103837141183362,,,,,84.0,,,81.0,67.0,,0.0,41.0,,,,,3.266440476190476,,,3.092567901234568,3.0224477611940297,,,3.053268292682927,,,,,10.917293543873214,,,5.013167760413213,2.632124477088334,,,3.678685699694508
S010,R010,PRO,21,Image_014,229024,234591,5567,668,617,51,1863.064,601,229030,234588,1440.0,1080.0,4032.0,3024.0,3.099940099833611,3.102,0.2384879702843518,1.505235602094235,3.0593029611388074,0.1703949203238693,3.056,zhidaoyu,2.9449334470989763,2.846,1172.0,5.263502741881315,8.99508081517919,0.9236526946107784,0.0763473053892215,13,5083.0,391.0,75.0,875.0,229030.0,283.0,3304.435632812757,275.36963606772974,10,2.9219280948873623,6.0,12,384.0,32.0,1.8357975737848649,0.0,0,0,0.0,0.0,0,0,0.0,1450.0,2,2,1450.0,0.0,0,0,0.0,342.0,1,1,342.0,0.0,0,0,0.0,0.0,0,0,0.0,516.0,2,2,516.0,1184.0,2,2,1184.0,0.0,0,0,0.0,0.0,0,0,0.0,0.0,0,0,0.0,0.0,0.0,0.2852646075152469,0.0,0.0672831005311823,0.0,0.0,0.101514853433012,0.232933307102105,0.0,0.0,0.0,1.791500063875035,0.3188088893087653,0.7619320351279114,,,174.0,,40.0,0.0,,60.0,141.0,,,,,,3.101954022988506,,2.973,,,2.897733333333333,3.146127659574468,,,,,,5.331888774743243,,0.9530454051065782,,,-1.6027565516680575,6.831876376482662,,,
S010,R010,PRO,22,Image_015,234591,238257,3666,440,418,22,1150.529,413,234597,238255,1440.0,1080.0,4032.0,3024.0,2.785784503631961,2.757,-1.605203118655006,-9.784031413612563,3.0593029611388074,0.1703949203238693,3.056,zhidaoyu,2.9449334470989763,2.846,1172.0,-5.404160953918712,-3.127196064652142,0.95,0.05,12,3317.0,276.4166666666667,158.0,600.0,234597.0,350.0,3137.3691364367705,285.2153760397064,6,2.2516291673878226,6.0,11,383.0,34.81818181818182,1.7429828535759837,0.0,0,0,0.0,0.0,0,0,0.0,0.0,0,0,0.0,0.0,0,0,0.0,717.0,3,3,717.0,0.0,0,0,0.0,0.0,0,0,0.0,0.0,0,0,0.0,0.0,0,0,0.0,350.0,1,1,350.0,775.0,2,1,775.0,0.0,0,0,0.0,0.0,0.0,0.0,0.0,0.2161591799819113,0.0,0.0,0.0,0.0,0.1055170334639734,0.2336448598130841,0.0,1.5106001305072851,0.3646410630940971,0.7884545783568585,,,,,86.0,,,,0.0,40.0,114.0,,,,,,2.7291395348837213,,,,,2.81065,2.725824561403509,,,,,,-7.327632902123184,,,,,-4.559812624331381,-7.440198212673003,
S010,R010,PRO,23,Image_016,238257,243357,5100,612,564,48,1700.624,550,238263,243355,1440.0,1080.0,4032.0,3024.0,3.0920436363636363,3.138,0.1921458407480621,2.6832460732984247,3.0593029611388074,0.1703949203238693,3.056,zhidaoyu,2.9449334470989763,2.846,1172.0,4.99536549491727,10.260014054813766,0.9215686274509804,0.0784313725490196,14,4400.0,314.2857142857143,92.0,1125.0,238263.0,225.0,3790.0242900146577,291.5403300011276,7,0.9852281360342516,6.0,18,443.0,24.61111111111111,2.105569050008143,0.0,0,0,0.0,0.0,0,0,0.0,0.0,0,0,0.0,0.0,0,0,0.0,0.0,0,0,0.0,0.0,0,0,0.0,0.0,0,0,0.0,0.0,0,0,0.0,0.0,0,0,0.0,0.0,0,0,0.0,2450.0,5,4,2450.0,0.0,0,0,0.0,0.0,0.0,0.0,0.0,0.0,0.0,0.0,0.0,0.0,0.0,0.5568181818181818,0.0,-0.0,1.0,0.9166666666666666,,,,,,,,,0.0,,269.0,,,,,,,,,,,,3.0587695167286246,,,,,,,,,,,,3.865488700323162,
S010,R010,PRO,24,Image_017,243357,247457,4100,492,492,0,1416.67,491,243364,247455,1440.0,1080.0,4032.0,3024.0,2.8852749490835032,2.871,-1.0213215964685414,-6.053664921465971,3.0593029611388074,0.1703949203238693,3.056,zhidaoyu,2.9449334470989763,2.846,1172.0,-2.02580123072873,0.8784258608573405,1.0,0.0,8,4801.0,600.125,142.0,1425.0,243364.0,500.0,1622.3128292684094,231.7589756097728,4,1.5,7.0,7,217.0,31.0,0.9012849051491164,0.0,0,0,0.0,0.0,0,0,0.0,0.0,0,0,0.0,0.0,0,0,0.0,1492.0,3,2,1492.0,0.0,0,0,0.0,0.0,0,0,0.0,0.0,0,0,0.0,0.0,0,0,0.0,0.0,0,0,0.0,500.0,1,1,500.0,0.0,0,0,0.0,0.0,0.0,0.0,0.0,0.3107685898771089,0.0,0.0,0.0,0.0,0.0,0.1041449697979587,0.0,0.8128655775741762,0.6239980000322576,0.8748326639892905,,,,,179.0,,,,0.0,,25.0,,,,,,2.9336703910614523,,,,,,2.83372,,,,,,-0.3824553674929088,,,,,,-3.776433291167633,
S010,R010,PRO,25,Image_018,247457,252307,4850,582,561,21,1773.123,560,247464,252305,1440.0,1080.0,3648.0,2736.0,3.166291071428572,3.169,0.6278832143963691,3.697643979057591,3.0593029611388074,0.1703949203238693,3.056,zhidaoyu,2.9449334470989763,2.846,1172.0,7.516557786650578,11.349262122276878,0.963917525773196,0.0360824742268041,10,5326.0,532.6,250.0,1425.0,247464.0,1425.0,2475.373554480936,275.04150605343733,4,2.0,7.0,10,318.0,31.8,1.375207530267187,0.0,0,0,0.0,3209.0,5,2,3209.0,917.0,1,1,917.0,0.0,0,0,0.0,0.0,0,0,0.0,0.0,0,0,0.0,0.0,0,0,0.0,0.0,0,0,0.0,0.0,0,0,0.0,0.0,0,0,0.0,0.0,0,0,0.0,0.0,0,0,0.0,0.0,0.6025159594442359,0.1721742395794217,0.0,0.0,0.0,0.0,0.0,0.0,0.0,0.0,0.0,0.7642531746438805,0.654291067439636,0.8796251413798675,,265.0,110.0,,,,,,0.0,,0.0,,,3.097532075471698,3.2031727272727277,,,,,,,,,,,5.181734362216062,8.768934334598963,,,,,,,,,
S010,R010,PRO,26,Image_019,252307,258624,6317,758,662,96,1953.002,652,252314,258622,1439.0,1080.0,1706.0,1280.0,2.9954018404907976,2.998,-0.3750177559668623,-1.897905759162298,3.0593029611388074,0.1703949203238693,3.056,zhidaoyu,2.9449334470989763,2.846,1172.0,1.713736296537947,5.340829234012654,0.8733509234828496,0.1266490765171504,15,5134.0,342.26666666666665,83.0,692.0,252314.0,500.0,3058.3952353715767,218.4568025265412,2,1.0,7.0,20,469.0,23.45,1.6998638646674145,0.0,0,0,0.0,0.0,0,0,0.0,0.0,0,0,0.0,0.0,0,0,0.0,625.0,3,1,625.0,0.0,0,0,0.0,0.0,0,0,0.0,0.0,0,0,0.0,0.0,0,0,0.0,0.0,0,0,0.0,0.0,0,0,0.0,0.0,0,0,0.0,0.0,0.0,0.0,0.0,0.1217374366965329,0.0,0.0,0.0,0.0,0.0,0.0,0.0,-0.0,1.0,0.9166666666666666,,,,,75.0,,,,0.0,,0.0,,,,,,3.01472,,,,,,,,,,,,2.369715790004332,,,,,,,
S010,R010,PRO,27,Image_020,258624,261157,2533,304,235,69,688.367,234,258630,261155,1439.0,1080.0,1706.0,1280.0,2.941739316239316,2.972,-0.6899480611043932,-2.748691099476442,3.0593029611388074,0.1703949203238693,3.056,zhidaoyu,2.9449334470989763,2.846,1172.0,-0.108461903028968,4.427266338721008,0.7730263157894737,0.2269736842105263,9,1801.0,200.11111111111111,75.0,375.0,258797.0,75.0,1360.369885169198,170.04623564614974,5,2.321928094887362,173.0,12,293.0,24.416666666666668,0.7560970484247865,942.0,4,2,942.0,0.0,0,0,0.0,0.0,0,0,0.0,0.0,0,0,0.0,0.0,0,0,0.0,0.0,0,0,0.0,0.0,0,0,0.0,450.0,2,1,450.0,1134.0,6,2,1134.0,0.0,0,0,0.0,0.0,0,0,0.0,0.0,0,0,0.0,0.5230427540255413,0.0,0.0,0.0,0.0,0.0,0.0,0.2498611882287618,0.6296501943364797,0.0,0.0,0.0,1.4927817020664929,0.372346127588989,0.7951306413301663,84.0,,,,,,,54.0,106.0,,,,2.947059523809524,,,,,,,2.932407407407408,2.963801886792453,,,,0.0721943890664877,,,,,,,-0.4253420295086204,0.6407085264376255,,,
S010,R010,PRO,28,Image_021,261157,264140,2983,358,358,0,1080.082,358,261164,264139,1440.0,1080.0,4032.0,3024.0,3.016988826815642,3.033,-0.248329787312549,-0.7526178010471247,3.0593029611388074,0.1703949203238693,3.056,zhidaoyu,2.9449334470989763,2.846,1172.0,2.446757490823668,6.570625439212924,1.0,0.0,11,2859.0,259.90909090909093,117.0,525.0,261164.0,267.0,3130.9456675894285,313.09456675894285,3,1.584962500721156,7.0,10,342.0,34.2,1.739414259771905,0.0,0,0,0.0,0.0,0,0,0.0,0.0,0,0,0.0,525.0,1,1,525.0,0.0,0,0,0.0,0.0,0,0,0.0,0.0,0,0,0.0,0.0,0,0,0.0,492.0,2,1,492.0,0.0,0,0,0.0,0.0,0,0,0.0,0.0,0,0,0.0,0.0,0.0,0.0,0.1836306400839454,0.0,0.0,0.0,0.0,0.1720881427072403,0.0,0.0,0.0,0.9992403618737384,0.5005264486038234,0.8360373647984267,,,,63.0,,,,0.0,56.0,,,,,,,3.0413650793650797,,,,,2.941017857142857,,,,,,,3.27449275164764,,,,,-0.1329602188455698,,,
S010,R010,PRO,29,Image_022,264140,267490,3350,402,339,63,1003.448,327,264147,267489,1620.0,1080.0,5472.0,3648.0,3.068648318042813,3.097,0.0548452787573911,1.3416230366492123,3.0593029611388074,0.1703949203238693,3.056,zhidaoyu,2.9449334470989763,2.846,1172.0,4.20093944960649,8.819395643007725,0.8432835820895522,0.1567164179104477,7,2867.0,409.57142857142856,142.0,767.0,264147.0,358.0,1553.9128953536406,258.9854825589401,2,1.0,7.0,10,267.0,26.7,0.7981072110829429,0.0,0,0,0.0,0.0,0,0,0.0,0.0,0,0,0.0,0.0,0,0,0.0,0.0,0,0,0.0,0.0,0,0,0.0,0.0,0,0,0.0,0.0,0,0,0.0,909.0,2,1,909.0,0.0,0,0,0.0,0.0,0,0,0.0,0.0,0,0,0.0,0.0,0.0,0.0,0.0,0.0,0.0,0.0,0.0,0.3170561562608999,0.0,0.0,0.0,-0.0,1.0,0.9166666666666666,,,,,,,,0.0,109.0,,,,,,,,,,,,3.123073394495413,,,,,,,,,,,,6.049031348125049,,,
S010,R010,PRO,30,Image_024,267490,271140,3650,438,437,1,1250.287,436,267497,271139,1440.0,1080.0,4032.0,3024.0,2.867630733944954,2.862,-1.124870546783569,-6.348167539267013,3.0593029611388074,0.1703949203238693,3.056,zhidaoyu,2.9449334470989763,2.846,1172.0,-2.6249392233353386,0.5621925509487005,0.997716894977169,0.002283105022831,11,3876.0,352.3636363636364,158.0,600.0,267497.0,600.0,2769.5730267944605,276.95730267944606,7,2.5216406363433186,7.0,11,326.0,29.63636363636364,1.538651681552478,0.0,0,0,0.0,0.0,0,0,0.0,0.0,0,0,0.0,0.0,0,0,0.0,592.0,1,1,592.0,0.0,0,0,0.0,0.0,0,0,0.0,1158.0,4,1,1158.0,275.0,1,1,275.0,0.0,0,0,0.0,0.0,0,0,0.0,567.0,2,2,567.0,0.0,0.0,0.0,0.0,0.152734778121775,0.0,0.0,0.2987616099071207,0.0709494324045407,0.0,0.0,0.1462848297213622,1.8289250193971929,0.31086599556089,0.7526363168724279,,,,,47.0,0.0,,139.0,33.0,,,68.0,,,,,2.8508085106382977,,,2.93663309352518,2.9546363636363635,,,2.75575,,,,,-3.1961651477523256,,,-0.281851991662929,0.3294782959168547,,,-6.424031323537687
S010,R010,PRO,31,Image_025,271140,274757,3617,434,336,98,1017.588,330,271147,274756,1620.0,1080.0,5472.0,3648.0,3.0836,3.076,0.1425925069539126,0.6544502617801053,3.0593029611388074,0.1703949203238693,3.056,zhidaoyu,2.9449334470989763,2.846,1172.0,4.708648103325486,8.081517919887562,0.7741935483870968,0.2258064516129032,10,2709.0,270.9,100.0,592.0,271147.0,592.0,2678.679632934228,297.6310703260253,4,1.5,7.0,13,409.0,31.46153846153846,1.3758001092714265,0.0,0,0,0.0,0.0,0,0,0.0,0.0,0,0,0.0,0.0,0,0,0.0,0.0,0,0,0.0,0.0,0,0,0.0,0.0,0,0,0.0,592.0,1,1,592.0,0.0,0,0,0.0,0.0,0,0,0.0,0.0,0,0,0.0,658.0,2,2,658.0,0.0,0.0,0.0,0.0,0.0,0.0,0.0,0.2185308231819859,0.0,0.0,0.0,0.2428940568475452,0.9979880630933476,0.50139392,0.8377333333333333,,,,,,,,24.0,0.0,,,79.0,,,,,,,,2.921208333333333,,,,3.0791518987341773,,,,,,,,-0.8056247854774006,,,,4.557605597756995
S011,R011,PRO,1,Image_001,65720,82954,17234,2068,1975,93,5255.671,1974,65723,82948,1440.0,1080.0,4032.0,3024.0,2.6624473150962515,2.682,-0.3039163462484869,-0.9235315847801964,2.7004058764940235,0.1248980578581201,2.707,zhidaoyu,2.5844395744680853,2.598,2350.0,3.0183619458087505,3.233256351039264,0.955029013539652,0.0449709864603481,45,15031.0,334.02222222222224,67.0,842.0,65723.0,217.0,8463.60674881411,192.35469883668432,21,3.082328136858429,3.0,53,1525.0,28.77358490566038,4.702003749341173,0.0,0,0,0.0,0.0,0,0,0.0,0.0,0,0,0.0,0.0,0,0,0.0,433.0,1,1,433.0,0.0,0,0,0.0,0.0,0,0,0.0,2109.0,4,4,2109.0,258.0,1,1,258.0,0.0,0,0,0.0,1525.0,4,4,1525.0,533.0,2,2,533.0,0.0,0.0,0.0,0.0,0.0288071319273501,0.0,0.0,0.1403100259463774,0.0171645266449338,0.0,0.1014569888896281,0.035460049231588,1.9329161881226364,0.3098134402794828,0.7478043090435021,,,,,52.0,,,253.0,31.0,,183.0,64.0,,,,,2.6658846153846154,,,2.710205533596838,2.675258064516129,,2.7094918032786883,2.734859375,,,,,3.151361777660935,,,4.86627586000486,3.5140496587828056,,4.838659415604275,5.820209612092532
S011,R011,PRO,2,Image_012,82954,98770,15816,1898,1807,91,4790.17,1805,82957,98765,1440.0,1080.0,4032.0,3024.0,2.6538337950138504,2.666,-0.372880749939902,-1.5145917990395246,2.7004058764940235,0.1248980578581201,2.707,zhidaoyu,2.5844395744680853,2.598,2350.0,2.6850780815816706,2.6173979984603566,0.952054794520548,0.047945205479452,41,13791.0,336.3658536585366,150.0,783.0,82957.0,458.0,9880.539671424734,247.0134917856184,17,2.866587105828959,3.0,48,1586.0,33.041666666666664,5.489188706347075,0.0,0,0,0.0,0.0,0,0,0.0,0.0,0,0,0.0,0.0,0,0,0.0,1426.0,3,3,1426.0,0.0,0,0,0.0,0.0,0,0,0.0,0.0,0,0,0.0,1700.0,4,2,1700.0,0.0,0,0,0.0,2467.0,8,5,2467.0,0.0,0,0,0.0,0.0,0.0,0.0,0.0,0.1034007686172141,0.0,0.0,0.0,0.12326879849177,0.0,0.1788847799289391,0.0,1.5457737246884242,0.3519496366703686,0.7810209190059002,,,,,171.0,,,,204.0,0.0,296.0,,,,,,2.5984736842105263,,,,2.7996176470588234,,2.5546013513513515,,,,,,0.5430233262594052,,,,8.325908437423031,,-1.1545335944979451,
S011,R011,PRO,3,Image_023,98770,109603,10833,1300,1241,59,3437.783,1240,98774,109599,1440.0,1080.0,960.0,720.0,2.7724056451612906,2.809,0.5764682806281611,3.768008865903226,2.7004058764940235,0.1248980578581201,2.707,zhidaoyu,2.5844395744680853,2.598,2350.0,7.272991504624033,8.121632024634346,0.9546153846153846,0.0453846153846153,37,9349.0,252.67567567567568,67.0,675.0,98774.0,433.0,8114.475188265933,225.4020885629426,7,2.5216406363433186,4.0,42,1375.0,32.73809523809524,4.508041771258852,0.0,0,0,0.0,0.0,0,0,0.0,0.0,0,0,0.0,0.0,0,0,0.0,0.0,0,0,0.0,0.0,0,0,0.0,0.0,0,0,0.0,509.0,2,2,509.0,0.0,0,0,0.0,267.0,1,1,267.0,0.0,0,0,0.0,217.0,1,1,217.0,0.0,0.0,0.0,0.0,0.0,0.0,0.0,0.0544443255963204,0.0,0.0285592041929618,0.0,0.0232110386137554,1.483195677061548,0.3827994349165203,0.799009734810339,,,,,,,,36.0,0.0,32.0,,26.0,,,,,,,,2.9305833333333333,,2.90065625,,2.823230769230769,,,,,,,,13.393377902305549,,12.235406029835175,,9.239573527728169
S011,R011,PRO,4,Image_026,109603,123220,13617,1634,1560,74,4374.028,1559,109607,123216,1439.0,1080.0,1706.0,1280.0,2.805662604233483,2.805,0.8427411085849518,3.6202438123383938,2.7004058764940235,0.1248980578581201,2.707,zhidaoyu,2.5844395744680853,2.598,2350.0,8.55980661923306,7.967667436489618,0.9547123623011016,0.0452876376988984,42,11648.0,277.3333333333333,133.0,592.0,109607.0,367.0,12307.009750623403,300.17096952740013,16,1.9544340029249647,4.0,46,1604.0,34.869565217391305,6.840267377886027,0.0,0,0,0.0,0.0,0,0,0.0,0.0,0,0,0.0,0.0,0,0,0.0,1633.0,4,3,1633.0,0.0,0,0,0.0,0.0,0,0,0.0,2973.0,10,6,2973.0,0.0,0,0,0.0,0.0,0,0,0.0,0.0,0,0,0.0,0.0,0,0,0.0,0.0,0.0,0.0,0.0,0.1401957417582417,0.0,0.0,0.2552369505494505,0.0,0.0,0.0,0.0,0.9380553256405064,0.5423186430733082,0.8575770733825445,,,,,196.0,,,318.0,0.0,,,,,,,,2.802719387755102,,,2.839550314465409,,,,,,,,,8.445924425682959,,,9.871027456690646,,,,
S011,R011,PRO,5,Image_027,123220,128319,5099,612,588,24,1557.012,587,123224,128316,810.0,1080.0,1280.0,1706.0,2.65249063032368,2.651,-0.3836348378192832,-2.0687107499076487,2.7004058764940235,0.1248980578581201,2.707,zhidaoyu,2.5844395744680853,2.598,2350.0,2.63310686494192,2.0400307929176265,0.9607843137254902,0.0392156862745098,15,4732.0,315.46666666666664,133.0,733.0,123224.0,358.0,3953.62023264706,282.40144518907573,7,1.8423709931771088,4.0,17,550.0,32.35294117647059,2.928607579738564,0.0,0,0,0.0,0.0,0,0,0.0,1200.0,5,3,1200.0,0.0,0,0,0.0,0.0,0,0,0.0,0.0,0,0,0.0,0.0,0,0,0.0,242.0,1,1,242.0,0.0,0,0,0.0,0.0,0,0,0.0,0.0,0,0,0.0,0.0,0,0,0.0,0.0,0.0,0.2535925612848689,0.0,0.0,0.0,0.0,0.0511411665257819,0.0,0.0,0.0,0.0,0.6526991857071825,0.7206838244770997,0.8886962552011096,,,144.0,,,,,29.0,0.0,,,,,,2.686208333333333,,,,,2.572655172413793,,,,,,,3.937749594559344,,,,,-0.4559751433429236,,,,
S011,R011,PRO,6,Image_028,128319,135486,7167,860,847,13,2310.368,846,128324,135482,1620.0,1080.0,5472.0,3648.0,2.7309314420803776,2.7495000000000003,0.2444038451024602,1.570003694126355,2.7004058764940235,0.1248980578581201,2.707,zhidaoyu,2.5844395744680853,2.598,2350.0,5.668225678769932,5.831408775981541,0.9848837209302326,0.0151162790697674,24,6700.0,279.1666666666667,125.0,558.0,128324.0,558.0,6211.920795222555,270.08351283576326,10,2.521928094887362,5.0,25,859.0,34.36,3.19051267041253,766.0,2,2,766.0,0.0,0,0,0.0,0.0,0,0,0.0,0.0,0,0,0.0,0.0,0,0,0.0,0.0,0,0,0.0,0.0,0,0,0.0,1108.0,4,2,1108.0,2950.0,10,4,2950.0,0.0,0,0,0.0,0.0,0,0,0.0,0.0,0,0,0.0,0.1143283582089552,0.0,0.0,0.0,0.0,0.0,0.0,0.1653731343283582,0.4402985074626865,0.0,0.0,0.0,1.3428967123831097,0.4519329142017937,0.8254560530679934,92.0,,,,,,,133.0,313.0,,,,2.599445652173913,,,,,,,2.6396842105263154,2.8307252396166134,,,,0.5806317877993372,,,,,,,2.1375866785200537,9.529557881004717,,,
S011,R011,PRO,7,Image_029,135486,148902,13416,1610,1554,56,4356.211,1551,135491,148899,1620.0,1080.0,6000.0,4000.0,2.808646679561573,2.794,0.8666331960942699,3.213889915035101,2.7004058764940235,0.1248980578581201,2.707,zhidaoyu,2.5844395744680853,2.598,2350.0,8.675269768674433,7.544264819091616,0.9652173913043478,0.0347826086956521,46,11532.0,250.69565217391303,83.0,658.0,135491.0,217.0,12494.823563921404,277.66274586492005,18,2.891061112072652,5.0,48,1719.0,35.8125,6.417482483987795,0.0,0,0,0.0,0.0,0,0,0.0,0.0,0,0,0.0,0.0,0,0,0.0,1267.0,6,4,1267.0,0.0,0,0,0.0,0.0,0,0,0.0,1599.0,7,4,1599.0,0.0,0,0,0.0,0.0,0,0,0.0,1341.0,7,2,1341.0,0.0,0,0,0.0,0.0,0.0,0.0,0.0,0.1098681928546652,0.0,0.0,0.1386576482830385,0.0,0.0,0.1162851196670135,0.0,1.577658194187768,0.3367660235984837,0.7631526820378733,,,,,152.0,,,192.0,0.0,,161.0,,,,,,2.8015855263157894,,,2.8701979166666667,,,2.825447204968944,,,,,,8.402051802367865,,,11.056878443652318,,,9.325334315485463,
S011,R011,PRO,8,Image_030,148902,157802,8900,1068,1008,60,2655.401,1007,148908,157799,1920.0,1079.0,2275.0,1279.0,2.6369424031777555,2.615,-0.5081221790362851,-3.398596231991121,2.7004058764940235,0.1248980578581201,2.707,zhidaoyu,2.5844395744680853,2.598,2350.0,2.0314976302154832,0.654349499615102,0.9438202247191012,0.0561797752808988,28,7576.0,270.57142857142856,117.0,492.0,148908.0,292.0,6860.057982039143,254.0762215570053,4,2.0,6.0,32,954.0,29.8125,3.114786041339338,267.0,1,1,267.0,0.0,0,0,0.0,0.0,0,0,0.0,0.0,0,0,0.0,0.0,0,0,0.0,0.0,0,0,0.0,0.0,0,0,0.0,167.0,1,1,167.0,434.0,2,2,434.0,0.0,0,0,0.0,0.0,0,0,0.0,0.0,0,0,0.0,0.0352428722280887,0.0,0.0,0.0,0.0,0.0,0.0,0.0220432946145723,0.057286166842661,0.0,0.0,0.0,1.480678345941429,0.3816363694281042,0.8012672811059908,32.0,,,,,0.0,,20.0,52.0,,,,2.7318125,,,,,,,2.5481,2.661153846153846,,,,5.702316548153245,,,,,,,-1.406091085552451,2.9683136121125933,,,
S011,R011,PRO,9,Image_031,157802,169602,11800,1416,1302,114,3618.602,1300,157808,169600,1621.0,1080.0,2731.0,1820.0,2.78354,2.761,0.6656158224687038,1.994828223125241,2.7004058764940235,0.1248980578581201,2.707,zhidaoyu,2.5844395744680853,2.598,2350.0,7.703814300742255,6.274056966897623,0.9194915254237288,0.0805084745762711,30,9719.0,323.96666666666664,92.0,692.0,157808.0,425.0,8599.556156636687,296.53641919436853,10,2.6464393446710157,6.0,36,1259.0,34.97222222222222,4.414942248569647,0.0,0,0,0.0,0.0,0,0,0.0,1284.0,3,3,1284.0,0.0,0,0,0.0,0.0,0,0,0.0,0.0,0,0,0.0,0.0,0,0,0.0,0.0,0,0,0.0,1067.0,4,1,1067.0,667.0,2,2,667.0,0.0,0,0,0.0,0.0,0,0,0.0,0.0,0.0,0.132112357238399,0.0,0.0,0.0,0.0,0.0,0.1097849573001337,0.0686284597180779,0.0,0.0,1.53620109662184,0.3548439866653843,0.7840733377512702,,,154.0,,,,,,128.0,77.0,,,,,2.877688311688312,,,,,,2.7414140625,2.8867662337662336,,,,,11.346705108421084,,,,,,6.073830844515776,11.697958129292752,,
S011,R011,PRO,10,Image_002,169602,181719,12117,1454,1391,63,3914.799,1390,169608,181716,810.0,1080.0,3072.0,4096.0,2.816402158273381,2.816,0.928727666134932,4.02659770964167,2.7004058764940235,0.1248980578581201,2.707,zhidaoyu,2.5844395744680853,2.598,2350.0,8.975353345339371,8.391070053887605,0.9566712517193948,0.0433287482806052,39,10576.0,271.1794871794872,75.0,750.0,169608.0,292.0,7310.98196375013,192.3942622039508,14,2.8423709931771084,6.0,44,1411.0,32.06818181818182,5.415542195370467,0.0,0,0,0.0,0.0,0,0,0.0,0.0,0,0,0.0,0.0,0,0,0.0,0.0,0,0,0.0,0.0,0,0,0.0,0.0,0,0,0.0,0.0,0,0,0.0,233.0,1,1,233.0,1399.0,4,4,1399.0,3850.0,14,4,3850.0,0.0,0,0,0.0,0.0,0.0,0.0,0.0,0.0,0.0,0.0,0.0,0.0220310136157337,0.1322806354009077,0.3640317700453858,0.0,1.0545376799917734,0.5601560132254664,0.8599659491669707,,,,,,,,,28.0,143.0,462.0,,,,,,,,,,2.9845357142857147,2.913923076923077,2.7946883116883114,,,,,,,,,,15.480963214238622,12.748740798972015,8.135177130751776,
S011,R011,PRO,11,Image_003,181719,187618,5899,708,677,31,1802.004,677,181725,187617,1620.0,1080.0,5472.0,3648.0,2.661748892171344,2.654,-0.3095082900856023,-1.9578869597340207,2.7004058764940235,0.1248980578581201,2.707,zhidaoyu,2.5844395744680853,2.598,2350.0,2.991337792030609,2.155504234026176,0.9562146892655368,0.0437853107344632,20,5058.0,252.9,117.0,625.0,181725.0,425.0,4338.551161627804,228.3447979804107,12,3.188721875540867,6.0,21,743.0,35.38095238095238,2.2283288710075357,0.0,0,0,0.0,0.0,0,0,0.0,0.0,0,0,0.0,0.0,0,0,0.0,625.0,1,1,625.0,0.0,0,0,0.0,0.0,0,0,0.0,683.0,3,2,683.0,941.0,3,3,941.0,0.0,0,0,0.0,0.0,0,0,0.0,584.0,3,2,584.0,0.0,0.0,0.0,0.0,0.1235666271253459,0.0,0.0,0.135033610122578,0.1860419137999209,0.0,0.0,0.1154606563859232,1.9736301295041057,0.2596162244456658,0.6998764560536533,,,,,75.0,,,82.0,87.0,,,70.0,,,,,2.7183333333333333,,,2.6939512195121957,2.717551724137931,,,2.617514285714286,,,,,5.180765694350012,,,4.237345926984929,5.150522805209787,,,1.279763379765143
S011,R011,PRO,12,Image_004,187618,192285,4667,560,536,24,1471.863,535,187625,192283,1439.0,1080.0,1706.0,1280.0,2.751145794392524,2.748,0.4062506556838474,1.5145917990395408,2.7004058764940235,0.1248980578581201,2.707,zhidaoyu,2.5844395744680853,2.598,2350.0,6.450381799262968,5.773672055427266,0.9571428571428572,0.0428571428571428,16,3968.0,248.0,83.0,467.0,187692.0,108.0,4374.235680244856,291.6157120163237,9,2.6416041678685933,74.0,19,633.0,33.31578947368421,2.431211336713888,0.0,0,0,0.0,0.0,0,0,0.0,866.0,5,3,866.0,0.0,0,0,0.0,867.0,2,1,867.0,0.0,0,0,0.0,0.0,0,0,0.0,217.0,1,1,217.0,158.0,1,1,158.0,0.0,0,0,0.0,0.0,0,0,0.0,0.0,0,0,0.0,0.0,0.0,0.2182459677419354,0.0,0.2184979838709677,0.0,0.0,0.0546875,0.0398185483870967,0.0,0.0,0.0,1.6722576647021534,0.354144237728145,0.7764073371283997,,,104.0,,104.0,,,26.0,19.0,,,,,,2.7617115384615385,,2.758942307692308,,,2.761423076923077,2.745421052631579,,,,,,6.8592032773657845,,6.752053131678955,,,6.84804180385674,6.228873747091805,,,
S011,R011,PRO,13,Image_005,192285,201002,8717,1046,990,56,2732.17,989,192292,201000,1920.0,1080.0,960.0,540.0,2.762558139534884,2.761,0.4976239351252622,1.994828223125241,2.7004058764940235,0.1248980578581201,2.707,zhidaoyu,2.5844395744680853,2.598,2350.0,6.891960904269083,6.274056966897623,0.9464627151051626,0.0535372848948374,30,7244.0,241.46666666666667,75.0,392.0,192292.0,292.0,9980.260260767243,344.14690554369804,11,2.663532754804255,7.0,36,1309.0,36.36111111111112,4.530495154906773,0.0,0,0,0.0,0.0,0,0,0.0,0.0,0,0,0.0,0.0,0,0,0.0,392.0,1,1,392.0,0.0,0,0,0.0,425.0,2,2,425.0,816.0,4,3,816.0,0.0,0,0,0.0,0.0,0,0,0.0,0.0,0,0,0.0,0.0,0,0,0.0,0.0,0.0,0.0,0.0,0.0541137493097736,0.0,0.0586692435118718,0.112644947542794,0.0,0.0,0.0,0.0,1.499716959133309,0.3750512339459156,0.7932741375790978,,,,,47.0,,51.0,98.0,,,,0.0,,,,,2.776212765957447,,2.765470588235294,2.806091836734693,,,,,,,,,7.420300841385751,,7.004652596858158,8.57641495883019,,,,
S011,R011,PRO,14,Image_006,201002,207968,6966,836,810,26,2255.242,809,201008,207967,1439.0,1080.0,1706.0,1280.0,2.7876909765142157,2.791,0.698850738890949,3.1030661248614733,2.7004058764940235,0.1248980578581201,2.707,zhidaoyu,2.5844395744680853,2.598,2350.0,7.864428483995881,7.428791377983066,0.9688995215311004,0.0311004784688995,24,5840.0,243.33333333333331,100.0,483.0,201008.0,233.0,5475.025911846372,238.04460486288573,12,1.9182958340544891,6.0,28,884.0,31.571428571428573,3.043033352271976,0.0,0,0,0.0,0.0,0,0,0.0,0.0,0,0,0.0,0.0,0,0,0.0,0.0,0,0,0.0,0.0,0,0,0.0,0.0,0,0,0.0,0.0,0,0,0.0,508.0,2,2,508.0,0.0,0,0,0.0,1349.0,5,4,1349.0,0.0,0,0,0.0,0.0,0.0,0.0,0.0,0.0,0.0,0.0,0.0,0.086986301369863,0.0,0.2309931506849315,0.0,0.8465260586174493,0.602550595934578,0.8710734159037875,,,,,0.0,,,,61.0,,162.0,,,,,,,,,,2.8006721311475413,,2.8197962962962966,,,,,,,,,,8.366709704325736,,9.106683094985929,
S011,R011,PRO,15,Image_007,207968,212751,4783,574,546,28,1413.303,546,207975,212750,1439.0,1080.0,1706.0,1280.0,2.5884670329670327,2.5685,-0.8962416665769891,-5.116364979682291,2.7004058764940235,0.1248980578581201,2.707,zhidaoyu,2.5844395744680853,2.598,2350.0,0.1558348873285763,-1.1354888375673455,0.951219512195122,0.048780487804878,16,4100.0,256.25,125.0,358.0,207992.0,358.0,4174.182738330488,278.27884922203253,0,0.0,24.0,18,749.0,41.61111111111112,2.320021401859269,0.0,0,0,0.0,0.0,0,0,0.0,0.0,0,0,0.0,0.0,0,0,0.0,0.0,0,0,0.0,0.0,0,0,0.0,0.0,0,0,0.0,0.0,0,0,0.0,0.0,0,0,0.0,0.0,0,0,0.0,0.0,0,0,0.0,0.0,0,0,0.0,0.0,0.0,0.0,0.0,0.0,0.0,0.0,0.0,0.0,0.0,0.0,0.0,0.0,0.0,0.0,0.0,,,,,,,0.0,0.0,,,,,,,,,,,,,,,,,,,,,,,,,,,
S011,R011,PRO,16,Image_008,212751,218368,5617,674,648,26,1766.118,647,212759,218367,1440.0,1080.0,4096.0,3072.0,2.7297032457496133,2.724,0.2345702547982818,0.6280014776505485,2.7004058764940235,0.1248980578581201,2.707,zhidaoyu,2.5844395744680853,2.598,2350.0,5.620702945296193,4.849884526558904,0.9614243323442137,0.0385756676557863,19,4858.0,255.68421052631575,100.0,433.0,212759.0,317.0,6970.925743063349,387.2736523924083,6,1.0,8.0,19,800.0,42.10526315789474,3.8727365239240825,0.0,0,0,0.0,0.0,0,0,0.0,0.0,0,0,0.0,0.0,0,0,0.0,0.0,0,0,0.0,0.0,0,0,0.0,0.0,0,0,0.0,0.0,0,0,0.0,0.0,0,0,0.0,0.0,0,0,0.0,1616.0,6,3,1616.0,0.0,0,0,0.0,0.0,0.0,0.0,0.0,0.0,0.0,0.0,0.0,0.0,0.0,0.3326471799094277,0.0,-0.0,1.0,0.9166666666666666,,,,,,,,,0.0,,194.0,,,,,,,,,,,,2.6698865979381443,,,,,,,,,,,,3.306210921477833,
S011,R011,PRO,17,Image_009,218368,223435,5067,608,562,46,1523.85,561,218375,223434,1440.0,1080.0,4032.0,3024.0,2.7163101604278075,2.705,0.1273381204361934,-0.0738825267824078,2.7004058764940235,0.1248980578581201,2.707,zhidaoyu,2.5844395744680853,2.598,2350.0,5.102482846280633,4.118552732871448,0.924342105263158,0.0756578947368421,15,4244.0,282.93333333333334,175.0,442.0,218375.0,308.0,3970.015918589505,283.572565613536,7,1.950212064914747,7.0,18,650.0,36.11111111111112,2.205564399216392,0.0,0,0,0.0,0.0,0,0,0.0,0.0,0,0,0.0,0.0,0,0,0.0,0.0,0,0,0.0,0.0,0,0,0.0,0.0,0,0,0.0,417.0,2,2,417.0,1033.0,4,3,1033.0,0.0,0,0,0.0,0.0,0,0,0.0,0.0,0,0,0.0,0.0,0.0,0.0,0.0,0.0,0.0,0.0,0.0982563619227144,0.2434024505183789,0.0,0.0,0.0,0.8655827443684821,0.5902392390011891,0.868735632183908,,,,,0.0,,,50.0,119.0,,,0.0,,,,,,,,2.65902,2.7169159663865545,,,,,,,,,,,2.8857484720750106,5.125923361769246,,,
S011,R011,PRO,18,Image_010,223435,229201,5766,692,675,17,1835.668,674,223442,229201,1440.0,1080.0,1600.0,1200.0,2.723543026706232,2.738,0.1852482785480234,1.1451791651274523,2.7004058764940235,0.1248980578581201,2.707,zhidaoyu,2.5844395744680853,2.598,2350.0,5.382344923532443,5.38876058506544,0.9754335260115607,0.0245664739884393,19,5318.0,279.89473684210526,125.0,500.0,223442.0,442.0,6009.030024903686,333.83500138353816,8,1.811278124459133,7.0,20,793.0,39.65,3.338350013835381,0.0,0,0,0.0,0.0,0,0,0.0,0.0,0,0,0.0,0.0,0,0,0.0,0.0,0,0,0.0,0.0,0,0,0.0,0.0,0,0,0.0,317.0,1,1,317.0,125.0,1,1,125.0,1367.0,5,3,1367.0,0.0,0,0,0.0,0.0,0,0,0.0,0.0,0.0,0.0,0.0,0.0,0.0,0.0,0.0596088755171117,0.0235050770966528,0.2570515231289959,0.0,0.0,1.0121161462561568,0.6065132234533982,0.8644278606965174,,,,,,,,38.0,15.0,164.0,0.0,,,,,,,,,2.7051315789473684,2.7374666666666667,2.7405792682926826,,,,,,,,,,4.6699487839302005,5.92109383056776,6.041530061956784,,
S011,R011,PRO,19,Image_011,229201,234868,5667,680,631,49,1784.471,631,229209,234867,1440.0,1080.0,960.0,720.0,2.8280047543581617,2.824,1.021624195382494,4.322127816771334,2.7004058764940235,0.1248980578581201,2.707,zhidaoyu,2.5844395744680853,2.598,2350.0,9.424293850638996,8.698999230177058,0.9279411764705884,0.0720588235294117,19,4734.0,249.1578947368421,100.0,417.0,229209.0,300.0,4427.850580566694,245.99169892037187,8,3.0,8.0,21,775.0,36.90476190476191,2.4599169892037187,0.0,0,0,0.0,0.0,0,0,0.0,0.0,0,0,0.0,0.0,0,0,0.0,0.0,0,0,0.0,0.0,0,0,0.0,0.0,0,0,0.0,167.0,1,1,167.0,567.0,2,2,567.0,0.0,0,0,0.0,0.0,0,0,0.0,792.0,3,3,792.0,0.0,0.0,0.0,0.0,0.0,0.0,0.0,0.0352767215885086,0.1197718631178707,0.0,0.0,0.1673003802281368,1.3710869189259711,0.419397975501959,0.81826124945391,,,,,,,,20.0,68.0,,,61.0,,,,,,,,2.8265,2.8533235294117647,,,2.848918032786885,,,,,,,,9.366070227497367,10.403955952385523,,,10.233493594959876
S011,R011,PRO,20,Image_013,234868,247351,12483,1497,1448,49,3781.024,1446,234876,247343,1920.0,1080.0,3840.0,2160.0,2.614816044260028,2.6,-0.685277527143158,-3.9527151828592455,2.7004058764940235,0.1248980578581201,2.707,zhidaoyu,2.5844395744680853,2.598,2350.0,1.1753600313210866,0.0769822940723719,0.9672678690714764,0.0327321309285237,36,10667.0,296.30555555555554,108.0,783.0,234876.0,300.0,8876.637131023965,253.61820374354184,16,3.077819531114783,8.0,39,1362.0,34.92307692307692,4.029510299652047,0.0,0,0,0.0,0.0,0,0,0.0,0.0,0,0,0.0,0.0,0,0,0.0,683.0,3,2,683.0,0.0,0,0,0.0,0.0,0,0,0.0,0.0,0,0,0.0,1208.0,5,3,1208.0,0.0,0,0,0.0,925.0,3,3,925.0,692.0,2,2,692.0,0.0,0.0,0.0,0.0,0.064029249085966,0.0,0.0,0.0,0.1132464610480922,0.0,0.0867160401237461,0.0648729727196025,1.9582977345200356,0.2649297127009903,0.70961611554542,,,,,82.0,,,0.0,143.0,,111.0,83.0,,,,,2.6064024390243903,,,,2.6347622377622377,,2.5952882882882884,2.6002409638554216,,,,,0.849811493883555,,,,1.947140253975936,,0.4197704572928913,0.6114048687165952
S011,R011,PRO,21,Image_014,247351,256634,9283,1114,1066,48,2802.836,1066,247351,256626,1440.0,1080.0,4032.0,3024.0,2.629302063789869,2.635,-0.5692947826692872,-2.659770964166977,2.7004058764940235,0.1248980578581201,2.707,zhidaoyu,2.5844395744680853,2.598,2350.0,1.7358691518650444,1.4241724403387193,0.9569120287253142,0.0430879712746858,30,7977.0,265.9,67.0,550.0,247368.0,167.0,7608.667879312095,262.36785790731363,15,3.5068905956085183,17.0,33,1127.0,34.15151515151515,4.227037710728942,0.0,0,0,0.0,0.0,0,0,0.0,1608.0,7,3,1608.0,0.0,0,0,0.0,700.0,2,2,700.0,325.0,1,1,325.0,0.0,0,0,0.0,642.0,2,2,642.0,417.0,1,1,417.0,0.0,0,0,0.0,0.0,0,0,0.0,0.0,0,0,0.0,0.0,0.0,0.201579541180895,0.0,0.087752287827504,0.0407421336341983,0.0,0.0804813839789394,0.052275291462956,0.0,0.0,0.0,2.079945616456736,0.2763832138593708,0.7119447453954496,,,193.0,,84.0,39.0,,77.0,50.0,,,,,,2.6389222797927463,,2.609297619047619,2.5860512820512818,,2.6475844155844155,2.65606,,,,,,2.108105210232062,,0.9618350076786002,0.0623619758464742,,2.4432701673563537,2.771216871907533,,,
S011,R011,PRO,22,Image_015,256634,263667,7033,844,809,35,2034.624,809,256634,263659,1440.0,1080.0,4032.0,3024.0,2.5149864029666253,2.531,-1.484566507335353,-6.501662356852594,2.7004058764940235,0.1248980578581201,2.707,zhidaoyu,2.5844395744680853,2.598,2350.0,-2.6873590772867795,-2.578906851424162,0.9585308056872038,0.0414691943127962,23,6150.0,267.39130434782606,92.0,558.0,256634.0,550.0,5257.701360759928,238.98642548908765,10,1.7219280948873623,0.0,28,850.0,30.357142857142858,2.9209452004221825,0.0,0,0,0.0,0.0,0,0,0.0,0.0,0,0,0.0,0.0,0,0,0.0,0.0,0,0,0.0,0.0,0,0,0.0,0.0,0,0,0.0,0.0,0,0,0.0,200.0,1,1,200.0,0.0,0,0,0.0,2400.0,9,5,2400.0,0.0,0,0,0.0,0.0,0.0,0.0,0.0,0.0,0.0,0.0,0.0,0.032520325203252,0.0,0.3902439024390244,0.0,0.3912435636292556,0.8579881656804735,0.903846153846154,,,,,0.0,,,,24.0,0.0,251.0,,,,,,,,,,2.4246250000000003,,2.549179282868526,,,,,,,,,,-6.183722616187579,,-1.364330276780269,
S011,R011,PRO,23,Image_016,263667,269634,5967,716,692,24,1763.718,692,263668,269626,1440.0,1080.0,4032.0,3024.0,2.548725433526011,2.545,-1.2144339597363158,-5.98448466937569,2.7004058764940235,0.1248980578581201,2.707,zhidaoyu,2.5844395744680853,2.598,2350.0,-1.381891118480668,-2.0400307929176265,0.9664804469273744,0.0335195530726257,19,5149.0,271.0,158.0,467.0,263676.0,200.0,5144.958274604696,285.83101525581645,4,1.0,9.0,22,767.0,34.86363636363637,2.8583101525581647,0.0,0,0,0.0,0.0,0,0,0.0,0.0,0,0,0.0,0.0,0,0,0.0,0.0,0,0,0.0,0.0,0,0,0.0,0.0,0,0,0.0,0.0,0,0,0.0,0.0,0,0,0.0,0.0,0,0,0.0,1142.0,4,3,1142.0,0.0,0,0,0.0,0.0,0.0,0.0,0.0,0.0,0.0,0.0,0.0,0.0,0.0,0.2217906389590211,0.0,-0.0,1.0,0.9166666666666666,,,,,,,,,0.0,,115.0,,,,,,,,,,,,2.551034782608695,,,,,,,,,,,,-1.2925352246343478,
S011,R011,PRO,24,Image_017,269634,278434,8800,1056,1011,45,2642.68,1011,269635,278426,1440.0,1080.0,4032.0,3024.0,2.613926805143422,2.609,-0.6923972464715092,-3.620243812338377,2.7004058764940235,0.1248980578581201,2.707,zhidaoyu,2.5844395744680853,2.598,2350.0,1.140952605997977,0.4234026173980031,0.9573863636363636,0.0426136363636363,27,7793.0,288.6296296296296,67.0,683.0,269635.0,467.0,6672.391237585423,256.63043221482394,11,3.095795255000934,1.0,29,1026.0,35.37931034482759,3.70688402088079,0.0,0,0,0.0,0.0,0,0,0.0,0.0,0,0,0.0,0.0,0,0,0.0,575.0,2,2,575.0,0.0,0,0,0.0,0.0,0,0,0.0,0.0,0,0,0.0,575.0,2,2,575.0,0.0,0,0,0.0,2285.0,9,3,2285.0,0.0,0,0,0.0,0.0,0.0,0.0,0.0,0.0737841652765302,0.0,0.0,0.0,0.0737841652765302,0.0,0.2932118567945592,0.0,1.2545335028228393,0.4985475740991464,0.8329694323144105,,,,,69.0,,,,69.0,,282.0,,,,,,2.574072463768116,,,,2.593550724637681,,2.5734007092198583,,,,,,-0.4011357356692446,,,,0.352538719016905,,-0.427128007065087,
S011,R011,PRO,25,Image_018,278434,287084,8650,1038,1011,27,2724.781,1011,278435,287076,1440.0,1080.0,3648.0,2736.0,2.695134520276953,2.693,-0.0422052697012964,-0.517177687476904,2.7004058764940235,0.1248980578581201,2.707,zhidaoyu,2.5844395744680853,2.598,2350.0,4.283131511467077,3.656658968437268,0.9739884393063584,0.0260115606936416,31,7927.0,255.70967741935485,67.0,683.0,278435.0,683.0,9075.850945824524,302.5283648608174,17,3.175123135113461,1.0,32,1199.0,37.46875,5.042139414346957,0.0,0,0,0.0,1443.0,6,4,1443.0,925.0,3,2,925.0,0.0,0,0,0.0,0.0,0,0,0.0,0.0,0,0,0.0,0.0,0,0,0.0,0.0,0,0,0.0,1242.0,6,3,1242.0,0.0,0,0,0.0,676.0,3,3,676.0,0.0,0,0,0.0,0.0,0.182036079222909,0.1166897943736596,0.0,0.0,0.0,0.0,0.0,0.1566797022833354,0.0,0.085278163239561,0.0,1.9442736537605905,0.2687789238378041,0.7175688287447504,,173.0,111.0,,,,,,149.0,,81.0,,,2.7001618497109825,2.7245765765765766,,,,,,2.695744966442953,,2.665469135802469,,,4.477654513037495,5.4223361804593,,,,,,4.306751570996823,,3.135285581248729,
S011,R011,PRO,26,Image_019,287084,295067,7983,958,918,40,2471.455,918,287085,295060,1439.0,1080.0,1706.0,1280.0,2.6922167755991286,2.697,-0.0655662788944037,-0.3694126339120719,2.7004058764940235,0.1248980578581201,2.707,zhidaoyu,2.5844395744680853,2.598,2350.0,4.170234901051052,3.8106235565819935,0.9582463465553236,0.0417536534446764,24,7010.0,292.0833333333333,125.0,650.0,287085.0,375.0,7425.426435436923,322.8446276276923,6,2.584962500721156,1.0,29,984.0,33.93103448275862,4.127070932940382,0.0,0,0,0.0,0.0,0,0,0.0,0.0,0,0,0.0,0.0,0,0,0.0,0.0,0,0,0.0,0.0,0,0,0.0,0.0,0,0,0.0,0.0,0,0,0.0,408.0,2,2,408.0,0.0,0,0,0.0,392.0,2,2,392.0,0.0,0,0,0.0,0.0,0.0,0.0,0.0,0.0,0.0,0.0,0.0,0.0582025677603423,0.0,0.0559201141226818,0.0,0.99971144175281,0.5002,0.835,,,,,0.0,,,,49.0,,47.0,,,,,,,,,,2.6698163265306123,,2.669191489361702,,,,,,,,,,3.303491902305311,,3.279315010143343,
S011,R011,PRO,27,Image_020,295067,301183,6116,734,714,20,1886.998,714,295068,301177,1439.0,1080.0,1706.0,1280.0,2.642854341736695,2.662,-0.4607880678393324,-1.6623568526043564,2.7004058764940235,0.1248980578581201,2.707,zhidaoyu,2.5844395744680853,2.598,2350.0,2.26024890833954,2.4634334103156297,0.9727520435967304,0.0272479564032697,22,5750.0,261.3636363636364,92.0,650.0,295068.0,650.0,6269.432375552109,298.5443988358147,8,2.5,1.0,23,799.0,34.73913043478261,3.484566488962056,2050.0,7,3,2050.0,0.0,0,0,0.0,0.0,0,0,0.0,0.0,0,0,0.0,0.0,0,0,0.0,0.0,0,0,0.0,0.0,0,0,0.0,1950.0,9,3,1950.0,2300.0,7,3,2300.0,0.0,0,0,0.0,0.0,0,0,0.0,0.0,0,0,0.0,0.3565217391304348,0.0,0.0,0.0,0.0,0.0,0.0,0.3391304347826087,0.4,0.0,0.0,0.0,1.5814531877571252,0.3349710254472159,0.7592592592592593,246.0,,,,,,,211.0,223.0,,,,2.680682926829268,,,,,,,2.6413459715639807,2.6865919282511213,,,,3.723954443043653,,,,,,,2.2018853780943037,3.9525920742047305,,,
S011,R011,PRO,28,Image_021,301183,309000,7817,938,913,25,2507.404,912,301185,308993,1440.0,1080.0,4032.0,3024.0,2.7493464912280707,2.7455,0.3918444815982811,1.4222386405615064,2.7004058764940235,0.1248980578581201,2.707,zhidaoyu,2.5844395744680853,2.598,2350.0,6.380761167299711,5.677444187836796,0.9733475479744136,0.0266524520255863,25,6950.0,278.0,142.0,725.0,301185.0,375.0,7849.561430204494,327.0650595918539,10,2.521928094887362,2.0,26,1027.0,39.5,4.360867461224719,0.0,0,0,0.0,0.0,0,0,0.0,0.0,0,0,0.0,1191.0,4,3,1191.0,0.0,0,0,0.0,0.0,0,0,0.0,0.0,0,0,0.0,0.0,0,0,0.0,767.0,3,3,767.0,0.0,0,0,0.0,0.0,0,0,0.0,0.0,0,0,0.0,0.0,0.0,0.0,0.1713669064748201,0.0,0.0,0.0,0.0,0.1103597122302158,0.0,0.0,0.0,0.965904528239594,0.5234464093251436,0.8513789581205311,,,,143.0,,,,0.0,92.0,,,,,,,2.697965034965035,,,,,2.8355869565217398,,,,,,,4.392652922454754,,,,,9.717672819080857,,,
S011,R011,PRO,29,Image_022,309000,315166,6166,740,699,41,1936.218,696,309002,315160,1620.0,1080.0,5472.0,3648.0,2.781922413793103,2.794,0.6526645705866745,3.213889915035101,2.7004058764940235,0.1248980578581201,2.707,zhidaoyu,2.5844395744680853,2.598,2350.0,7.641224862673088,7.544264819091616,0.9445945945945946,0.0554054054054054,17,5424.0,319.05882352941177,133.0,725.0,309002.0,275.0,3837.6728262146303,239.8545516384144,7,1.8423709931771088,2.0,20,677.0,33.85,1.971072101619893,0.0,0,0,0.0,0.0,0,0,0.0,0.0,0,0,0.0,0.0,0,0,0.0,0.0,0,0,0.0,0.0,0,0,0.0,0.0,0,0,0.0,242.0,1,1,242.0,1525.0,4,3,1525.0,0.0,0,0,0.0,0.0,0,0,0.0,0.0,0,0,0.0,0.0,0.0,0.0,0.0,0.0,0.0,0.0,0.0446165191740412,0.2811578171091445,0.0,0.0,0.0,0.5762091131139775,0.7636029208058576,0.8938407847575929,,,,,,,,29.0,183.0,,,,,,,,,,,2.906793103448276,2.814857923497268,,,,,,,,,,,12.472859964100165,8.915602102115546,,,
S011,R011,PRO,30,Image_024,315166,321316,6150,738,710,28,1828.57,710,315169,321310,1440.0,1080.0,4032.0,3024.0,2.5754507042253523,2.584,-1.0004572882199338,-4.543775397118574,2.7004058764940235,0.1248980578581201,2.707,zhidaoyu,2.5844395744680853,2.598,2350.0,-0.3478073285804339,-0.5388760585065355,0.962059620596206,0.037940379403794,21,5909.0,281.3809523809524,150.0,725.0,315169.0,725.0,4865.412679866844,243.2706339933422,10,2.9219280948873623,3.0,22,694.0,31.545454545454547,2.703007044370469,0.0,0,0,0.0,0.0,0,0,0.0,0.0,0,0,0.0,0.0,0,0,0.0,150.0,1,1,150.0,984.0,3,2,984.0,0.0,0,0,0.0,659.0,2,1,659.0,525.0,3,3,525.0,0.0,0,0,0.0,0.0,0,0,0.0,0.0,0,0,0.0,0.0,0.0,0.0,0.0,0.025385005923168,0.1665256388559824,0.0,0.1115247926891182,0.0888475207310881,0.0,0.0,0.0,1.781463401019811,0.3165127028521954,0.7614322691975841,,,,,18.0,118.0,,79.0,63.0,,,0.0,,,,,2.6756111111111114,2.4723983050847456,,2.654025316455696,2.609269841269841,,,,,,,,3.5277101288696424,-4.335224955158775,,2.6924886414468663,0.9607601991184628,,,
S011,R011,PRO,31,Image_025,321316,328266,6950,834,808,26,2101.183,807,321319,328260,1620.0,1080.0,5472.0,3648.0,2.6036964064436185,2.606,-0.7743072367087052,-3.731067602512005,2.7004058764940235,0.1248980578581201,2.707,zhidaoyu,2.5844395744680853,2.598,2350.0,0.7451066825385781,0.3079291762894537,0.9688249400479616,0.0311750599520383,25,6018.0,240.72,67.0,417.0,321319.0,417.0,7342.6022170751985,305.94175904479994,7,1.8423709931771088,3.0,26,952.0,36.61538461538461,3.7712434172364953,0.0,0,0,0.0,0.0,0,0,0.0,0.0,0,0,0.0,0.0,0,0,0.0,0.0,0,0,0.0,0.0,0,0,0.0,0.0,0,0,0.0,858.0,4,3,858.0,292.0,2,1,292.0,0.0,0,0,0.0,0.0,0,0,0.0,0.0,0,0,0.0,0.0,0.0,0.0,0.0,0.0,0.0,0.0,0.1425722831505483,0.0485211033565968,0.0,0.0,0.0,0.8174214469034113,0.6211175803402647,0.8743478260869565,,,,,,,,103.0,35.0,,,0.0,,,,,,,,2.655631067961165,2.641257142857143,,,,,,,,,,,2.7546201581335943,2.198448319332503,,,
S012,R012,PRO,1,Image_001,67077,80677,13600,1632,1627,5,3904.194,1608,67082,80674,1440.0,1080.0,4032.0,3024.0,2.427981343283582,2.435,0.2053960316173777,1.670146137787058,2.3966230833292514,0.1526721802140086,2.395,zhidaoyu,2.3351181980374665,2.2555,2242.0,3.9768070551701262,7.958324096652647,0.996936274509804,0.003063725490196,31,12223.0,394.2903225806452,92.0,1133.0,67082.0,658.0,5793.266531239157,193.10888437463856,3,0.9182958340544896,5.0,45,1425.0,31.666666666666668,3.2184814062439764,0.0,0,0,0.0,0.0,0,0,0.0,0.0,0,0,0.0,0.0,0,0,0.0,0.0,0,0,0.0,0.0,0,0,0.0,0.0,0,0,0.0,0.0,0,0,0.0,0.0,0,0,0.0,0.0,0,0,0.0,1433.0,3,2,1433.0,0.0,0,0,0.0,0.0,0.0,0.0,0.0,0.0,0.0,0.0,0.0,0.0,0.0,0.1172379939458398,0.0,-0.0,1.0,0.9166666666666666,,,,,0.0,,,0.0,0.0,,168.0,0.0,,,,,,,,,,,2.5718452380952384,,,,,,,,,,,,10.137689829008549,
S012,R012,PRO,2,Image_012,80677,104326,23649,2838,2776,59,6501.356,2758,80682,104324,1440.0,1080.0,4032.0,3024.0,2.357271936185642,2.357,-0.2577492971440447,-1.5866388308976958,2.3966230833292514,0.1526721802140086,2.395,zhidaoyu,2.3351181980374665,2.2555,2242.0,0.9487202046900364,4.500110840168504,0.97815362931642,0.0207892882311486,66,21021.0,318.5,67.0,1183.0,80682.0,625.0,13766.593767753317,211.79375027312796,24,2.9508257945180887,5.0,80,2459.0,30.7375,7.648107648751841,0.0,0,0,0.0,0.0,0,0,0.0,0.0,0,0,0.0,0.0,0,0,0.0,2983.0,6,5,2983.0,0.0,0,0,0.0,0.0,0,0,0.0,0.0,0,0,0.0,450.0,1,1,450.0,458.0,3,2,458.0,3900.0,12,5,3900.0,0.0,0,0,0.0,0.0,0.0,0.0,0.0,0.1419057133342847,0.0,0.0,0.0,0.0214071642643071,0.0217877360734503,0.1855287569573283,0.0,1.5079950415730712,0.4039651048577998,0.8043789842981217,,,,,358.0,,,,54.0,55.0,468.0,,,,,,2.326072625698324,,,,2.395481481481481,2.352981818181818,2.3494679487179484,,,,,,-0.3873710695563316,,,,2.5850204711156373,0.7649985409460199,0.6145192432889303,
S012,R012,PRO,3,Image_023,104326,119576,15250,1830,1810,20,4414.88,1809,104332,119574,1440.0,1080.0,960.0,720.0,2.4405085682697623,2.437,0.2874491271362878,1.7536534446764014,2.3966230833292514,0.1526721802140086,2.395,zhidaoyu,2.3351181980374665,2.2555,2242.0,4.513277757026192,8.046996231434282,0.989071038251366,0.0109289617486338,36,14018.0,389.3888888888889,142.0,917.0,104332.0,517.0,10141.376531733122,289.7536151923749,12,3.084962500721156,6.0,39,1483.0,38.02564102564103,5.634098073185068,0.0,0,0,0.0,0.0,0,0,0.0,0.0,0,0,0.0,0.0,0,0,0.0,0.0,0,0,0.0,0.0,0,0,0.0,0.0,0,0,0.0,158.0,1,1,158.0,850.0,3,2,850.0,625.0,2,2,625.0,0.0,0,0,0.0,558.0,2,2,558.0,0.0,0.0,0.0,0.0,0.0,0.0,0.0,0.0112712227136538,0.0606363247253531,0.044585532886289,0.0,0.0398059637608788,1.822294597925695,0.3019391181841986,0.7481743496120493,,,,,,,,19.0,102.0,75.0,,67.0,,,,,,,,2.5265263157894737,2.5202450980392155,2.637053333333333,,2.5382985074626867,,,,,,,,8.196934866632228,7.927945581398732,12.930186384125053,,8.701071731443047
S012,R012,PRO,4,Image_026,119576,137776,18200,2184,2184,0,5619.516,2184,119583,137775,1439.0,1080.0,1706.0,1280.0,2.573038461538461,2.578,1.1555175144673968,7.640918580375776,2.3966230833292514,0.1526721802140086,2.395,zhidaoyu,2.3351181980374665,2.2555,2242.0,10.188788888757456,14.298381733540246,1.0,0.0,25,17717.0,708.68,133.0,6108.0,119583.0,650.0,7617.725052926821,317.40521053861755,10,2.721928094887362,7.0,26,999.0,38.42307692307692,4.2339509945217175,0.0,0,0,0.0,0.0,0,0,0.0,0.0,0,0,0.0,0.0,0,0,0.0,258.0,1,1,258.0,0.0,0,0,0.0,0.0,0,0,0.0,9108.0,6,3,9108.0,959.0,2,2,959.0,0.0,0,0,0.0,0.0,0,0,0.0,0.0,0,0,0.0,0.0,0.0,0.0,0.0,0.0145622848111982,0.0,0.0,0.5140825196139301,0.0541288028447254,0.0,0.0,0.0,0.6110507557545628,0.7874060022630138,0.8928571428571429,,,,,31.0,,,1093.0,115.0,,,,,,,,2.5913870967741937,,,2.607673376029277,2.5722260869565217,,,,,,,,10.97455790255528,,,11.672007790478348,10.153999447151364,,,
S012,R012,PRO,5,Image_027,137776,150409,12633,1516,1500,16,3688.239,1499,137783,150408,810.0,1080.0,1280.0,1706.0,2.460466310873916,2.457,0.4181719777314499,2.58872651356993,2.3966230833292514,0.1526721802140086,2.395,zhidaoyu,2.3351181980374665,2.2555,2242.0,5.36795580377033,8.933717579250732,0.9894459102902374,0.0105540897097625,31,12273.0,395.9032258064516,183.0,925.0,137783.0,692.0,5297.599137398149,176.58663791327163,12,1.9182958340544891,7.0,32,1028.0,32.125,3.924147509183814,0.0,0,0,0.0,0.0,0,0,0.0,4140.0,12,2,4140.0,0.0,0,0,0.0,0.0,0,0,0.0,0.0,0,0,0.0,0.0,0,0,0.0,2325.0,6,4,2325.0,0.0,0,0,0.0,0.0,0,0,0.0,0.0,0,0,0.0,0.0,0,0,0.0,0.0,0.0,0.3373258372036177,0.0,0.0,0.0,0.0,0.1894402346614519,0.0,0.0,0.0,0.0,0.9423746092322964,0.5394081642540685,0.8567285382830626,,,497.0,,,,,279.0,0.0,,,,,,2.3706297786720323,,,,,2.549225806451613,,,,,,,1.520761589902014,,,,,9.169026586923597,,,,
S012,R012,PRO,6,Image_028,150409,161959,11550,1386,1369,17,3293.762,1369,150416,161958,1620.0,1080.0,5472.0,3648.0,2.405962016070124,2.41,0.0611698393759867,0.6263048016701513,2.3966230833292514,0.1526721802140086,2.395,zhidaoyu,2.3351181980374665,2.2555,2242.0,3.033842916054433,6.8499224118820905,0.9877344877344876,0.0122655122655122,28,10818.0,386.3571428571428,67.0,1467.0,150416.0,683.0,8313.658160417048,307.91326520063143,15,3.056564762130954,7.0,31,1107.0,35.70967741935484,4.269988715678531,2342.0,5,4,2342.0,0.0,0,0,0.0,0.0,0,0,0.0,0.0,0,0,0.0,0.0,0,0,0.0,0.0,0,0,0.0,0.0,0,0,0.0,3509.0,8,3,3509.0,5001.0,12,5,5001.0,0.0,0,0,0.0,0.0,0,0,0.0,0.0,0,0,0.0,0.2164910334627472,0.0,0.0,0.0,0.0,0.0,0.0,0.3243667960806064,0.4622850804215196,0.0,0.0,0.0,1.5191569984060256,0.3635011879159862,0.7908373264528812,281.0,,,,,,,421.0,529.0,,,,2.2531103202846974,,,,,,,2.2939714964370546,2.507499054820416,,,,-3.5119369041657937,,,,,,,-1.7620821778954636,7.382104123372672,,,
S012,R012,PRO,7,Image_029,161959,176675,14716,1765,1751,14,4366.487,1748,161967,176667,1620.0,1080.0,6000.0,4000.0,2.4979902745995424,2.493,0.6639532567636043,4.091858037578282,2.3966230833292514,0.1526721802140086,2.395,zhidaoyu,2.3351181980374665,2.2555,2242.0,6.974896461299501,10.529816005320342,0.9920679886685552,0.0079320113314447,28,14735.0,526.25,117.0,1467.0,161967.0,1467.0,9051.618958949792,335.24514662777005,8,2.5,8.0,34,1234.0,36.294117647058826,4.6490137154494935,0.0,0,0,0.0,0.0,0,0,0.0,0.0,0,0,0.0,0.0,0,0,0.0,1025.0,3,1,1025.0,0.0,0,0,0.0,0.0,0,0,0.0,6252.0,9,4,6252.0,0.0,0,0,0.0,0.0,0,0,0.0,1358.0,2,1,1358.0,0.0,0,0,0.0,0.0,0.0,0.0,0.0,0.0695622667119104,0.0,0.0,0.4242958941296233,0.0,0.0,0.0921615201900237,0.0,1.1219710679784318,0.5630428807230374,0.8508878594865856,,,,,123.0,,,562.0,0.0,,163.0,,,,,,2.461650406504065,,,2.516341637010676,,,2.571914110429448,,,,,,5.418663970540842,,,7.760782264705806,,,10.140639244342957,
S012,R012,PRO,8,Image_030,176675,191458,14783,1774,1774,0,3978.841,1774,176675,191450,1920.0,1079.0,2275.0,1279.0,2.242864148816235,2.234,-1.0071182208669884,-6.722338204592903,2.3966230833292514,0.1526721802140086,2.395,zhidaoyu,2.3351181980374665,2.2555,2242.0,-3.9507228926897935,-0.953225448902666,1.0,0.0,38,14273.0,375.60526315789474,100.0,1250.0,176675.0,1042.0,8020.339401734968,216.7659297766208,14,3.235926350629033,0.0,46,1409.0,30.630434782608692,3.641607881556449,858.0,2,1,858.0,0.0,0,0,0.0,0.0,0,0,0.0,0.0,0,0,0.0,0.0,0,0,0.0,1275.0,2,2,1275.0,0.0,0,0,0.0,658.0,3,2,658.0,4817.0,13,4,4817.0,0.0,0,0,0.0,0.0,0,0,0.0,0.0,0,0,0.0,0.0601135010159041,0.0,0.0,0.0,0.0,0.0893295032578995,0.0,0.0461010299166258,0.3374903664261192,0.0,0.0,0.0,1.5098532900045831,0.449161966041612,0.8078995793901157,103.0,,,,,153.0,,79.0,537.0,,,,2.256436893203884,,,,,2.1964248366013077,,2.245126582278481,2.240361266294227,,,,-3.369478465788583,,,,,-5.939457863534404,,-3.853835571776124,-4.057907296636079,,,
S012,R012,PRO,9,Image_031,191458,205408,13950,1674,1625,49,4060.817,1624,191459,205401,1621.0,1080.0,2731.0,1820.0,2.500503078817734,2.551,0.680412078630621,6.513569937369526,2.3966230833292514,0.1526721802140086,2.395,zhidaoyu,2.3351181980374665,2.2555,2242.0,7.082505755779897,13.101307913988055,0.9707287933094384,0.0292712066905615,34,12567.0,369.61764705882354,83.0,950.0,191459.0,492.0,9087.151071038506,275.3682142738941,14,2.378783493486176,1.0,37,1259.0,34.027027027027025,4.665269515299448,0.0,0,0,0.0,0.0,0,0,0.0,442.0,2,2,442.0,0.0,0,0,0.0,0.0,0,0,0.0,0.0,0,0,0.0,0.0,0,0,0.0,0.0,0,0,0.0,3467.0,9,5,3467.0,158.0,1,1,158.0,0.0,0,0,0.0,0.0,0,0,0.0,0.0,0.0,0.0351714808625765,0.0,0.0,0.0,0.0,0.0,0.2758812763587173,0.0125726108060794,0.0,0.0,0.726326572321435,0.7400275167197294,0.8856036390459798,,,53.0,,,,,,393.0,19.0,,,,,2.6120754716981134,,,,,,2.513903307888041,2.4943157894736845,,,,,11.860524828825096,,,,,,7.65636232036704,6.817538896746833,,
S012,R012,PRO,10,Image_002,205408,219474,14066,1688,1688,0,4151.908,1688,205409,219468,810.0,1080.0,3072.0,4096.0,2.4596611374407584,2.449,0.4128981064077505,2.2546972860125187,2.3966230833292514,0.1526721802140086,2.395,zhidaoyu,2.3351181980374665,2.2555,2242.0,5.3334747469298645,8.579029040124153,1.0,0.0,37,13717.0,370.72972972972974,158.0,842.0,205409.0,842.0,6826.587240280117,189.6274233411144,10,2.3709505944546687,1.0,41,1183.0,28.853658536585368,5.056731289096383,0.0,0,0,0.0,0.0,0,0,0.0,0.0,0,0,0.0,0.0,0,0,0.0,0.0,0,0,0.0,0.0,0,0,0.0,0.0,0,0,0.0,0.0,0,0,0.0,833.0,2,1,833.0,683.0,2,1,683.0,3167.0,9,4,3167.0,0.0,0,0,0.0,0.0,0.0,0.0,0.0,0.0,0.0,0.0,0.0,0.0607275643362251,0.0497922286214186,0.2308813880586134,0.0,1.2298196239749757,0.5102607151167491,0.8384048686739269,,,,,,,,,100.0,82.0,351.0,,,,,,,,,,2.50718,2.617890243902439,2.475059829059829,,,,,,,,,,7.3684407970072625,12.109538870564515,5.992914240485798,
S012,R012,PRO,11,Image_003,219474,232974,13500,1620,1601,19,3938.482,1591,219476,232968,1620.0,1080.0,5472.0,3648.0,2.4754758013827782,2.485,0.5164838672179489,3.757828810020871,2.3966230833292514,0.1526721802140086,2.395,zhidaoyu,2.3351181980374665,2.2555,2242.0,6.0107279992624925,10.175127466193764,0.9882716049382716,0.0117283950617283,39,11916.0,305.53846153846155,92.0,750.0,219476.0,558.0,14181.812970746298,373.2056044933236,22,2.6858157091530304,2.0,43,1853.0,43.093023255813954,7.283939294168954,0.0,0,0,0.0,0.0,0,0,0.0,0.0,0,0,0.0,0.0,0,0,0.0,0.0,0,0,0.0,0.0,0,0,0.0,0.0,0,0,0.0,3367.0,11,8,3367.0,5191.0,17,9,5191.0,0.0,0,0,0.0,0.0,0,0,0.0,308.0,1,1,308.0,0.0,0.0,0.0,0.0,0.0,0.0,0.0,0.2825612621685129,0.4356327626720376,0.0,0.0,0.0258475998657267,1.1510165152408685,0.4882331562763513,0.8417926159861644,,,,,0.0,,,404.0,600.0,,,37.0,,,,,,,,2.424537128712871,2.5135633333333334,,,2.52245945945946,,,,,,,,3.829310685452926,7.641803119252802,,,8.02277424669306
S012,R012,PRO,12,Image_004,232974,244974,12000,1440,1427,13,3611.337,1427,232976,244968,1439.0,1080.0,1706.0,1280.0,2.530719691660827,2.532,0.8783303424605945,5.7202505219206685,2.3966230833292514,0.1526721802140086,2.395,zhidaoyu,2.3351181980374665,2.2555,2242.0,8.376513608079996,12.258922633562424,0.9909722222222224,0.0090277777777777,23,11356.0,493.7391304347826,142.0,1750.0,232976.0,508.0,5993.873792455958,272.4488087479981,12,2.625814583693911,2.0,30,968.0,32.266666666666666,3.3314103263488253,0.0,0,0,0.0,0.0,0,0,0.0,3433.0,4,2,3433.0,0.0,0,0,0.0,375.0,1,1,375.0,0.0,0,0,0.0,0.0,0,0,0.0,0.0,0,0,0.0,4215.0,10,4,4215.0,0.0,0,0,0.0,0.0,0,0,0.0,0.0,0,0,0.0,0.0,0.0,0.3023071504050722,0.0,0.033022190912293,0.0,0.0,0.0,0.371169425854174,0.0,0.0,0.0,1.2184443027750254,0.4612865861825116,0.8297706593543562,,,412.0,,45.0,,,0.0,506.0,,,,,,2.601405339805825,,2.4208,,,,2.492189723320158,,,,,,11.403582996019566,,3.669270447831893,,,,6.726491421920372,,,
S012,R012,PRO,13,Image_005,244974,253990,9016,1082,1082,0,2625.185,1082,244976,253985,1920.0,1080.0,960.0,540.0,2.426233826247689,2.4585,0.1939498268573254,2.651356993736948,2.3966230833292514,0.1526721802140086,2.395,zhidaoyu,2.3351181980374665,2.2555,2242.0,3.9019707133797263,9.000221680336969,1.0,0.0,23,8551.0,371.7826086956522,142.0,783.0,244976.0,367.0,8299.524549846763,377.2511159021256,6,1.9182958340544891,2.0,24,1014.0,42.25,3.767532587193268,0.0,0,0,0.0,0.0,0,0,0.0,0.0,0,0,0.0,0.0,0,0,0.0,0.0,0,0,0.0,0.0,0,0,0.0,342.0,2,2,342.0,2892.0,7,3,2892.0,0.0,0,0,0.0,0.0,0,0,0.0,0.0,0,0,0.0,0.0,0,0,0.0,0.0,0.0,0.0,0.0,0.0,0.0,0.0399953221845398,0.3382060577710209,0.0,0.0,0.0,0.0,0.4869663405442831,0.8108639306624995,0.8990414347557205,,,,,0.0,,41.0,288.0,,,,0.0,,,,,,,2.5300731707317072,2.5075451388888887,,,,,,,,,,,8.348826747103821,7.384077645248849,,,,
S012,R012,PRO,14,Image_006,253990,263107,9117,1094,1078,16,2685.51,1075,253993,263102,1439.0,1080.0,1706.0,1280.0,2.4981488372093024,2.499,0.6649918389698565,4.342379958246351,2.3966230833292514,0.1526721802140086,2.395,zhidaoyu,2.3351181980374665,2.2555,2242.0,6.981686807496676,10.795832409665286,0.9853747714808044,0.0146252285191956,21,8318.0,396.0952380952381,158.0,1042.0,253993.0,508.0,5864.151111268028,293.2075555634014,3,1.584962500721156,3.0,22,868.0,39.45454545454545,3.2593101296087714,0.0,0,0,0.0,0.0,0,0,0.0,0.0,0,0,0.0,0.0,0,0,0.0,0.0,0,0,0.0,0.0,0,0,0.0,0.0,0,0,0.0,0.0,0,0,0.0,1066.0,2,1,1066.0,0.0,0,0,0.0,1108.0,3,1,1108.0,0.0,0,0,0.0,0.0,0.0,0.0,0.0,0.0,0.0,0.0,0.0,0.1281558066842991,0.0,0.1332050973791776,0.0,0.9997307528820552,0.5001866162703998,0.8349432689359092,,,,,0.0,,,,128.0,,131.0,,,,,,,,,,2.5371484375,,2.5428320610687023,,,,,,,,,,8.651820692945153,,8.895218375061592,
S012,R012,PRO,15,Image_007,263107,275940,12833,1540,1540,0,3538.4550000000004,1539,263110,275935,1439.0,1080.0,1706.0,1280.0,2.2991910331384013,2.328,-0.638178154358407,-2.7974947807933264,2.3966230833292514,0.1526721802140086,2.395,zhidaoyu,2.3351181980374665,2.2555,2242.0,-1.538558730314373,3.214364885834637,1.0,0.0,35,11809.0,337.4,108.0,933.0,263110.0,292.0,6922.671804749265,203.6079942573313,5,1.9219280948873625,3.0,35,1137.0,32.48571428571429,3.84763862817604,2050.0,4,2,2050.0,0.0,0,0,0.0,0.0,0,0,0.0,0.0,0,0,0.0,0.0,0,0,0.0,0.0,0,0,0.0,0.0,0,0,0.0,0.0,0,0,0.0,2908.0,6,1,2908.0,0.0,0,0,0.0,0.0,0,0,0.0,0.0,0,0,0.0,0.1735964095181641,0.0,0.0,0.0,0.0,0.0,0.0,0.0,0.2462528579896689,0.0,0.0,0.0,0.9782882605434714,0.5149737830043442,0.8477544708887993,246.0,,,,,,,0.0,349.0,,,,2.3965934959349595,,,,,,,,2.399280802292264,,,,2.632641805847753,,,,,,,,2.7477240470620257,,,
S012,R012,PRO,16,Image_008,275940,289873,13933,1672,1672,0,3738.689,1670,275943,289869,1440.0,1080.0,4096.0,3072.0,2.2387359281437127,2.2355,-1.034157991090584,-6.659707724425886,2.3966230833292514,0.1526721802140086,2.395,zhidaoyu,2.3351181980374665,2.2555,2242.0,-4.127511402838518,-0.8867213478164299,1.0,0.0,31,12969.0,418.35483870967744,100.0,975.0,275943.0,158.0,8530.38373927987,284.34612464266235,9,1.7527152789797045,3.0,35,1169.0,33.4,4.739102077377706,0.0,0,0,0.0,0.0,0,0,0.0,0.0,0,0,0.0,0.0,0,0,0.0,0.0,0,0,0.0,0.0,0,0,0.0,0.0,0,0,0.0,0.0,0,0,0.0,942.0,2,1,942.0,0.0,0,0,0.0,2734.0,6,4,2734.0,0.0,0,0,0.0,0.0,0.0,0.0,0.0,0.0,0.0,0.0,0.0,0.0726347443904695,0.0,0.2108103940165009,0.0,0.8210451368140046,0.6188214942437551,0.8739571998549147,,,,,,,,,113.0,,292.0,,,,,,,,,,2.22783185840708,,2.2163458904109588,,,,,,,,,,-4.594471479882892,,-5.086350991839686,
S012,R012,PRO,17,Image_009,289873,296940,7067,848,828,20,1911.995,818,289877,296935,1440.0,1080.0,4032.0,3024.0,2.3374022004889974,2.346,-0.3878957040977671,-2.045929018789141,2.3966230833292514,0.1526721802140086,2.395,zhidaoyu,2.3351181980374665,2.2555,2242.0,0.0978109996080928,4.012414098869452,0.9764150943396226,0.0235849056603773,21,6074.0,289.23809523809524,75.0,533.0,289877.0,325.0,6928.575767751087,346.42878838755433,9,2.058813890331201,4.0,26,984.0,37.84615384615385,3.849208759861715,0.0,0,0,0.0,0.0,0,0,0.0,0.0,0,0,0.0,0.0,0,0,0.0,0.0,0,0,0.0,0.0,0,0,0.0,0.0,0,0,0.0,342.0,1,1,342.0,325.0,1,1,325.0,0.0,0,0,0.0,0.0,0,0,0.0,1233.0,4,4,1233.0,0.0,0.0,0.0,0.0,0.0,0.0,0.0,0.0563055647020085,0.053506750082318,0.0,0.0,0.2029963780046098,1.2858927478328797,0.4827916897506925,0.8296491228070175,,,,,0.0,,,41.0,35.0,,,115.0,,,,,,,,2.261,2.3938,,,2.353269565217391,,,,,,,,-3.174066224988477,2.5130120613103184,,,0.7773211306896544
S012,R012,PRO,18,Image_010,296940,303823,6883,826,826,0,1902.516,823,296944,303819,1440.0,1080.0,1600.0,1200.0,2.3116840826245446,2.312,-0.5563489077423496,-3.46555323590815,2.3966230833292514,0.1526721802140086,2.395,zhidaoyu,2.3351181980374665,2.2555,2242.0,-1.0035515732187297,2.504987807581477,1.0,0.0,17,6534.0,384.3529411764706,150.0,950.0,296944.0,533.0,4169.426908814934,260.5891818009334,4,2.0,4.0,17,626.0,36.8235294117647,2.3163482826749635,0.0,0,0,0.0,0.0,0,0,0.0,0.0,0,0,0.0,0.0,0,0,0.0,0.0,0,0,0.0,0.0,0,0,0.0,0.0,0,0,0.0,0.0,0,0,0.0,642.0,2,1,642.0,442.0,2,1,442.0,0.0,0,0,0.0,0.0,0,0,0.0,0.0,0.0,0.0,0.0,0.0,0.0,0.0,0.0,0.0982552800734618,0.0676461585552494,0.0,0.0,0.9753034122177726,0.517020465407606,0.8487084870848709,,,,,,,,0.0,77.0,53.0,0.0,,,,,,,,,,2.293688311688312,2.3485849056603776,,,,,,,,,,,-1.774209390512838,0.5767034676972298,,
S012,R012,PRO,19,Image_011,303823,309506,5683,682,682,0,1658.023,682,303827,309502,1440.0,1080.0,960.0,720.0,2.431118768328445,2.395,0.2259461085237635,0.0,2.3966230833292514,0.1526721802140086,2.395,zhidaoyu,2.3351181980374665,2.2555,2242.0,4.111165352214803,6.184881401019748,1.0,0.0,16,5450.0,340.625,92.0,525.0,303844.0,475.0,3675.051133487538,245.0034088991692,2,1.0,21.0,16,609.0,38.0625,2.0416950741597435,0.0,0,0,0.0,0.0,0,0,0.0,0.0,0,0,0.0,0.0,0,0,0.0,0.0,0,0,0.0,0.0,0,0,0.0,0.0,0,0,0.0,0.0,0,0,0.0,0.0,0,0,0.0,0.0,0,0,0.0,0.0,0,0,0.0,383.0,1,1,383.0,0.0,0.0,0.0,0.0,0.0,0.0,0.0,0.0,0.0,0.0,0.0,0.0702752293577981,-0.0,1.0,0.9166666666666666,,,,,,,,0.0,0.0,,,46.0,,,,,,,,,,,,2.228869565217391,,,,,,,,,,,,-4.550032324246852
S012,R012,PRO,20,Image_013,309506,320389,10883,1306,1292,14,3056.765,1292,309511,320386,1920.0,1080.0,3840.0,2160.0,2.3659171826625385,2.369,-0.2011230901639768,-1.0855949895615784,2.3966230833292514,0.1526721802140086,2.395,zhidaoyu,2.3351181980374665,2.2555,2242.0,1.3189475655218144,5.032143648858374,0.9892802450229708,0.010719754977029,33,9707.0,294.1515151515151,75.0,558.0,309511.0,508.0,10917.072135688715,341.15850424027235,11,2.413088436425758,5.0,36,1309.0,36.36111111111112,4.955756776297053,0.0,0,0,0.0,0.0,0,0,0.0,0.0,0,0,0.0,0.0,0,0,0.0,358.0,1,1,358.0,0.0,0,0,0.0,0.0,0,0,0.0,0.0,0,0,0.0,1066.0,3,2,1066.0,0.0,0,0,0.0,0.0,0,0,0.0,916.0,3,3,916.0,0.0,0.0,0.0,0.0,0.0368806016276913,0.0,0.0,0.0,0.1098176573606675,0.0,0.0,0.0943648913155454,1.4607817483944054,0.3841726934034626,0.8004273504273505,,,,,43.0,,,0.0,107.0,,0.0,110.0,,,,,2.372697674418605,,,,2.492598130841121,,,2.445890909090909,,,,,1.6093179528437374,,,,6.743981222706738,,,4.743773190862064
S012,R012,PRO,21,Image_014,320389,334222,13833,1660,1647,13,3720.673,1645,320394,334219,1440.0,1080.0,4032.0,3024.0,2.2618072948328267,2.259,-0.8830409594429474,-5.678496868475997,2.3966230833292514,0.1526721802140086,2.395,zhidaoyu,2.3351181980374665,2.2555,2242.0,-3.139494320512485,0.1551762358678909,0.9921686746987952,0.0078313253012048,41,12336.0,300.8780487804878,117.0,492.0,320394.0,425.0,8341.483127715257,208.53707819288144,14,2.985228136034252,5.0,54,1608.0,29.77777777777778,4.634157293175143,0.0,0,0,0.0,0.0,0,0,0.0,1475.0,5,2,1475.0,0.0,0,0,0.0,0.0,0,0,0.0,2759.0,9,4,2759.0,0.0,0,0,0.0,500.0,2,1,500.0,875.0,4,2,875.0,0.0,0,0,0.0,0.0,0,0,0.0,0.0,0,0,0.0,0.0,0.0,0.1195687418936446,0.0,0.0,0.2236543450064851,0.0,0.0405317769130998,0.0709306095979247,0.0,0.0,0.0,1.7392915541979397,0.3433893348377624,0.7762673084923041,,,177.0,,0.0,331.0,,60.0,105.0,,,,,,2.383796610169492,,,2.1840996978851965,,2.2441833333333334,2.185609523809524,,,,,,2.084623047044753,,,-6.467274345221255,,-3.8942296274577695,-6.402616979028997,,,
S012,R012,PRO,22,Image_015,334222,343922,9700,1164,1164,0,2583.631,1163,334228,343920,1440.0,1080.0,4032.0,3024.0,2.2215227858985385,2.209,-1.1469037593179432,-7.7661795407098095,2.3966230833292514,0.1526721802140086,2.395,zhidaoyu,2.3351181980374665,2.2555,2242.0,-4.864653628000435,-2.0616271336732237,1.0,0.0,35,8874.0,253.54285714285717,67.0,542.0,334228.0,450.0,6965.34483176045,204.86308328707204,18,2.5304930567574826,6.0,37,1104.0,29.83783783783784,3.8696360176446944,0.0,0,0,0.0,0.0,0,0,0.0,0.0,0,0,0.0,0.0,0,0,0.0,492.0,3,3,492.0,0.0,0,0,0.0,0.0,0,0,0.0,0.0,0,0,0.0,1900.0,7,4,1900.0,0.0,0,0,0.0,400.0,2,2,400.0,0.0,0,0,0.0,0.0,0.0,0.0,0.0,0.0554428668018931,0.0,0.0,0.0,0.2141086319585305,0.0,0.0450755014649537,0.0,1.2208480368645287,0.5146796824328207,0.839541547277937,,,,,59.0,,,,228.0,0.0,80.0,,,,,,2.2575762711864407,,,,2.2530877192982453,,2.2047125000000003,,,,,,-3.320685304760819,,,,-3.512904777503903,,-5.5845437780008185,
S012,R012,PRO,23,Image_016,343922,354372,10450,1254,1234,20,2738.884,1231,343928,354370,1440.0,1080.0,4032.0,3024.0,2.224926076360682,2.197,-1.1246122687702014,-8.267223382045927,2.3966230833292514,0.1526721802140086,2.395,zhidaoyu,2.3351181980374665,2.2555,2242.0,-4.71890980805145,-2.593659942363093,0.9840510366826156,0.0159489633173843,32,9087.0,283.96875,117.0,600.0,343928.0,325.0,9335.00991761396,301.12935218109544,9,0.9910760598382222,6.0,37,1250.0,33.78378378378378,5.186116620896644,0.0,0,0,0.0,0.0,0,0,0.0,0.0,0,0,0.0,0.0,0,0,0.0,0.0,0,0,0.0,0.0,0,0,0.0,0.0,0,0,0.0,0.0,0,0,0.0,0.0,0,0,0.0,0.0,0,0,0.0,2540.0,11,5,2540.0,0.0,0,0,0.0,0.0,0.0,0.0,0.0,0.0,0.0,0.0,0.0,0.0,0.0,0.2795201936832838,0.0,-0.0,1.0,0.9166666666666666,,,,,,,,,0.0,,303.0,,,,,,,,,,,,2.33440594059406,,,,,,,,,,,,-0.0305019867519209,
S012,R012,PRO,24,Image_017,354372,363139,8767,1052,1052,0,2440.766,1052,354378,363136,1440.0,1080.0,4032.0,3024.0,2.320119771863117,2.326,-0.5010952968569341,-2.88100208768267,2.3966230833292514,0.1526721802140086,2.395,zhidaoyu,2.3351181980374665,2.2555,2242.0,-0.6422983721746638,3.1256927510530024,1.0,0.0,26,8568.0,329.53846153846155,150.0,725.0,354378.0,483.0,6649.4835391373645,265.97934156549456,11,2.8453509366224363,6.0,25,910.0,36.4,3.69415752174298,0.0,0,0,0.0,0.0,0,0,0.0,0.0,0,0,0.0,0.0,0,0,0.0,1600.0,4,2,1600.0,0.0,0,0,0.0,0.0,0,0,0.0,0.0,0,0,0.0,250.0,1,1,250.0,0.0,0,0,0.0,4484.0,13,4,4484.0,0.0,0,0,0.0,0.0,0.0,0.0,0.0,0.1867413632119514,0.0,0.0,0.0,0.0291783380018674,0.0,0.523342670401494,0.0,1.0382642119548375,0.5665256115994903,0.8614093253341754,,,,,192.0,,,,30.0,,521.0,,,,,,2.306635416666667,,,,2.2627,,2.3317811900191936,,,,,,-1.2197575863499188,,,,-3.101264771022283,,-0.1429053150747325,
S012,R012,PRO,25,Image_018,363139,369855,6716,806,806,0,1939.538,806,363145,369853,1440.0,1080.0,3648.0,2736.0,2.4063746898263028,2.3645,0.0638728449635157,-1.2734864300626294,2.3966230833292514,0.1526721802140086,2.395,zhidaoyu,2.3351181980374665,2.2555,2242.0,3.05151541573884,4.8326313455996655,1.0,0.0,16,6209.0,388.0625,217.0,917.0,363145.0,408.0,4929.6532407536615,328.6435493835774,7,2.5216406363433186,6.0,20,616.0,30.8,2.7386962448631453,0.0,0,0,0.0,2143.0,4,1,2143.0,667.0,2,2,667.0,0.0,0,0,0.0,0.0,0,0,0.0,0.0,0,0,0.0,0.0,0,0,0.0,0.0,0,0,0.0,875.0,3,2,875.0,0.0,0,0,0.0,1266.0,3,1,1266.0,0.0,0,0,0.0,0.0,0.3451441455951038,0.1074247060718312,0.0,0.0,0.0,0.0,0.0,0.1409244644870349,0.0,0.2038975680463843,0.0,1.8574980069882223,0.3021213221830044,0.7477782266208847,,257.0,80.0,,,,,,103.0,,152.0,,,2.33304280155642,2.486275,,,,,,2.407650485436893,,2.3486315789473684,,,-0.0888775772802643,6.473197035146754,,,,,,3.106150577747456,,0.5787022224938838,
S012,R012,PRO,26,Image_019,369855,374688,4833,580,559,21,1355.294,558,369862,374687,1439.0,1080.0,1706.0,1280.0,2.4288422939068104,2.441,0.2110352425202521,1.920668058455107,2.3966230833292514,0.1526721802140086,2.395,zhidaoyu,2.3351181980374665,2.2555,2242.0,4.0136767358549,8.224340500997572,0.9637931034482758,0.0362068965517241,12,4518.0,376.5,142.0,1000.0,369862.0,325.0,5341.294133311858,485.5721939374416,8,2.5,7.0,14,601.0,42.92857142857143,2.9687048890114363,0.0,0,0,0.0,0.0,0,0,0.0,0.0,0,0,0.0,0.0,0,0,0.0,1533.0,3,3,1533.0,0.0,0,0,0.0,0.0,0,0,0.0,0.0,0,0,0.0,0.0,0,0,0.0,0.0,0,0,0.0,1176.0,3,3,1176.0,0.0,0,0,0.0,0.0,0.0,0.0,0.0,0.3393094289508632,0.0,0.0,0.0,0.0,0.0,0.2602921646746348,0.0,0.9874360272568424,0.5086833723934859,0.8443152454780362,,,,,184.0,,,,0.0,,91.0,,,,,,2.415016304347826,,,,,,2.4275824175824177,,,,,,3.421587240316548,,,,,,3.959723307482341,
S012,R012,PRO,27,Image_020,374688,379205,4517,542,542,0,1231.644,542,374695,379203,1439.0,1080.0,1706.0,1280.0,2.2724059040590405,2.2525,-0.813620262028676,-5.949895615866391,2.3966230833292514,0.1526721802140086,2.395,zhidaoyu,2.3351181980374665,2.2555,2242.0,-2.685615401872677,-0.1330082021724526,1.0,0.0,14,4249.0,303.5,133.0,442.0,374695.0,442.0,2823.5478680750894,217.19598985192997,4,2.0,7.0,17,511.0,30.058823529411764,1.5693350995285709,2184.0,6,3,2184.0,0.0,0,0,0.0,0.0,0,0,0.0,0.0,0,0,0.0,0.0,0,0,0.0,0.0,0,0,0.0,0.0,0,0,0.0,708.0,2,1,708.0,3541.0,12,2,3541.0,0.0,0,0,0.0,0.0,0,0,0.0,0.0,0,0,0.0,0.514003294892916,0.0,0.0,0.0,0.0,0.0,0.0,0.1666274417510002,0.8333725582489998,0.0,0.0,0.0,1.3536189142979904,0.430360064614175,0.8233975853671175,222.0,,,,,,,85.0,385.0,,,,2.2802027027027028,,,,,,,2.246882352941176,2.280088311688312,,,,-2.351722297437322,,,,,,,-3.7786457734964993,-2.356621022242224,,,
S012,R012,PRO,28,Image_021,379205,388322,9117,1094,1094,0,2760.973,1093,379212,388320,1440.0,1080.0,4032.0,3024.0,2.526050320219579,2.551,0.8477460445570542,6.513569937369526,2.3966230833292514,0.1526721802140086,2.395,zhidaoyu,2.3351181980374665,2.2555,2242.0,8.17655064923823,13.101307913988055,1.0,0.0,20,8667.0,433.35,75.0,2667.0,379212.0,392.0,5030.880031455158,264.7831595502715,7,1.8423709931771088,7.0,24,682.0,28.416666666666668,2.7949333508084213,0.0,0,0,0.0,0.0,0,0,0.0,0.0,0,0,0.0,258.0,1,1,258.0,0.0,0,0,0.0,0.0,0,0,0.0,0.0,0,0,0.0,0.0,0,0,0.0,5509.0,7,3,5509.0,0.0,0,0,0.0,0.0,0,0,0.0,0.0,0,0,0.0,0.0,0.0,0.0,0.0297680858428521,0.0,0.0,0.0,0.0,0.6356293988692743,0.0,0.0,0.0,0.26360601518348,0.9145282548960952,0.9092104502629906,,,,31.0,,,,0.0,629.0,,,,,,,2.206483870967742,,,,,2.640193958664547,,,,,,,-5.508685906256667,,,,,13.064681731463496,,,
S012,R012,PRO,29,Image_022,388322,394171,5849,702,686,16,1758.365,686,388329,394170,1620.0,1080.0,5472.0,3648.0,2.563214285714285,2.576,1.0911693417328183,7.557411273486432,2.3966230833292514,0.1526721802140086,2.395,zhidaoyu,2.3351181980374665,2.2555,2242.0,9.768074604040203,14.209709598758613,0.9772079772079773,0.0227920227920227,16,7875.0,492.1875,142.0,2667.0,388329.0,2667.0,3644.139904639417,242.94266030929447,6,1.7924812503605778,7.0,16,568.0,35.5,1.8716714075700671,0.0,0,0,0.0,0.0,0,0,0.0,0.0,0,0,0.0,0.0,0,0,0.0,0.0,0,0,0.0,0.0,0,0,0.0,0.0,0,0,0.0,4042.0,4,3,4042.0,1975.0,6,3,1975.0,0.0,0,0,0.0,0.0,0,0,0.0,0.0,0,0,0.0,0.0,0.0,0.0,0.0,0.0,0.0,0.0,0.5132698412698413,0.2507936507936508,0.0,0.0,0.0,0.9131146262326212,0.5590052880198807,0.8619605562018725,,,,,,,,197.0,198.0,,,,,,,,,,,2.537741116751269,2.5435757575757574,,,,,,,,,,,8.677201817196906,8.927066720369343,,,
S012,R012,PRO,30,Image_024,394171,402371,8200,984,984,0,2259.154,984,394179,402370,1440.0,1080.0,4032.0,3024.0,2.2958882113821137,2.291,-0.6598115767124852,-4.342379958246351,2.3966230833292514,0.1526721802140086,2.395,zhidaoyu,2.3351181980374665,2.2555,2242.0,-1.6800000397548729,1.5739303923742105,1.0,0.0,24,7526.0,313.5833333333333,67.0,742.0,394179.0,408.0,5356.366650415547,232.8855065398064,9,2.94770277922009,8.0,29,900.0,31.03448275862069,2.97575925023086,0.0,0,0,0.0,0.0,0,0,0.0,0.0,0,0,0.0,0.0,0,0,0.0,142.0,1,1,142.0,1059.0,4,1,1059.0,0.0,0,0,0.0,3184.0,9,2,3184.0,1025.0,4,3,1025.0,0.0,0,0,0.0,0.0,0,0,0.0,233.0,1,1,233.0,0.0,0.0,0.0,0.0,0.0188679245283018,0.1407121977145894,0.0,0.4230667020993888,0.1361945256444326,0.0,0.0,0.0309593409513685,1.6893557511510318,0.3889156290827668,0.7874209935613444,,,,,17.0,93.0,,382.0,113.0,,,28.0,,,,,2.4509411764705886,2.10489247311828,,2.2947434554973825,2.4756283185840706,,,2.4046071428571425,,,,,4.96004778389654,-9.859275008548964,,-1.7290235061341506,6.017259454561867,,,2.9758213043809745
S012,R012,PRO,31,Image_025,402371,410754,8383,1006,1006,0,2408.655,1006,402379,410754,1620.0,1080.0,5472.0,3648.0,2.394289264413519,2.393,-0.0152864713955143,-0.0835073068893621,2.3966230833292514,0.1526721802140086,2.395,zhidaoyu,2.3351181980374665,2.2555,2242.0,2.5339645087680203,6.096209266238094,1.0,0.0,24,7558.0,314.9166666666667,67.0,742.0,402379.0,742.0,6902.327424051414,300.10119235006147,6,2.584962500721156,8.0,32,1093.0,34.15625,3.545113311603796,0.0,0,0,0.0,0.0,0,0,0.0,0.0,0,0,0.0,0.0,0,0,0.0,0.0,0,0,0.0,0.0,0,0,0.0,0.0,0,0,0.0,1833.0,5,2,1833.0,958.0,2,1,958.0,0.0,0,0,0.0,0.0,0,0,0.0,325.0,1,1,325.0,0.0,0.0,0.0,0.0,0.0,0.0,0.0,0.2425244773749669,0.1267531092881714,0.0,0.0,0.0430007938608097,1.3135929292980262,0.4514442415723395,0.8306589644843817,,,,,,,,220.0,115.0,,,39.0,,,,,,,,2.452540909090909,2.407652173913044,,,2.609948717948718,,,,,,,,5.028555349023865,3.106222885699656,,,11.76944790812863
S013,R013,PRO,1,Image_001,152110,161159,9049,1086,1082,0,2490.709,1020,152112,161153,1440.0,1080.0,4032.0,3024.0,2.441871568627451,2.454,-0.1184501438314733,-0.1627339300244102,2.458091696080253,0.1369363255132825,2.458,zhidaoyu,2.4662064380685798,2.352,1429.0,-0.9867328649172802,4.336734693877565,0.996316758747698,0.0,28,8308.0,296.7142857142857,92.0,883.0,152112.0,233.0,6161.1386661677325,228.19032096917527,7,2.5216406363433186,2.0,31,861.0,27.774193548387096,3.422854814537629,0.0,0,0,0.0,0.0,0,0,0.0,0.0,0,0,0.0,0.0,0,0,0.0,750.0,2,2,750.0,0.0,0,0,0.0,0.0,0,0,0.0,0.0,0,0,0.0,0.0,0,0,0.0,0.0,0,0,0.0,283.0,1,1,283.0,342.0,1,1,342.0,0.0,0.0,0.0,0.0,0.0902744342802118,0.0,0.0,0.0,0.0,0.0,0.0340635532017332,0.0411651420317766,1.4456494074085973,0.401747041322314,0.8066060606060607,,,,,54.0,,,0.0,0.0,,33.0,41.0,,,,,2.484944444444445,,,,,,2.494515151515152,2.4355853658536586,,,,,0.7597906682353927,,,,,,1.1478647127668105,-1.241626481151422
S013,R013,PRO,2,Image_012,161159,176793,15634,1876,1798,78,4257.895,1785,161162,176787,1440.0,1080.0,4032.0,3024.0,2.3853753501400563,2.411,-0.5310230551873758,-1.9121236777868245,2.458091696080253,0.1369363255132825,2.458,zhidaoyu,2.4662064380685798,2.352,1429.0,-3.277547519169816,2.508503401360551,0.9584221748400852,0.0415778251599147,47,14094.0,299.8723404255319,75.0,958.0,161162.0,408.0,9513.026824924984,206.8049309766301,25,2.728884070537636,3.0,48,1298.0,27.041666666666668,5.285014902736102,0.0,0,0,0.0,0.0,0,0,0.0,0.0,0,0,0.0,0.0,0,0,0.0,3124.0,9,7,3124.0,0.0,0,0,0.0,0.0,0,0,0.0,0.0,0,0,0.0,0.0,0,0,0.0,908.0,1,1,908.0,2057.0,9,7,2057.0,0.0,0,0,0.0,0.0,0.0,0.0,0.0,0.2216546047963672,0.0,0.0,0.0,0.0,0.0644245778345395,0.1459486306229601,0.0,1.432296191800425,0.3995878888618842,0.8106558274484043,,,,,375.0,,,,0.0,109.0,212.0,,,,,,2.4068746666666665,,,,,2.5137064220183483,2.394693396226415,,,,,,-2.405790954320059,,,,,1.9260343828705917,-2.89971839900678,
S013,R013,PRO,3,Image_023,176793,197092,20299,2436,2369,67,5692.883,2314,176795,197087,1440.0,1080.0,960.0,720.0,2.4601914433880725,2.451,0.0153337494631127,-0.2847843775427224,2.458091696080253,0.1369363255132825,2.458,zhidaoyu,2.4662064380685798,2.352,1429.0,-0.2438966417271006,4.209183673469397,0.972495894909688,0.0275041050903119,68,17947.0,263.9264705882353,100.0,600.0,176795.0,600.0,17622.35193722109,263.02017816747895,17,1.2639334294856337,2.0,72,2222.0,30.86111111111111,9.790195520678385,0.0,0,0,0.0,0.0,0,0,0.0,0.0,0,0,0.0,0.0,0,0,0.0,0.0,0,0,0.0,0.0,0,0,0.0,0.0,0,0,0.0,0.0,0,0,0.0,0.0,0,0,0.0,900.0,3,1,900.0,0.0,0,0,0.0,2293.0,9,8,2293.0,0.0,0.0,0.0,0.0,0.0,0.0,0.0,0.0,0.0,0.0501476569900261,0.0,0.1277650860868111,0.8579817111516492,0.5951643750927516,0.8696889028082263,,,,,,,,0.0,0.0,79.0,,275.0,,,,,,,,,,2.7270506329113924,,2.4581236363636365,,,,,,,,,,10.576738054706174,,-0.3277423000838843
S013,R013,PRO,4,Image_026,197092,204592,7500,900,740,160,1740.382,705,197096,204587,1439.0,1080.0,1706.0,1280.0,2.46862695035461,2.442,0.0769354240729618,-0.6509357200976409,2.458091696080253,0.1369363255132825,2.458,zhidaoyu,2.4662064380685798,2.352,1429.0,0.0981471886808644,3.826530612244911,0.8222222222222222,0.1777777777777777,24,5384.0,224.33333333333331,83.0,375.0,197096.0,375.0,7658.400603064373,332.9739392636684,3,0.9182958340544896,4.0,28,902.0,32.214285714285715,4.2565585689302265,0.0,0,0,0.0,0.0,0,0,0.0,0.0,0,0,0.0,0.0,0,0,0.0,0.0,0,0,0.0,0.0,0,0,0.0,0.0,0,0,0.0,575.0,2,2,575.0,0.0,0,0,0.0,0.0,0,0,0.0,0.0,0,0,0.0,0.0,0,0,0.0,0.0,0.0,0.0,0.0,0.0,0.0,0.0,0.1067979197622585,0.0,0.0,0.0,0.0,-0.0,1.0,0.9166666666666666,,,,,0.0,,,53.0,0.0,,,,,,,,,,,2.64133962264151,,,,,,,,,,,,7.101318927303053,,,,
S013,R013,PRO,5,Image_027,204592,214642,10050,1206,1089,116,2295.418,944,204596,214638,810.0,1080.0,1280.0,1706.0,2.4315868644067797,2.433,-0.1935558850007435,-1.0170870626525774,2.458091696080253,0.1369363255132825,2.458,zhidaoyu,2.4662064380685798,2.352,1429.0,-1.4037581415492733,3.4438775510204063,0.9029850746268656,0.0961857379767827,30,7992.0,266.4,67.0,692.0,204596.0,292.0,7407.325250493714,255.42500863771423,10,1.3609640474436813,4.0,38,1018.0,26.789473684210527,5.486907592958306,0.0,0,0,0.0,0.0,0,0,0.0,3759.0,14,5,3759.0,0.0,0,0,0.0,0.0,0,0,0.0,0.0,0,0,0.0,0.0,0,0,0.0,1074.0,4,1,1074.0,0.0,0,0,0.0,0.0,0,0,0.0,0.0,0,0,0.0,0.0,0,0,0.0,0.0,0.0,0.4703453453453453,0.0,0.0,0.0,0.0,0.1343843843843843,0.0,0.0,0.0,0.0,0.7642045065086203,0.654320987654321,0.8796296296296297,,,430.0,,,,,49.0,0.0,,,,,,2.405583720930233,,,,,2.589204081632653,,,,,,,-2.4581363588452634,,,,,4.987321485560633,,,,
S013,R013,PRO,6,Image_028,214642,217925,3283,394,375,19,803.335,342,214646,217921,1620.0,1080.0,5472.0,3648.0,2.348932748538012,2.339,-0.7971511367277985,-4.841334418226208,2.458091696080253,0.1369363255132825,2.458,zhidaoyu,2.4662064380685798,2.352,1429.0,-4.755225990830319,-0.55272108843537,0.9517766497461928,0.0482233502538071,14,2925.0,208.92857142857144,67.0,425.0,214646.0,333.0,3965.365674504559,305.028128808043,12,2.355388542207534,4.0,16,478.0,29.875,2.0366565905115435,583.0,2,2,583.0,0.0,0,0,0.0,0.0,0,0,0.0,0.0,0,0,0.0,0.0,0,0,0.0,0.0,0,0,0.0,0.0,0,0,0.0,741.0,3,2,741.0,1517.0,7,6,1517.0,0.0,0,0,0.0,0.0,0,0,0.0,0.0,0,0,0.0,0.1993162393162393,0.0,0.0,0.0,0.0,0.0,0.0,0.2533333333333333,0.5186324786324786,0.0,0.0,0.0,1.4579026737469991,0.3952605540557936,0.8047929132934413,70.0,,,,,,,89.0,125.0,,,,2.3963428571428573,,,,,,,2.395168539325843,2.335856,,,,-2.832835882969958,,,,,,,-2.8804522462592344,-5.285463376320765,,,
S013,R013,PRO,7,Image_029,217925,227808,9883,1186,1141,44,2472.984,1011,217929,227804,1620.0,1080.0,6000.0,4000.0,2.446077151335312,2.453,-0.0877381856122283,-0.2034174125305263,2.458091696080253,0.1369363255132825,2.458,zhidaoyu,2.4662064380685798,2.352,1429.0,-0.8162044516043019,4.294217687074829,0.9620573355817876,0.0370994940978077,36,8731.0,242.52777777777777,67.0,433.0,217929.0,250.0,9873.305733629508,282.09444953227165,6,1.9182958340544891,4.0,40,1176.0,29.4,5.07104132207034,0.0,0,0,0.0,0.0,0,0,0.0,0.0,0,0,0.0,0.0,0,0,0.0,1008.0,4,2,1008.0,0.0,0,0,0.0,0.0,0,0,0.0,0.0,0,0,0.0,0.0,0,0,0.0,0.0,0,0,0.0,342.0,1,1,342.0,0.0,0,0,0.0,0.0,0.0,0.0,0.0,0.1154506929332264,0.0,0.0,0.0,0.0,0.0,0.0391707708166303,0.0,0.8165187119538281,0.621688888888889,0.8744444444444445,,,,,105.0,,,0.0,0.0,,41.0,,,,,,2.4608380952380955,,,,,,2.454878048780488,,,,,,-0.2176761339852823,,,,,,-0.4593447293472805,
S013,R013,PRO,8,Image_030,227808,241058,13250,1590,1522,68,3108.942,1304,227813,241055,1920.0,1079.0,2275.0,1279.0,2.3841579754601225,2.395,-0.5399131336626865,-2.5630593978844654,2.458091696080253,0.1369363255132825,2.458,zhidaoyu,2.4662064380685798,2.352,1429.0,-3.326909756699581,1.8282312925170132,0.9572327044025156,0.0427672955974842,30,11252.0,375.06666666666666,108.0,1250.0,227813.0,433.0,6370.823959872717,219.68358482319712,13,3.180832987205441,5.0,45,1277.0,28.377777777777776,2.892650994203873,175.0,1,1,175.0,0.0,0,0,0.0,0.0,0,0,0.0,0.0,0,0,0.0,0.0,0,0,0.0,225.0,1,1,225.0,0.0,0,0,0.0,667.0,2,2,667.0,3175.0,7,5,3175.0,0.0,0,0,0.0,0.0,0,0,0.0,0.0,0,0,0.0,0.0155527906150017,0.0,0.0,0.0,0.0,0.0199964450764308,0.0,0.0592783505154639,0.2821720583007465,0.0,0.0,0.0,1.14697653776276,0.58944267835553,0.8521530724501022,21.0,,,,,27.0,,21.0,297.0,,,,2.3071428571428574,,,,,2.353,,2.399809523809524,2.40879797979798,,,,-6.449726935685615,,,,,-4.590306647534247,,-2.6922691155998395,-2.3278042496539366,,,
S013,R013,PRO,9,Image_031,241058,247091,6033,724,370,349,576.62,231,241063,247088,1621.0,1080.0,2731.0,1820.0,2.4961904761904763,2.462,0.2782225970166567,0.1627339300244102,2.458091696080253,0.1369363255132825,2.458,zhidaoyu,2.4662064380685798,2.352,1429.0,1.2157959552396238,4.676870748299333,0.511049723756906,0.4820441988950276,10,2300.0,230.0,125.0,367.0,241063.0,217.0,3674.012007210667,408.2235563567408,2,1.0,5.0,24,562.0,23.416666666666668,1.8862079085172752,0.0,0,0,0.0,0.0,0,0,0.0,0.0,0,0,0.0,0.0,0,0,0.0,0.0,0,0,0.0,0.0,0,0,0.0,0.0,0,0,0.0,0.0,0,0,0.0,192.0,1,1,192.0,0.0,0,0,0.0,0.0,0,0,0.0,0.0,0,0,0.0,0.0,0.0,0.0,0.0,0.0,0.0,0.0,0.0,0.0834782608695652,0.0,0.0,0.0,-0.0,1.0,0.9166666666666666,,,0.0,,,,,,0.0,0.0,,,,,,,,,,,,,,,,,,,,,,,,,,
S013,R013,PRO,10,Image_002,247091,264158,17067,2048,1474,558,2774.699,1074,247096,264155,810.0,1080.0,3072.0,4096.0,2.583518621973929,2.5715000000000003,0.9159507196029611,4.617575264442642,2.458091696080253,0.1369363255132825,2.458,zhidaoyu,2.4662064380685798,2.352,1429.0,4.75678686481831,9.3324829931973,0.7197265625,0.2724609375,40,10940.0,273.5,75.0,617.0,247096.0,308.0,6011.97314152678,154.15315747504565,19,2.3598063039211006,5.0,49,1169.0,23.857142857142858,4.453313438167985,0.0,0,0,0.0,0.0,0,0,0.0,0.0,0,0,0.0,0.0,0,0,0.0,0.0,0,0,0.0,0.0,0,0,0.0,0.0,0,0,0.0,0.0,0,0,0.0,0.0,0,0,0.0,1891.0,6,4,1891.0,7048.0,24,8,7048.0,0.0,0,0,0.0,0.0,0.0,0.0,0.0,0.0,0.0,0.0,0.0,0.0,0.1728519195612431,0.6442413162705667,0.0,0.7444254300773573,0.6664126715032082,0.8814091807435582,,,,,,,,,0.0,145.0,652.0,,,,,,,,,,,2.571675862068966,2.584872699386503,,,,,,,,,,,4.276585381189154,4.811692139237862,
S013,R013,PRO,11,Image_003,264158,273124,8966,1076,983,93,2362.078,925,264163,273122,1620.0,1080.0,5472.0,3648.0,2.5535978378378377,2.537,0.6974492808945807,3.213995117982088,2.458091696080253,0.1369363255132825,2.458,zhidaoyu,2.4662064380685798,2.352,1429.0,3.543555738898295,7.865646258503404,0.9135687732342008,0.0864312267657992,24,6933.0,288.875,117.0,1133.0,264163.0,225.0,5255.036904400657,228.4798654087242,11,2.3685225277282065,5.0,45,1313.0,29.177777777777777,2.699046298186912,0.0,0,0,0.0,0.0,0,0,0.0,0.0,0,0,0.0,0.0,0,0,0.0,158.0,1,1,158.0,0.0,0,0,0.0,0.0,0,0,0.0,375.0,2,2,375.0,158.0,1,1,158.0,0.0,0,0,0.0,0.0,0,0,0.0,1316.0,4,4,1316.0,0.0,0.0,0.0,0.0,0.0227895571902495,0.0,0.0,0.0540891389009087,0.0227895571902495,0.0,0.0,0.1898168181162556,1.4288006028183926,0.4772556143184952,0.8199219398770968,,,,,19.0,,,23.0,19.0,,,128.0,,,,,2.5544210526315787,,,2.585782608695652,2.5544210526315787,,,2.5435625,,,,,3.5769355395927467,,,4.8485872383302775,3.5769355395927467,,,3.136641796783347
S013,R013,PRO,12,Image_004,273124,283291,10167,1220,1005,213,2267.699,883,273130,283289,1439.0,1080.0,1706.0,1280.0,2.568175537938845,2.561,0.8039053293270577,4.19039869812855,2.458091696080253,0.1369363255132825,2.458,zhidaoyu,2.4662064380685798,2.352,1429.0,4.134653867424147,8.886054421768712,0.8237704918032787,0.1745901639344262,25,6491.0,259.64,67.0,842.0,273130.0,308.0,5003.502831818172,208.4792846590905,10,2.4464393446710155,6.0,52,1330.0,25.57692307692308,2.7809596229427327,0.0,0,0,0.0,0.0,0,0,0.0,2400.0,11,4,2400.0,0.0,0,0,0.0,0.0,0,0,0.0,0.0,0,0,0.0,0.0,0,0,0.0,158.0,1,1,158.0,558.0,3,2,558.0,0.0,0,0,0.0,0.0,0,0,0.0,0.0,0,0,0.0,0.0,0.0,0.3697427206901864,0.0,0.0,0.0,0.0,0.0243413957787706,0.0859651825604683,0.0,0.0,0.0,0.9525841690877336,0.6278753413167534,0.8699186991869918,,,235.0,,0.0,,,19.0,67.0,,,,,,2.598353191489362,,,,,2.5677894736842104,2.548597014925373,,,,,,5.358300561581295,,,,,4.11899969311516,3.3407818414957253,,,
S013,R013,PRO,13,Image_005,283291,308657,25366,3044,2259,776,5144.134,2016,283297,308656,1920.0,1080.0,960.0,540.0,2.55165376984127,2.528,0.683252405162149,2.84784377542717,2.458091696080253,0.1369363255132825,2.458,zhidaoyu,2.4662064380685798,2.352,1429.0,3.464727463756398,7.482993197278918,0.7421156373193167,0.254927726675427,73,13869.0,189.986301369863,67.0,442.0,283705.0,75.0,23131.736488154904,321.2741178910403,19,1.7120954362128469,414.0,124,3268.0,26.35483870967742,10.500549819941222,0.0,0,0,0.0,0.0,0,0,0.0,0.0,0,0,0.0,0.0,0,0,0.0,0.0,0,0,0.0,0.0,0,0,0.0,75.0,1,1,75.0,267.0,1,1,267.0,0.0,0,0,0.0,0.0,0,0,0.0,0.0,0,0,0.0,2317.0,11,9,2317.0,0.0,0.0,0.0,0.0,0.0,0.0,0.0054077438892494,0.0192515682457278,0.0,0.0,0.0,0.1670632345518783,0.6512482455629854,0.7701819772085436,0.8905290209351887,,,,,0.0,,0.0,13.0,,,,273.0,,,,,,,,2.5127692307692304,,,,2.5425054945054946,,,,,,,,1.888033052785191,,,,3.09378222597899
S013,R013,PRO,14,Image_006,308657,319890,11233,1348,215,1128,459.0,173,308664,319889,1439.0,1080.0,1706.0,1280.0,2.653179190751445,2.694,1.4246584603460055,9.601301871440183,2.458091696080253,0.1369363255132825,2.458,zhidaoyu,2.4662064380685798,2.352,1429.0,7.581390989689179,14.540816326530615,0.1594955489614243,0.8367952522255193,3,417.0,139.0,92.0,217.0,315114.0,217.0,1208.6340999552756,604.3170499776378,1,-0.0,6457.0,25,643.0,25.72,0.6717619123772882,0.0,0,0,0.0,0.0,0,0,0.0,0.0,0,0,0.0,0.0,0,0,0.0,0.0,0,0,0.0,0.0,0,0,0.0,0.0,0,0,0.0,0.0,0,0,0.0,217.0,1,1,217.0,0.0,0,0,0.0,0.0,0,0,0.0,0.0,0,0,0.0,0.0,0.0,0.0,0.0,0.0,0.0,0.0,0.0,0.5203836930455635,0.0,0.0,0.0,-0.0,1.0,0.9166666666666666,,,,,0.0,,,,23.0,,0.0,,,,,,,,,,2.611304347826087,,,,,,,,,,,,5.883445421184687,,,
S013,R013,PRO,15,Image_007,319890,338007,18117,2174,517,1656,816.711,315,319898,338006,1439.0,1080.0,1706.0,1280.0,2.5927333333333333,2.593,0.9832426622256696,5.492270138323831,2.458091696080253,0.1369363255132825,2.458,zhidaoyu,2.4662064380685798,2.352,1429.0,5.130425957522198,10.246598639455788,0.2378104875804967,0.7617295308187673,8,1875.0,234.375,142.0,300.0,320689.0,250.0,1804.1801193625429,257.7400170517918,0,0.0,799.0,40,970.0,24.25,1.0027679074261713,0.0,0,0,0.0,0.0,0,0,0.0,0.0,0,0,0.0,0.0,0,0,0.0,0.0,0,0,0.0,0.0,0,0,0.0,0.0,0,0,0.0,0.0,0,0,0.0,0.0,0,0,0.0,0.0,0,0,0.0,0.0,0,0,0.0,0.0,0,0,0.0,0.0,0.0,0.0,0.0,0.0,0.0,0.0,0.0,0.0,0.0,0.0,0.0,0.0,0.0,0.0,0.0,,,,,,,0.0,0.0,,,,,,,,,,,,,,,,,,,,,,,,,,,
S013,R013,PRO,16,Image_008,338007,351290,13283,1593,617,960,1337.846,555,338014,351281,1440.0,1080.0,4096.0,3072.0,2.4105333333333334,2.448,-0.3473027523460611,-0.4068348250610346,2.458091696080253,0.1369363255132825,2.458,zhidaoyu,2.4662064380685798,2.352,1429.0,-2.257438950603281,4.081632653061228,0.3873195229127432,0.6026365348399246,15,3166.0,211.06666666666663,67.0,683.0,342756.0,325.0,3530.4381524207533,252.17415374433952,0,0.0,4749.0,47,1327.0,28.23404255319149,1.9613545291226409,0.0,0,0,0.0,0.0,0,0,0.0,0.0,0,0,0.0,0.0,0,0,0.0,0.0,0,0,0.0,0.0,0,0,0.0,0.0,0,0,0.0,0.0,0,0,0.0,0.0,0,0,0.0,0.0,0,0,0.0,0.0,0,0,0.0,0.0,0,0,0.0,0.0,0.0,0.0,0.0,0.0,0.0,0.0,0.0,0.0,0.0,0.0,0.0,0.0,0.0,0.0,,,,,,,,,0.0,,0.0,,,,,,,,,,,,,,,,,,,,,,,,,
S013,R013,PRO,17,Image_009,351290,362206,10916,1310,382,927,436.635,162,351290,362198,1440.0,1080.0,4032.0,3024.0,2.695277777777778,2.7055,1.7320903040772702,10.069161920260358,2.458091696080253,0.1369363255132825,2.458,zhidaoyu,2.4662064380685798,2.352,1429.0,9.288408957710654,15.029761904761902,0.2916030534351145,0.7076335877862595,5,451.0,90.2,67.0,117.0,351290.0,67.0,1173.8586829981962,293.46467074954904,2,1.0,0.0,55,1584.0,28.8,0.6521437127767756,0.0,0,0,0.0,0.0,0,0,0.0,0.0,0,0,0.0,0.0,0,0,0.0,0.0,0,0,0.0,0.0,0,0,0.0,0.0,0,0,0.0,92.0,1,1,92.0,184.0,2,1,184.0,0.0,0,0,0.0,0.0,0,0,0.0,0.0,0,0,0.0,0.0,0.0,0.0,0.0,0.0,0.0,0.0,0.2039911308203991,0.4079822616407982,0.0,0.0,0.0,0.9182958340544896,0.5555555555555556,0.8611111111111112,,,,,0.0,,,5.0,16.0,,,0.0,,,,,,,,2.6406,2.476125,,,,,,,,,,,7.071328630055716,0.4021789002865708,,,
S013,R013,PRO,18,Image_010,362206,381023,18817,2258,800,1449,1779.093,706,362207,381015,1440.0,1080.0,1600.0,1200.0,2.5199617563739376,2.521,0.4518162734524651,2.563059397884448,2.458091696080253,0.1369363255132825,2.458,zhidaoyu,2.4662064380685798,2.352,1429.0,2.17967634321225,7.185374149659866,0.354295837023915,0.641718334809566,12,4709.0,392.4166666666667,67.0,1025.0,371240.0,267.0,2934.702056907477,266.791096082498,4,1.5,9034.0,34,863.0,25.38235294117647,1.6303900316152653,0.0,0,0,0.0,0.0,0,0,0.0,0.0,0,0,0.0,0.0,0,0,0.0,0.0,0,0,0.0,0.0,0,0,0.0,0.0,0,0,0.0,0.0,0,0,0.0,2434.0,7,2,2434.0,292.0,1,1,292.0,0.0,0,0,0.0,0.0,0,0,0.0,0.0,0.0,0.0,0.0,0.0,0.0,0.0,0.0,0.5168825653004884,0.0620089190911021,0.0,0.0,0.4911571853605361,0.80871464643882,0.898813890926877,,,,,,,,0.0,235.0,35.0,0.0,,,,,,,,,,2.519787234042553,2.517657142857143,,,,,,,,,,,2.1725997932247565,2.0862286301084088,,
S013,R013,PRO,19,Image_011,381023,395306,14283,1714,361,1348,858.217,330,381023,395299,1440.0,1080.0,960.0,720.0,2.600657575757576,2.585,1.041110743573258,5.166802278275011,2.458091696080253,0.1369363255132825,2.458,zhidaoyu,2.4662064380685798,2.352,1429.0,5.45173897908938,9.906462585034015,0.2106184364060676,0.7864644107351225,9,1533.0,170.33333333333334,83.0,333.0,386649.0,308.0,706.5744716487358,88.32180895609197,4,1.0,5626.0,26,660.0,25.384615384615383,0.3925413731381865,0.0,0,0,0.0,0.0,0,0,0.0,0.0,0,0,0.0,0.0,0,0,0.0,0.0,0,0,0.0,0.0,0,0,0.0,0.0,0,0,0.0,0.0,0,0,0.0,416.0,2,2,416.0,0.0,0,0,0.0,0.0,0,0,0.0,0.0,0,0,0.0,0.0,0.0,0.0,0.0,0.0,0.0,0.0,0.0,0.2713633398564905,0.0,0.0,0.0,-0.0,1.0,0.9166666666666666,,,,,,,,0.0,45.0,,,0.0,,,,,,,,,2.6100222222222222,,,,,,,,,,,,5.83145765632957,,,
S013,R013,PRO,20,Image_013,395306,416572,21266,2552,2093,455,4165.569,1708,395307,416566,1920.0,1080.0,3840.0,2160.0,2.438857728337237,2.4245,-0.1404592073791999,-1.3628966639544378,2.458091696080253,0.1369363255132825,2.458,zhidaoyu,2.4662064380685798,2.352,1429.0,-1.1089383803880093,3.082482993197289,0.820141065830721,0.1782915360501567,47,13209.0,281.0425531914894,67.0,592.0,398065.0,317.0,14319.108149483449,311.2849597713793,21,3.1416192081839784,2759.0,96,3025.0,31.510416666666668,6.500096029442993,0.0,0,0,0.0,0.0,0,0,0.0,0.0,0,0,0.0,0.0,0,0,0.0,1217.0,4,4,1217.0,0.0,0,0,0.0,0.0,0,0,0.0,292.0,1,1,292.0,1175.0,4,3,1175.0,0.0,0,0,0.0,0.0,0,0,0.0,1033.0,5,4,1033.0,0.0,0.0,0.0,0.0,0.0921341509576803,0.0,0.0,0.0221061397531985,0.0889545007192066,0.0,0.0,0.0782042546748429,1.854323318436225,0.2905356935671158,0.7320643888440499,,,,,143.0,,,35.0,61.0,,0.0,68.0,,,,,2.4550419580419582,,,2.4216571428571427,2.4275409836065576,,,2.477397058823529,,,,,-0.452698519243368,,,-1.8063895432178647,-1.5678109449873454,,,0.4537584762658445
S013,R013,PRO,21,Image_014,416572,429322,12750,1530,1003,519,1868.076,773,416574,429316,1440.0,1080.0,4032.0,3024.0,2.416657179818888,2.399,-0.3025823579393907,-2.400325467860055,2.458091696080253,0.1369363255132825,2.458,zhidaoyu,2.4662064380685798,2.352,1429.0,-2.0091285743498597,1.998299319727898,0.6555555555555556,0.3392156862745098,29,6149.0,212.0344827586207,67.0,625.0,416582.0,167.0,7027.751237683942,250.99111563156936,12,2.918295834054489,10.0,58,1448.0,24.96551724137931,3.9043062431577455,0.0,0,0,0.0,0.0,0,0,0.0,700.0,4,3,700.0,0.0,0,0,0.0,0.0,0,0,0.0,233.0,2,1,233.0,0.0,0,0,0.0,541.0,2,2,541.0,100.0,1,1,100.0,0.0,0,0,0.0,0.0,0,0,0.0,0.0,0,0,0.0,0.0,0.0,0.1138396487233696,0.0,0.0,0.0378923402179216,0.0,0.0879817856562042,0.0162628069604813,0.0,0.0,0.0,1.710060970987247,0.341868094786791,0.7782719186785261,,,74.0,,0.0,23.0,,37.0,11.0,,,,,,2.3785675675675675,,,2.3956086956521743,,2.490108108108108,2.445818181818182,,,,,,-3.5535902083544397,,,-2.862604740894845,,0.96916744967414,-0.8267051750284365,,,
S013,R013,PRO,22,Image_015,429322,442122,12800,1536,1262,272,2676.493,1173,429324,442116,1440.0,1080.0,4032.0,3024.0,2.28175021312873,2.255,-1.2877626319425224,-8.258746948738823,2.458091696080253,0.1369363255132825,2.458,zhidaoyu,2.4662064380685798,2.352,1429.0,-7.4793505560835,-4.124149659863945,0.8216145833333334,0.1770833333333333,34,9275.0,272.79411764705884,75.0,767.0,429324.0,625.0,8957.997181087692,271.4544600329604,3,1.584962500721156,2.0,49,1394.0,28.448979591836736,4.976665100604274,0.0,0,0,0.0,0.0,0,0,0.0,0.0,0,0,0.0,0.0,0,0,0.0,625.0,1,1,625.0,0.0,0,0,0.0,0.0,0,0,0.0,0.0,0,0,0.0,0.0,0,0,0.0,0.0,0,0,0.0,1267.0,2,2,1267.0,0.0,0,0,0.0,0.0,0.0,0.0,0.0,0.0673854447439353,0.0,0.0,0.0,0.0,0.0,0.1366037735849056,0.0,0.9152716046291354,0.5575702077066451,0.8616102889358703,,,,,38.0,,,,0.0,0.0,111.0,,,,,,2.452552631578948,,,,,,2.233945945945946,,,,,,-0.5536359924647954,,,,,,-9.417723047731936,
S013,R013,PRO,23,Image_016,442122,454855,12733,1528,1199,324,2312.007,997,442124,454850,1440.0,1080.0,4032.0,3024.0,2.318963891675025,2.347,-1.016003634417166,-4.515866558177388,2.458091696080253,0.1369363255132825,2.458,zhidaoyu,2.4662064380685798,2.352,1429.0,-5.970406374774835,-0.2125850340136009,0.7846858638743456,0.2120418848167539,33,9317.0,282.3333333333333,92.0,767.0,442124.0,767.0,8247.031896822258,257.7197467756956,16,1.5435644431995963,2.0,35,1017.0,29.057142857142857,4.5816843871234765,0.0,0,0,0.0,0.0,0,0,0.0,0.0,0,0,0.0,0.0,0,0,0.0,0.0,0,0,0.0,0.0,0,0,0.0,0.0,0,0,0.0,0.0,0,0,0.0,158.0,1,1,158.0,0.0,0,0,0.0,4391.0,13,8,4391.0,0.0,0,0,0.0,0.0,0.0,0.0,0.0,0.0,0.0,0.0,0.0,0.016958248363207,0.0,0.4712890415369754,0.0,0.2175981382855814,0.932946933179326,0.9108778486114164,,,,,,,,,2.0,,419.0,,,,,,,,,,2.7255000000000003,,2.3336062052505966,,,,,,,,,,10.513862827091144,,-5.376688292235146,
S013,R013,PRO,24,Image_017,454855,467304,12449,1494,945,547,2148.052,908,454858,467300,1440.0,1080.0,4032.0,3024.0,2.36569603524229,2.3545,-0.6747344832836207,-4.210740439381626,2.458091696080253,0.1369363255132825,2.458,zhidaoyu,2.4662064380685798,2.352,1429.0,-4.075506465103719,0.1062925170068004,0.6325301204819277,0.3661311914323962,26,6725.0,258.65384615384613,67.0,1000.0,454858.0,325.0,6895.683786567259,275.8273514626904,10,1.7219280948873623,3.0,37,1043.0,28.18918918918919,3.8309354369818105,0.0,0,0,0.0,0.0,0,0,0.0,0.0,0,0,0.0,0.0,0,0,0.0,783.0,2,1,783.0,0.0,0,0,0.0,0.0,0,0,0.0,0.0,0,0,0.0,0.0,0,0,0.0,0.0,0,0,0.0,4234.0,16,5,4234.0,0.0,0,0,0.0,0.0,0.0,0.0,0.0,0.1164312267657992,0.0,0.0,0.0,0.0,0.0,0.6295910780669145,0.0,0.6248227469725849,0.7365765645360687,0.890655105973025,,,,,94.0,,,,0.0,,490.0,,,,,,2.352489361702128,,,,,,2.360912244897959,,,,,,-4.611012063349803,,,,,,-4.269480102934196,
S013,R013,PRO,25,Image_018,467304,477388,10084,1210,900,293,1822.007,730,467308,477383,1440.0,1080.0,3648.0,2736.0,2.4959,2.475,0.2761013469437687,0.6916192026037389,2.458091696080253,0.1369363255132825,2.458,zhidaoyu,2.4662064380685798,2.352,1429.0,1.2040176958858144,5.229591836734704,0.743801652892562,0.2421487603305785,24,6202.0,258.4166666666667,67.0,717.0,467333.0,200.0,3765.937464213793,163.73641148755624,13,3.0269868333592878,29.0,32,843.0,26.34375,2.092187480118774,0.0,0,0,0.0,2950.0,7,4,2950.0,1159.0,6,2,1159.0,0.0,0,0,0.0,0.0,0,0,0.0,0.0,0,0,0.0,0.0,0,0,0.0,0.0,0,0,0.0,359.0,3,2,359.0,0.0,0,0,0.0,267.0,1,1,267.0,0.0,0,0,0.0,0.0,0.4756530151564012,0.1868752015478877,0.0,0.0,0.0,0.0,0.0,0.0578845533698806,0.0,0.0430506288294098,0.0,1.438380874310885,0.4569959043675967,0.8224040830693418,,256.0,139.0,,,,,,25.0,,31.0,,,2.51305859375,2.4763812949640287,,,,,,2.467,,2.464387096774193,,,1.8997661735938465,0.4125711756481293,,,,,,0.0321774332907124,,-0.0737708436042647,
S013,R013,PRO,26,Image_019,477388,490604,13216,1586,653,931,1484.48,593,477392,490600,1439.0,1080.0,1706.0,1280.0,2.503338954468803,2.518,0.3304255333195828,2.441008950366135,2.458091696080253,0.1369363255132825,2.458,zhidaoyu,2.4662064380685798,2.352,1429.0,1.5056532100088156,7.057823129251697,0.4117276166456494,0.5870113493064313,19,3993.0,210.1578947368421,67.0,475.0,481917.0,250.0,4349.199811463217,241.6222117479565,6,1.9182958340544891,4529.0,41,835.0,20.365853658536587,2.417296337053194,0.0,0,0,0.0,0.0,0,0,0.0,0.0,0,0,0.0,0.0,0,0,0.0,125.0,1,1,125.0,0.0,0,0,0.0,0.0,0,0,0.0,0.0,0,0,0.0,0.0,0,0,0.0,0.0,0,0,0.0,709.0,3,2,709.0,0.0,0,0,0.0,0.0,0.0,0.0,0.0,0.031304783370899,0.0,0.0,0.0,0.0,0.0,0.1775607312797395,0.0,0.6095401633660331,0.7451678944614093,0.8916866506794564,,,,,15.0,,,,0.0,,74.0,,,,,,2.344266666666667,,,,,,2.5165405405405403,,,,,,-4.944426773024324,,,,,,2.0409525210460644,
S013,R013,PRO,27,Image_020,490604,496004,5400,648,593,52,1349.042,579,490609,496000,1439.0,1080.0,1706.0,1280.0,2.3299516407599308,2.329,-0.9357637926971578,-5.248169243287225,2.458091696080253,0.1369363255132825,2.458,zhidaoyu,2.4662064380685798,2.352,1429.0,-5.524873960484715,-0.9778911564625716,0.9151234567901234,0.0802469135802469,16,4633.0,289.5625,133.0,667.0,490609.0,300.0,3947.9853565992585,263.1990237732839,8,2.1556390622295662,5.0,18,558.0,31.0,2.1943003207379195,2692.0,8,3,2692.0,0.0,0,0,0.0,0.0,0,0,0.0,0.0,0,0,0.0,0.0,0,0,0.0,0.0,0,0,0.0,0.0,0,0,0.0,625.0,3,2,625.0,2775.0,10,3,2775.0,0.0,0,0,0.0,0.0,0,0,0.0,0.0,0,0,0.0,0.5810489963306713,0.0,0.0,0.0,0.0,0.0,0.0,0.134901791495791,0.5989639542413123,0.0,0.0,0.0,1.3744207178110308,0.4132874066243621,0.8088203107901073,315.0,,,,,,,67.0,324.0,,,,2.3006571428571427,,,,,,,2.353641791044776,2.339854938271605,,,,-6.71271036584785,,,,,,,-4.564283236238683,-5.123314003507625,,,
S013,R013,PRO,28,Image_021,496004,505954,9950,1194,1049,145,2544.886,1034,496009,505950,1440.0,1080.0,4032.0,3024.0,2.46120502901354,2.436,0.0227356249090026,-0.8950366151342654,2.458091696080253,0.1369363255132825,2.458,zhidaoyu,2.4662064380685798,2.352,1429.0,-0.2027976643738116,3.5714285714285747,0.8785594639865997,0.1214405360134003,34,7424.0,218.35294117647055,67.0,508.0,496009.0,508.0,8210.075030072536,248.79015242644047,13,2.038159681645953,5.0,40,1310.0,32.75,4.561152794484742,0.0,0,0,0.0,0.0,0,0,0.0,0.0,0,0,0.0,717.0,3,2,717.0,0.0,0,0,0.0,0.0,0,0,0.0,0.0,0,0,0.0,0.0,0,0,0.0,1226.0,7,5,1226.0,0.0,0,0,0.0,0.0,0,0,0.0,0.0,0,0,0.0,0.0,0.0,0.0,0.0965786637931034,0.0,0.0,0.0,0.0,0.1651400862068965,0.0,0.0,0.0,0.9499143154751212,0.5343131009371831,0.8551638359924515,,,,86.0,,,,0.0,147.0,,,,,,,2.4225930232558137,,,,,2.487625850340136,,,,,,,-1.7684413656352969,,,,,0.8685165986482242,,,
S013,R013,PRO,29,Image_022,505954,513637,7683,922,505,408,1103.37,427,505959,513634,1620.0,1080.0,5472.0,3648.0,2.584004683840749,2.576,0.9195002661896552,4.800650935720093,2.458091696080253,0.1369363255132825,2.458,zhidaoyu,2.4662064380685798,2.352,1429.0,4.776495752903152,9.523809523809533,0.5477223427331888,0.4425162689804772,12,3399.0,283.25,125.0,825.0,509350.0,825.0,2400.1904234575863,218.1991294052351,4,1.0,3396.0,27,744.0,27.55555555555556,1.232764906360962,0.0,0,0,0.0,0.0,0,0,0.0,0.0,0,0,0.0,0.0,0,0,0.0,0.0,0,0,0.0,0.0,0,0,0.0,0.0,0,0,0.0,558.0,2,2,558.0,0.0,0,0,0.0,0.0,0,0,0.0,0.0,0,0,0.0,0.0,0,0,0.0,0.0,0.0,0.0,0.0,0.0,0.0,0.0,0.1641659311562224,0.0,0.0,0.0,0.0,-0.0,1.0,0.9166666666666666,,,,,,,,43.0,0.0,,,,,,,,,,,2.614209302325581,,,,,,,,,,,,6.001235824074445,,,,
S013,R013,PRO,30,Image_024,513637,524970,11333,1360,803,539,1750.696,688,513642,524967,1440.0,1080.0,4032.0,3024.0,2.5446162790697677,2.528,0.6318599733503294,2.84784377542717,2.458091696080253,0.1369363255132825,2.458,zhidaoyu,2.4662064380685798,2.352,1429.0,3.179370542175496,7.482993197278918,0.5904411764705882,0.3963235294117647,23,5325.0,231.5217391304348,67.0,717.0,513642.0,258.0,5636.080031423076,256.1854559737762,10,3.321928094887362,5.0,40,1109.0,27.725,3.1311555730128195,0.0,0,0,0.0,0.0,0,0,0.0,0.0,0,0,0.0,0.0,0,0,0.0,600.0,1,1,600.0,100.0,1,1,100.0,0.0,0,0,0.0,0.0,0,0,0.0,675.0,6,2,675.0,0.0,0,0,0.0,0.0,0,0,0.0,317.0,2,2,317.0,0.0,0.0,0.0,0.0,0.1126760563380281,0.0187793427230046,0.0,0.0,0.1267605633802817,0.0,0.0,0.0595305164319248,1.7531354264725063,0.3234921393401851,0.7655634357762018,,,,,70.0,12.0,,0.0,49.0,,,37.0,,,,,2.5419714285714283,2.4224166666666664,,,2.5598979591836737,,,2.612216216216216,,,,,3.0721268638883577,-1.7755922913009272,,,3.799013726866649,,,5.920419957300291
S013,R013,PRO,31,Image_025,524970,534070,9100,1092,599,490,1259.58,510,524976,534068,1620.0,1080.0,5472.0,3648.0,2.469764705882353,2.452,0.0852440706171004,-0.2441008950366243,2.458091696080253,0.1369363255132825,2.458,zhidaoyu,2.4662064380685798,2.352,1429.0,0.1442810203901847,4.251700680272113,0.5485347985347986,0.4487179487179487,11,3158.0,287.09090909090907,67.0,692.0,524976.0,692.0,2235.7644920058606,223.57644920058607,1,-0.0,6.0,43,1159.0,26.953488372093023,1.1483138911380095,0.0,0,0,0.0,0.0,0,0,0.0,0.0,0,0,0.0,0.0,0,0,0.0,0.0,0,0,0.0,0.0,0,0,0.0,0.0,0,0,0.0,692.0,1,1,692.0,0.0,0,0,0.0,0.0,0,0,0.0,0.0,0,0,0.0,0.0,0,0,0.0,0.0,0.0,0.0,0.0,0.0,0.0,0.0,0.2191260291323622,0.0,0.0,0.0,0.0,-0.0,1.0,0.9166666666666666,,,,,,,,51.0,0.0,,,0.0,,,,,,,,2.558313725490196,,,,,,,,,,,,3.7347760511788666,,,,
S014,R014,PRO,1,Image_001,58888,64038,5150,618,605,13,2097.873,604,58888,64030,1440.0,1080.0,4032.0,3024.0,3.4732996688741715,3.544,0.5211289480274321,5.163204747774479,3.379098791990733,0.1807630860653702,3.37,zhidaoyu,3.1223146853146853,3.1115,572.0,11.241179026902342,13.900048208259683,0.9789644012944984,0.0210355987055016,12,5243.0,436.9166666666667,208.0,733.0,58888.0,500.0,2229.842273681208,202.7129339710189,6,2.584962500721156,0.0,11,376.0,34.18181818181818,1.2388012631562266,0.0,0,0,0.0,0.0,0,0,0.0,0.0,0,0,0.0,0.0,0,0,0.0,0.0,0,0,0.0,0.0,0,0,0.0,0.0,0,0,0.0,233.0,1,1,233.0,342.0,1,1,342.0,0.0,0,0,0.0,733.0,1,1,733.0,967.0,2,1,967.0,0.0,0.0,0.0,0.0,0.0,0.0,0.0,0.0444402059889376,0.0652298302498569,0.0,0.1398054548922372,0.1844363913789815,1.7987667006760082,0.3175715010264461,0.7616483516483517,,,,,0.0,,,28.0,41.0,,52.0,116.0,,,,,,,,3.546071428571429,3.3758292682926827,,3.699096153846154,3.572551724137931,,,,,,,,13.571878108565311,8.119443698944353,,18.4728807523556,14.419976338095095
S014,R014,PRO,2,Image_012,64038,71604,7566,908,887,21,2974.398,887,64038,71597,1440.0,1080.0,4032.0,3024.0,3.3533235625704623,3.339,-0.1425912224742027,-0.9198813056379864,3.379098791990733,0.1807630860653702,3.37,zhidaoyu,3.1223146853146853,3.1115,572.0,7.398641730197498,7.311586051743533,0.9768722466960352,0.0231277533039647,22,7366.0,334.8181818181818,117.0,950.0,64038.0,733.0,5628.173999399654,268.00828568569784,9,2.197159723424149,0.0,22,767.0,34.86363636363637,3.126763332999808,0.0,0,0,0.0,0.0,0,0,0.0,0.0,0,0,0.0,0.0,0,0,0.0,1408.0,2,2,1408.0,0.0,0,0,0.0,0.0,0,0,0.0,0.0,0,0,0.0,0.0,0,0,0.0,0.0,0,0,0.0,2026.0,7,3,2026.0,0.0,0,0,0.0,0.0,0.0,0.0,0.0,0.1911485202280749,0.0,0.0,0.0,0.0,0.0,0.2750475156122726,0.0,0.9765096424143588,0.5161937105697962,0.8483304212774219,,,,,169.0,,,,0.0,0.0,243.0,,,,,,3.411414201183432,,,,,,3.253119341563786,,,,,,9.259140894045068,,,,,,4.189348910419563,
S014,R014,PRO,3,Image_023,71604,73654,2050,246,246,0,831.358,246,71605,73647,1440.0,1080.0,960.0,720.0,3.37950406504065,3.4210000000000003,0.0022420122312502,1.5133531157270077,3.379098791990733,0.1807630860653702,3.37,zhidaoyu,3.1223146853146853,3.1115,572.0,8.237138329958043,9.946970914350004,1.0,0.0,6,2374.0,395.6666666666667,208.0,650.0,71605.0,508.0,708.8032445017336,141.76064890034672,4,1.0,1.0,5,150.0,30.0,0.3937795802787409,0.0,0,0,0.0,0.0,0,0,0.0,0.0,0,0,0.0,0.0,0,0,0.0,0.0,0,0,0.0,0.0,0,0,0.0,0.0,0,0,0.0,0.0,0,0,0.0,0.0,0,0,0.0,0.0,0,0,0.0,0.0,0,0,0.0,491.0,2,2,491.0,0.0,0.0,0.0,0.0,0.0,0.0,0.0,0.0,0.0,0.0,0.0,0.2068239258635215,-0.0,1.0,0.9166666666666666,,,,,,,,0.0,0.0,0.0,,59.0,,,,,,,,,,,,3.370186440677966,,,,,,,,,,,,7.938717917483029
S014,R014,PRO,4,Image_026,73654,75321,1667,200,200,0,684.711,200,73655,75314,1439.0,1080.0,1706.0,1280.0,3.423555,3.379,0.2459363190623447,0.2670623145400562,3.379098791990733,0.1807630860653702,3.37,zhidaoyu,3.1223146853146853,3.1115,572.0,9.647980586394796,8.597139643258881,1.0,0.0,5,2283.0,456.6,292.0,708.0,73655.0,650.0,772.4256273049716,193.1064068262429,1,-0.0,1.0,4,134.0,33.5,0.4293161318109551,0.0,0,0,0.0,0.0,0,0,0.0,0.0,0,0,0.0,0.0,0,0,0.0,0.0,0,0,0.0,0.0,0,0,0.0,0.0,0,0,0.0,0.0,0,0,0.0,650.0,1,1,650.0,0.0,0,0,0.0,0.0,0,0,0.0,0.0,0,0,0.0,0.0,0.0,0.0,0.0,0.0,0.0,0.0,0.0,0.2847130968024529,0.0,0.0,0.0,-0.0,1.0,0.9166666666666666,,,,,0.0,,,0.0,35.0,,,,,,,,,,,,3.752971428571429,,,,,,,,,,,,20.19837225962323,,,
S014,R014,PRO,5,Image_027,75321,76771,1450,174,174,0,596.279,174,75322,76764,810.0,1080.0,1280.0,1706.0,3.426890804597701,3.473,0.2643903334870313,3.056379821958449,3.379098791990733,0.1807630860653702,3.37,zhidaoyu,3.1223146853146853,3.1115,572.0,9.754818139104993,11.61819058331994,1.0,0.0,5,1941.0,388.2,133.0,708.0,75322.0,708.0,953.52915479428,238.38228869857,4,2.0,1.0,4,134.0,33.5,0.7063178924402073,0.0,0,0,0.0,0.0,0,0,0.0,133.0,1,1,133.0,0.0,0,0,0.0,0.0,0,0,0.0,0.0,0,0,0.0,0.0,0,0,0.0,0.0,0,0,0.0,475.0,1,1,475.0,0.0,0,0,0.0,0.0,0,0,0.0,0.0,0,0,0.0,0.0,0.0,0.0685213807315816,0.0,0.0,0.0,0.0,0.0,0.2447192168985059,0.0,0.0,0.0,0.7578784625383954,0.658203125,0.8802083333333334,,,16.0,,,,,0.0,57.0,,,,,,3.218125,,,,,,3.512982456140351,,,,,,3.0685668916058835,,,,,,12.51212034017935,,,
S014,R014,PRO,6,Image_028,76771,81771,5000,600,587,13,1959.858,586,76772,81764,1620.0,1080.0,5472.0,3648.0,3.344467576791809,3.349,-0.1915834474434688,-0.623145400593469,3.379098791990733,0.1807630860653702,3.37,zhidaoyu,3.1223146853146853,3.1115,572.0,7.1150064572922345,7.6329744496223775,0.9783333333333334,0.0216666666666666,15,4432.0,295.46666666666664,167.0,425.0,76772.0,400.0,8137.794422247868,581.271030160562,9,2.5032583347756456,1.0,15,750.0,50.0,4.1796631137606175,708.0,2,2,708.0,0.0,0,0,0.0,0.0,0,0,0.0,0.0,0,0,0.0,0.0,0,0,0.0,0.0,0,0,0.0,0.0,0,0,0.0,1016.0,3,2,1016.0,2724.0,10,5,2724.0,0.0,0,0,0.0,0.0,0,0,0.0,0.0,0,0,0.0,0.1597472924187725,0.0,0.0,0.0,0.0,0.0,0.0,0.2292418772563177,0.6146209386281588,0.0,0.0,0.0,1.3418447816794057,0.4525564799958593,0.8255395683453237,85.0,,,,,,,121.0,292.0,,,,3.1652117647058824,,,,,,,3.1940578512396693,3.3603698630136987,,,,1.3738871226835905,,,,,,,2.29775577274183,7.624317267528107,,,
S014,R014,PRO,7,Image_029,81771,83871,2100,252,216,36,748.427,216,81772,83864,1620.0,1080.0,6000.0,4000.0,3.4649398148148145,3.4525,0.4748813748014816,2.448071216617198,3.379098791990733,0.1807630860653702,3.37,zhidaoyu,3.1223146853146853,3.1115,572.0,10.973433623190273,10.95934436766832,0.8571428571428571,0.1428571428571428,6,2133.0,355.5,175.0,708.0,81772.0,425.0,1781.2714761406253,356.25429522812505,4,2.0,1.0,6,266.0,44.333333333333336,0.914881145690378,0.0,0,0,0.0,0.0,0,0,0.0,0.0,0,0,0.0,0.0,0,0,0.0,300.0,1,1,300.0,0.0,0,0,0.0,0.0,0,0,0.0,475.0,2,2,475.0,0.0,0,0,0.0,0.0,0,0,0.0,0.0,0,0,0.0,0.0,0,0,0.0,0.0,0.0,0.0,0.0,0.140646976090014,0.0,0.0,0.2226910454758556,0.0,0.0,0.0,0.0,0.9629004147713268,0.5254942767950052,0.8521505376344086,,,,,36.0,,,57.0,0.0,,0.0,,,,,,3.4297222222222223,,,3.4580701754385967,,,,,,,,,9.845501427302636,,,10.753416101941438,,,,
S014,R014,PRO,8,Image_030,83871,85237,1366,164,164,0,530.338,164,83872,85230,1920.0,1079.0,2275.0,1279.0,3.2337682926829268,3.209,-0.8039832826003511,-4.777448071216618,3.379098791990733,0.1807630860653702,3.37,zhidaoyu,3.1223146853146853,3.1115,572.0,3.56958278076345,3.133536879318661,1.0,0.0,5,1783.0,356.6,175.0,708.0,83872.0,708.0,1016.6239352444512,254.15598381111283,2,1.0,1.0,4,150.0,37.5,0.4615946470250716,0.0,0,0,0.0,0.0,0,0,0.0,0.0,0,0,0.0,0.0,0,0,0.0,0.0,0,0,0.0,0.0,0,0,0.0,0.0,0,0,0.0,0.0,0,0,0.0,1150.0,2,2,1150.0,0.0,0,0,0.0,0.0,0,0,0.0,0.0,0,0,0.0,0.0,0.0,0.0,0.0,0.0,0.0,0.0,0.0,0.6449803701626472,0.0,0.0,0.0,-0.0,1.0,0.9166666666666666,0.0,,,,,0.0,,0.0,70.0,,,,,,,,,,,,3.400257142857143,,,,,,,,,,,,8.901807971173312,,,
S014,R014,PRO,9,Image_031,85237,86771,1534,184,184,0,647.822,184,85239,86764,1621.0,1080.0,2731.0,1820.0,3.520771739130434,3.54,0.7837493274952566,5.044510385756674,3.379098791990733,0.1807630860653702,3.37,zhidaoyu,3.1223146853146853,3.1115,572.0,12.76159176683339,13.77149284910815,1.0,0.0,4,1850.0,462.5,183.0,967.0,85239.0,442.0,1286.5659576123587,428.8553192041196,1,-0.0,2.0,3,125.0,41.66666666666666,0.6605125076659513,0.0,0,0,0.0,0.0,0,0,0.0,0.0,0,0,0.0,0.0,0,0,0.0,0.0,0,0,0.0,0.0,0,0,0.0,0.0,0,0,0.0,0.0,0,0,0.0,1225.0,2,1,1225.0,0.0,0,0,0.0,0.0,0,0,0.0,0.0,0,0,0.0,0.0,0.0,0.0,0.0,0.0,0.0,0.0,0.0,0.6621621621621622,0.0,0.0,0.0,-0.0,1.0,0.9166666666666666,,,0.0,,,,,,119.0,0.0,,,,,,,,,,,3.5750252100840334,,,,,,,,,,,,14.499195961848454,,,
S014,R014,PRO,10,Image_002,86771,90104,3333,400,400,0,1441.641,400,86772,90097,810.0,1080.0,3072.0,4096.0,3.6041025,3.596,1.2447436747561285,6.706231454005934,3.379098791990733,0.1807630860653702,3.37,zhidaoyu,3.1223146853146853,3.1115,572.0,15.430469483147483,15.571267877229635,1.0,0.0,11,3959.0,359.90909090909093,192.0,967.0,86772.0,967.0,2169.273537955175,216.9273537955175,2,1.0,1.0,10,318.0,31.8,1.6068692873742036,0.0,0,0,0.0,0.0,0,0,0.0,0.0,0,0,0.0,0.0,0,0,0.0,0.0,0,0,0.0,0.0,0,0,0.0,0.0,0,0,0.0,0.0,0,0,0.0,0.0,0,0,0.0,0.0,0,0,0.0,308.0,1,1,308.0,0.0,0,0,0.0,0.0,0.0,0.0,0.0,0.0,0.0,0.0,0.0,0.0,0.0,0.0777974235918161,0.0,-0.0,1.0,0.9166666666666666,,,,,,,,,0.0,0.0,37.0,,,,,,,,,,,,3.403135135135135,,,,,,,,,,,,8.9939829300757,
S014,R014,PRO,11,Image_003,90104,91704,1600,192,192,0,634.156,192,90105,91697,1620.0,1080.0,5472.0,3648.0,3.302895833333334,3.314,-0.4215626116819087,-1.6617210682492598,3.379098791990733,0.1807630860653702,3.37,zhidaoyu,3.1223146853146853,3.1115,572.0,5.783566559385686,6.508115057046444,1.0,0.0,7,1759.0,251.28571428571428,133.0,367.0,90105.0,342.0,1524.7878354559762,254.13130590932937,4,2.0,1.0,6,209.0,34.833333333333336,0.7831482514159929,0.0,0,0,0.0,0.0,0,0,0.0,0.0,0,0,0.0,0.0,0,0,0.0,350.0,1,1,350.0,0.0,0,0,0.0,0.0,0,0,0.0,367.0,1,1,367.0,625.0,3,2,625.0,0.0,0,0,0.0,0.0,0,0,0.0,0.0,0,0,0.0,0.0,0.0,0.0,0.0,0.198976691301876,0.0,0.0,0.2086412734508243,0.3553155201819215,0.0,0.0,0.0,1.530667740735817,0.359704025177627,0.7841530054644809,,,,,42.0,,,16.0,59.0,,,0.0,,,,,3.307333333333333,,,3.4009375,3.412203389830508,,,,,,,,5.925688685027618,,,8.923598124038335,9.284416650226472,,,
S014,R014,PRO,12,Image_004,91704,93254,1550,186,166,20,552.67,160,91705,93247,1439.0,1080.0,1706.0,1280.0,3.454187499999999,3.4695,0.4153984623946463,2.952522255192876,3.379098791990733,0.1807630860653702,3.37,zhidaoyu,3.1223146853146853,3.1115,572.0,10.629063631741705,11.505704644062352,0.8924731182795699,0.1075268817204301,5,1367.0,273.4,108.0,367.0,91705.0,367.0,1364.6901971571606,341.17254928929015,2,1.0,1.0,6,275.0,45.833333333333336,0.7584982888359314,0.0,0,0,0.0,0.0,0,0,0.0,0.0,0,0,0.0,0.0,0,0,0.0,0.0,0,0,0.0,0.0,0,0,0.0,0.0,0,0,0.0,0.0,0,0,0.0,650.0,3,1,650.0,0.0,0,0,0.0,0.0,0,0,0.0,0.0,0,0,0.0,0.0,0.0,0.0,0.0,0.0,0.0,0.0,0.0,0.4754937820043892,0.0,0.0,0.0,-0.0,1.0,0.9166666666666666,,,0.0,,0.0,,,0.0,78.0,,,,,,,,,,,,3.505025641025641,,,,,,,,,,,,12.257283274840177,,,
S014,R014,PRO,13,Image_005,93254,94404,1150,138,138,0,453.773,138,93255,94397,1920.0,1080.0,960.0,540.0,3.2882101449275365,3.291,-0.5028053516984542,-2.3442136498516373,3.379098791990733,0.1807630860653702,3.37,zhidaoyu,3.1223146853146853,3.1115,572.0,5.313220361583487,5.768921741925117,1.0,0.0,5,1424.0,284.8,108.0,458.0,93255.0,350.0,1213.33499914007,303.3337497850175,2,1.0,1.0,4,142.0,35.5,0.5507880747851672,0.0,0,0,0.0,0.0,0,0,0.0,0.0,0,0,0.0,0.0,0,0,0.0,0.0,0,0,0.0,0.0,0,0,0.0,0.0,0,0,0.0,616.0,3,1,616.0,0.0,0,0,0.0,0.0,0,0,0.0,0.0,0,0,0.0,0.0,0,0,0.0,0.0,0.0,0.0,0.0,0.0,0.0,0.0,0.4325842696629213,0.0,0.0,0.0,0.0,-0.0,1.0,0.9166666666666666,,,,,0.0,,0.0,74.0,,,,0.0,,,,,,,,3.2722702702702704,,,,,,,,,,,,4.8027056869340425,,,,
S014,R014,PRO,14,Image_006,94404,95571,1167,140,140,0,471.529,140,94405,95564,1439.0,1080.0,1706.0,1280.0,3.368064285714285,3.362,-0.0610440246215809,-0.2373887240356085,3.379098791990733,0.1807630860653702,3.37,zhidaoyu,3.1223146853146853,3.1115,572.0,7.870750554242491,8.050779366864862,1.0,0.0,5,1475.0,295.0,125.0,492.0,94405.0,458.0,780.8854147172844,195.2213536793211,2,1.0,1.0,4,142.0,35.5,0.4340181032104141,0.0,0,0,0.0,0.0,0,0,0.0,0.0,0,0,0.0,0.0,0,0,0.0,0.0,0,0,0.0,0.0,0,0,0.0,0.0,0,0,0.0,0.0,0,0,0.0,0.0,0,0,0.0,0.0,0,0,0.0,400.0,2,1,400.0,0.0,0,0,0.0,0.0,0.0,0.0,0.0,0.0,0.0,0.0,0.0,0.0,0.0,0.2711864406779661,0.0,-0.0,1.0,0.9166666666666666,,,,,0.0,,,,0.0,,48.0,,,,,,,,,,,,3.3236875,,,,,,,,,,,,6.449472105820727,
S014,R014,PRO,15,Image_007,95571,96171,600,72,72,0,246.591,72,95572,96164,1439.0,1080.0,1706.0,1280.0,3.424875,3.4595,0.253238694944124,2.655786350148372,3.379098791990733,0.1807630860653702,3.37,zhidaoyu,3.1223146853146853,3.1115,572.0,9.690256914473071,11.184316246183524,1.0,0.0,3,1109.0,369.6666666666667,192.0,492.0,95572.0,492.0,245.96704883230535,122.98352441615268,1,-0.0,1.0,2,50.0,25.0,0.1367091124696064,0.0,0,0,0.0,0.0,0,0,0.0,0.0,0,0,0.0,0.0,0,0,0.0,0.0,0,0,0.0,0.0,0,0,0.0,0.0,0,0,0.0,492.0,1,1,492.0,0.0,0,0,0.0,0.0,0,0,0.0,0.0,0,0,0.0,0.0,0,0,0.0,0.0,0.0,0.0,0.0,0.0,0.0,0.0,0.4436429215509468,0.0,0.0,0.0,0.0,-0.0,1.0,0.9166666666666666,0.0,,,,,,,30.0,0.0,,,,,,,,,,,3.4903666666666666,,,,,,,,,,,,11.78779266174085,,,,
S014,R014,PRO,16,Image_008,96171,97371,1200,144,144,0,472.741,144,96172,97364,1440.0,1080.0,4096.0,3072.0,3.282923611111111,3.319,-0.5320510009706393,-1.5133531157270077,3.379098791990733,0.1807630860653702,3.37,zhidaoyu,3.1223146853146853,3.1115,572.0,5.143905787325806,6.66880925598586,1.0,0.0,5,1417.0,283.4,167.0,458.0,96172.0,425.0,1023.8121943358276,255.95304858395687,2,1.0,1.0,4,134.0,33.5,0.568784552408793,0.0,0,0,0.0,0.0,0,0,0.0,0.0,0,0,0.0,0.0,0,0,0.0,0.0,0,0,0.0,0.0,0,0,0.0,0.0,0,0,0.0,0.0,0,0,0.0,0.0,0,0,0.0,0.0,0,0,0.0,175.0,1,1,175.0,0.0,0,0,0.0,0.0,0.0,0.0,0.0,0.0,0.0,0.0,0.0,0.0,0.0,0.123500352858151,0.0,-0.0,1.0,0.9166666666666666,,,,,,,,,0.0,,21.0,,,,,,,,,,,,3.242666666666667,,,,,,,,,,,,3.85457564280879,
S014,R014,PRO,17,Image_009,97371,98321,950,114,114,0,367.572,114,97372,98314,1440.0,1080.0,4032.0,3024.0,3.224315789473685,3.212,-0.8562755034015799,-4.688427299703261,3.379098791990733,0.1807630860653702,3.37,zhidaoyu,3.1223146853146853,3.1115,572.0,3.26684253316124,3.229953398682316,1.0,0.0,4,1350.0,337.5,183.0,458.0,97372.0,458.0,609.7623806572736,203.25412688575787,1,-0.0,1.0,3,92.0,30.666666666666668,0.3387568781429298,0.0,0,0,0.0,0.0,0,0,0.0,0.0,0,0,0.0,0.0,0,0,0.0,0.0,0,0,0.0,0.0,0,0,0.0,0.0,0,0,0.0,0.0,0,0,0.0,892.0,3,1,892.0,0.0,0,0,0.0,0.0,0,0,0.0,0.0,0,0,0.0,0.0,0.0,0.0,0.0,0.0,0.0,0.0,0.0,0.6607407407407407,0.0,0.0,0.0,-0.0,1.0,0.9166666666666666,,,,,0.0,,,0.0,74.0,,,0.0,,,,,,,,,3.204783783783784,,,,,,,,,,,,2.641280805454323,,,
S014,R014,PRO,18,Image_010,98321,99054,733,88,88,0,289.678,88,98322,99047,1440.0,1080.0,1600.0,1200.0,3.2917954545454537,3.28,-0.4829710498177003,-2.6706231454005893,3.379098791990733,0.1807630860653702,3.37,zhidaoyu,3.1223146853146853,3.1115,572.0,5.4280489416359785,5.415394504258407,1.0,0.0,3,1251.0,417.0,267.0,567.0,98322.0,417.0,471.1327925074567,235.5663962537284,0,0.0,1.0,3,75.0,25.0,0.2617404402819204,0.0,0,0,0.0,0.0,0,0,0.0,0.0,0,0,0.0,0.0,0,0,0.0,0.0,0,0,0.0,0.0,0,0,0.0,0.0,0,0,0.0,0.0,0,0,0.0,0.0,0,0,0.0,0.0,0,0,0.0,0.0,0,0,0.0,0.0,0,0,0.0,0.0,0.0,0.0,0.0,0.0,0.0,0.0,0.0,0.0,0.0,0.0,0.0,0.0,0.0,0.0,,,,,,,,0.0,0.0,0.0,0.0,,,,,,,,,,,,,,,,,,,,,,,,,
S014,R014,PRO,19,Image_011,99054,99787,733,88,88,0,284.938,88,99055,99780,1440.0,1080.0,960.0,720.0,3.237931818181818,3.2285000000000004,-0.780950230944077,-4.198813056379814,3.379098791990733,0.1807630860653702,3.37,zhidaoyu,3.1223146853146853,3.1115,572.0,3.70293018224331,3.7602442551824025,1.0,0.0,2,1067.0,533.5,500.0,567.0,99055.0,567.0,60.8276253029822,60.8276253029822,1,-0.0,1.0,1,25.0,25.0,0.0337931251683234,0.0,0,0,0.0,0.0,0,0,0.0,0.0,0,0,0.0,0.0,0,0,0.0,0.0,0,0,0.0,0.0,0,0,0.0,0.0,0,0,0.0,0.0,0,0,0.0,0.0,0,0,0.0,0.0,0,0,0.0,0.0,0,0,0.0,500.0,1,1,500.0,0.0,0.0,0.0,0.0,0.0,0.0,0.0,0.0,0.0,0.0,0.0,0.4686035613870665,-0.0,1.0,0.9166666666666666,,,,,,,,0.0,0.0,,,30.0,,,,,,,,,,,,3.2758,,,,,,,,,,,,4.915754180935334
S014,R014,PRO,20,Image_013,99787,100970,1183,142,142,0,469.622,142,99789,100964,1920.0,1080.0,3840.0,2160.0,3.307197183098592,3.269,-0.3977671019963636,-2.997032640949554,3.379098791990733,0.1807630860653702,3.37,zhidaoyu,3.1223146853146853,3.1115,572.0,5.9213281304883125,5.061867266591682,1.0,0.0,6,1509.0,251.5,150.0,500.0,99789.0,500.0,1166.369077730403,233.27381554608056,3,0.9182958340544896,2.0,5,167.0,33.4,0.5294681017751777,0.0,0,0,0.0,0.0,0,0,0.0,0.0,0,0,0.0,0.0,0,0,0.0,0.0,0,0,0.0,0.0,0,0,0.0,0.0,0,0,0.0,0.0,0,0,0.0,667.0,3,2,667.0,0.0,0,0,0.0,0.0,0,0,0.0,0.0,0,0,0.0,0.0,0.0,0.0,0.0,0.0,0.0,0.0,0.0,0.4420145791915175,0.0,0.0,0.0,-0.0,1.0,0.9166666666666666,,,,,0.0,,,0.0,51.0,,0.0,0.0,,,,,,,,,3.16121568627451,,,,,,,,,,,,1.245902635720527,,,
S014,R014,PRO,21,Image_014,100970,102187,1217,146,146,0,491.984,146,100972,102181,1440.0,1080.0,4032.0,3024.0,3.369753424657534,3.3825,-0.0516995341063137,0.3709198813056301,3.379098791990733,0.1807630860653702,3.37,zhidaoyu,3.1223146853146853,3.1115,572.0,7.924849487677768,8.709625582516468,1.0,0.0,4,1400.0,350.0,250.0,525.0,100972.0,292.0,941.4776502065724,313.8258834021908,2,1.0,2.0,3,133.0,44.333333333333336,0.5230431390036514,0.0,0,0,0.0,0.0,0,0,0.0,0.0,0,0,0.0,0.0,0,0,0.0,0.0,0,0,0.0,0.0,0,0,0.0,0.0,0,0,0.0,0.0,0,0,0.0,817.0,2,2,817.0,0.0,0,0,0.0,0.0,0,0,0.0,0.0,0,0,0.0,0.0,0.0,0.0,0.0,0.0,0.0,0.0,0.0,0.5835714285714285,0.0,0.0,0.0,-0.0,1.0,0.9166666666666666,,,0.0,,0.0,0.0,,0.0,60.0,,,,,,,,,,,,3.4051,,,,,,,,,,,,9.056912681330646,,,
S014,R014,PRO,22,Image_015,102187,102987,800,96,84,12,264.288,82,102189,102981,1440.0,1080.0,4032.0,3024.0,3.223024390243902,3.218,-0.8634196568783316,-4.510385756676562,3.379098791990733,0.1807630860653702,3.37,zhidaoyu,3.1223146853146853,3.1115,572.0,3.225482216859485,3.42278643740961,0.875,0.125,3,1150.0,383.3333333333333,92.0,533.0,102189.0,525.0,222.12197582734908,111.06098791367454,0,0.0,2.0,4,101.0,25.25,0.1234010976818606,0.0,0,0,0.0,0.0,0,0,0.0,0.0,0,0,0.0,0.0,0,0,0.0,0.0,0,0,0.0,0.0,0,0,0.0,0.0,0,0,0.0,0.0,0,0,0.0,0.0,0,0,0.0,0.0,0,0,0.0,0.0,0,0,0.0,0.0,0,0,0.0,0.0,0.0,0.0,0.0,0.0,0.0,0.0,0.0,0.0,0.0,0.0,0.0,0.0,0.0,0.0,,,,,0.0,,,,0.0,0.0,0.0,,,,,,,,,,,,,,,,,,,,,,,,,
S014,R014,PRO,23,Image_016,102987,104004,1017,122,122,0,385.372,122,102989,103997,1440.0,1080.0,4032.0,3024.0,3.158786885245901,3.098,-1.2187881471837636,-8.07121661721069,3.379098791990733,0.1807630860653702,3.37,zhidaoyu,3.1223146853146853,3.1115,572.0,1.1681141591126962,-0.4338743371364315,1.0,0.0,4,1350.0,337.5,167.0,533.0,102989.0,533.0,550.0935468570112,183.36451561900373,1,-0.0,2.0,3,92.0,30.666666666666668,0.3056075260316729,0.0,0,0,0.0,0.0,0,0,0.0,0.0,0,0,0.0,0.0,0,0,0.0,0.0,0,0,0.0,0.0,0,0,0.0,0.0,0,0,0.0,0.0,0,0,0.0,0.0,0,0,0.0,0.0,0,0,0.0,650.0,2,1,650.0,0.0,0,0,0.0,0.0,0.0,0.0,0.0,0.0,0.0,0.0,0.0,0.0,0.0,0.4814814814814814,0.0,-0.0,1.0,0.9166666666666666,,,,,,,,,0.0,,55.0,,,,,,,,,,,,3.0686,,,,,,,,,,,,-1.7203482265040042,
S014,R014,PRO,24,Image_017,104004,105354,1350,162,162,0,533.216,162,104006,105347,1440.0,1080.0,4032.0,3024.0,3.291456790123457,3.312,-0.4848445762625508,-1.721068249258168,3.379098791990733,0.1807630860653702,3.37,zhidaoyu,3.1223146853146853,3.1115,572.0,5.417202359656618,6.443837377470671,1.0,0.0,6,1650.0,275.0,125.0,392.0,104006.0,375.0,1153.3490988525043,230.66981977050085,3,1.584962500721156,2.0,5,175.0,35.0,0.6407494993625024,0.0,0,0,0.0,0.0,0,0,0.0,0.0,0,0,0.0,0.0,0,0,0.0,1000.0,3,2,1000.0,0.0,0,0,0.0,0.0,0,0,0.0,0.0,0,0,0.0,125.0,1,1,125.0,0.0,0,0,0.0,0.0,0,0,0.0,0.0,0,0,0.0,0.0,0.0,0.0,0.0,0.6060606060606061,0.0,0.0,0.0,0.0757575757575757,0.0,0.0,0.0,0.5032583347756457,0.8024691358024691,0.8981481481481481,,,,,85.0,,,,15.0,,0.0,,,,,,3.320670588235294,,,,3.411466666666666,,,,,,,,6.35284790010259,,,,9.260821233425386,,,
S014,R014,PRO,25,Image_018,105354,105870,516,62,62,0,214.085,62,105356,105864,1440.0,1080.0,3648.0,2736.0,3.452983870967742,3.4545,0.408739862685735,2.507418397626106,3.379098791990733,0.1807630860653702,3.37,zhidaoyu,3.1223146853146853,3.1115,572.0,10.590514377308192,11.023622047244094,1.0,0.0,2,766.0,383.0,308.0,458.0,105356.0,308.0,171.5488268686207,171.5488268686207,0,0.0,2.0,1,33.0,33.0,0.0953049038159003,0.0,0,0,0.0,0.0,0,0,0.0,0.0,0,0,0.0,0.0,0,0,0.0,0.0,0,0,0.0,0.0,0,0,0.0,0.0,0,0,0.0,0.0,0,0,0.0,766.0,2,1,766.0,0.0,0,0,0.0,0.0,0,0,0.0,0.0,0,0,0.0,0.0,0.0,0.0,0.0,0.0,0.0,0.0,0.0,1.0,0.0,0.0,0.0,-0.0,1.0,0.9166666666666666,,0.0,0.0,,,,,,58.0,,0.0,,,,,,,,,,3.449275862068965,,,,,,,,,,,,10.471756043427982,,,
S014,R014,PRO,26,Image_019,105870,106487,617,74,74,0,255.05,74,105872,106481,1439.0,1080.0,1706.0,1280.0,3.4466216216216217,3.462,0.3735432443683226,2.729970326409498,3.379098791990733,0.1807630860653702,3.37,zhidaoyu,3.1223146853146853,3.1115,572.0,10.386747301041211,11.264663345653233,1.0,0.0,2,1016.0,508.0,458.0,558.0,105872.0,458.0,146.7310464761974,146.7310464761974,1,-0.0,2.0,1,33.0,33.0,0.0815534895049035,0.0,0,0,0.0,0.0,0,0,0.0,0.0,0,0,0.0,0.0,0,0,0.0,0.0,0,0,0.0,0.0,0,0,0.0,0.0,0,0,0.0,0.0,0,0,0.0,458.0,1,1,458.0,0.0,0,0,0.0,0.0,0,0,0.0,0.0,0,0,0.0,0.0,0.0,0.0,0.0,0.0,0.0,0.0,0.0,0.4507874015748031,0.0,0.0,0.0,-0.0,1.0,0.9166666666666666,,,,,0.0,,,,32.0,,0.0,,,,,,,,,,3.48825,,,,,,,,,,,,11.720001075049662,,,
S014,R014,PRO,27,Image_020,106487,107704,1217,146,146,0,484.792,146,106489,107697,1439.0,1080.0,1706.0,1280.0,3.320493150684931,3.331,-0.3242124406119508,-1.157270029673595,3.379098791990733,0.1807630860653702,3.37,zhidaoyu,3.1223146853146853,3.1115,572.0,6.347165015183992,7.054475333440465,1.0,0.0,4,1675.0,418.75,325.0,558.0,106489.0,558.0,503.12810090199366,167.70936696733122,3,1.584962500721156,2.0,3,100.0,33.333333333333336,0.2796398804610785,883.0,2,2,883.0,0.0,0,0,0.0,0.0,0,0,0.0,0.0,0,0,0.0,0.0,0,0,0.0,0.0,0,0,0.0,0.0,0,0,0.0,350.0,1,1,350.0,1325.0,3,1,1325.0,0.0,0,0,0.0,0.0,0,0,0.0,0.0,0,0,0.0,0.5271641791044777,0.0,0.0,0.0,0.0,0.0,0.0,0.208955223880597,0.7910447761194029,0.0,0.0,0.0,1.4139186004443187,0.406184647529925,0.8135261923377639,68.0,,,,,,,13.0,121.0,,,,3.312882352941177,,,,,,,3.350230769230769,3.3161735537190085,,,,6.103410028553386,,,,,,,7.2995872257223535,6.20881903147392,,,
S014,R014,PRO,28,Image_021,107704,108220,516,62,62,0,204.41,62,107706,108214,1440.0,1080.0,4032.0,3024.0,3.296935483870968,3.287,-0.4545358784705173,-2.462908011869441,3.379098791990733,0.1807630860653702,3.37,zhidaoyu,3.1223146853146853,3.1115,572.0,5.592671340194641,5.640366382773582,1.0,0.0,2,825.0,412.5,350.0,475.0,107706.0,350.0,199.1230775173988,199.1230775173988,1,-0.0,2.0,1,25.0,25.0,0.1106239319541104,0.0,0,0,0.0,0.0,0,0,0.0,0.0,0,0,0.0,0.0,0,0,0.0,0.0,0,0,0.0,0.0,0,0,0.0,0.0,0,0,0.0,0.0,0,0,0.0,475.0,1,1,475.0,0.0,0,0,0.0,0.0,0,0,0.0,0.0,0,0,0.0,0.0,0.0,0.0,0.0,0.0,0.0,0.0,0.0,0.5757575757575758,0.0,0.0,0.0,-0.0,1.0,0.9166666666666666,,,,0.0,,,,0.0,30.0,,,,,,,,,,,,3.2596333333333334,,,,,,,,,,,,4.39797592038063,,,
S014,R014,PRO,29,Image_022,108220,108937,717,86,86,0,286.858,86,108222,108931,1620.0,1080.0,5472.0,3648.0,3.335558139534884,3.3465,-0.2408713714928678,-0.6973293768546082,3.379098791990733,0.1807630860653702,3.37,zhidaoyu,3.1223146853146853,3.1115,572.0,6.829659266029642,7.552627350152656,1.0,0.0,2,1250.0,625.0,475.0,775.0,108222.0,475.0,158.14234094637652,158.14234094637652,1,-0.0,2.0,1,33.0,33.0,0.0812236921800668,0.0,0,0,0.0,0.0,0,0,0.0,0.0,0,0,0.0,0.0,0,0,0.0,0.0,0,0,0.0,0.0,0,0,0.0,0.0,0,0,0.0,0.0,0,0,0.0,775.0,1,1,775.0,0.0,0,0,0.0,0.0,0,0,0.0,0.0,0,0,0.0,0.0,0.0,0.0,0.0,0.0,0.0,0.0,0.0,0.62,0.0,0.0,0.0,-0.0,1.0,0.9166666666666666,,,,,,,,0.0,55.0,,,,,,,,,,,,3.3651272727272725,,,,,,,,,,,,7.776685308326479,,,
S014,R014,PRO,30,Image_024,108937,109420,483,58,58,0,200.541,58,108939,109414,1440.0,1080.0,4032.0,3024.0,3.457603448275862,3.45,0.4342958398969743,2.373887240356085,3.379098791990733,0.1807630860653702,3.37,zhidaoyu,3.1223146853146853,3.1115,572.0,10.738467987808995,10.878997268198626,1.0,0.0,2,1258.0,629.0,483.0,775.0,108939.0,775.0,39.82461550347976,39.82461550347976,1,-0.0,2.0,1,17.0,17.0,0.022124786390822,0.0,0,0,0.0,0.0,0,0,0.0,0.0,0,0,0.0,0.0,0,0,0.0,0.0,0,0,0.0,0.0,0,0,0.0,0.0,0,0,0.0,0.0,0,0,0.0,0.0,0,0,0.0,0.0,0,0,0.0,0.0,0,0,0.0,775.0,1,1,775.0,0.0,0.0,0.0,0.0,0.0,0.0,0.0,0.0,0.0,0.0,0.0,0.6160572337042926,-0.0,1.0,0.9166666666666666,,,,,0.0,0.0,,0.0,0.0,,,38.0,,,,,,,,,,,,3.462342105263158,,,,,,,,,,,,10.890235425267615
S014,R014,PRO,31,Image_025,109420,110287,867,104,104,0,343.323,104,109422,110281,1620.0,1080.0,5472.0,3648.0,3.301182692307693,3.288,-0.4310398841877647,-2.4332344213649937,3.379098791990733,0.1807630860653702,3.37,zhidaoyu,3.1223146853146853,3.1115,572.0,5.728698898746017,5.672505222561462,1.0,0.0,3,1041.0,347.0,183.0,483.0,109422.0,483.0,479.6457161301231,239.82285806506155,2,1.0,2.0,2,67.0,33.5,0.2463514563481202,0.0,0,0,0.0,0.0,0,0,0.0,0.0,0,0,0.0,0.0,0,0,0.0,0.0,0,0,0.0,0.0,0,0,0.0,0.0,0,0,0.0,483.0,1,1,483.0,183.0,1,1,183.0,0.0,0,0,0.0,0.0,0,0,0.0,0.0,0,0,0.0,0.0,0.0,0.0,0.0,0.0,0.0,0.0,0.4639769452449567,0.1757925072046109,0.0,0.0,0.0,0.8482330061348384,0.601452804155507,0.8708708708708709,,,,,,,,40.0,22.0,,,0.0,,,,,,,,3.3539000000000003,3.259636363636364,,,,,,,,,,,7.417103592233674,4.398072973475392,,,
S015,R015,PRO,1,Image_001,51821,75954,24133,2896,2869,27,7560.801,2867,51827,75953,1440.0,1080.0,4032.0,3024.0,2.63718207185211,2.606,0.8438800263561106,7.508250825082506,2.427735332446262,0.2481949244731424,2.424,zhidaoyu,2.5096414141414143,2.529,396.0,5.0820271371051415,3.044681692368524,0.9906767955801103,0.0093232044198895,69,21051.0,305.0869565217391,67.0,1525.0,51827.0,417.0,9958.620494620704,146.45030139148096,18,3.266332639970623,6.0,103,2607.0,25.310679611650485,5.532566941455947,0.0,0,0,0.0,0.0,0,0,0.0,0.0,0,0,0.0,0.0,0,0,0.0,1075.0,2,2,1075.0,0.0,0,0,0.0,0.0,0,0,0.0,392.0,2,2,392.0,258.0,1,1,258.0,0.0,0,0,0.0,1149.0,3,3,1149.0,1783.0,5,3,1783.0,0.0,0.0,0.0,0.0,0.0510664576504679,0.0,0.0,0.018621443161845,0.0122559498361123,0.0,0.0545817300840815,0.0846990641774737,2.0484605546234853,0.2708981042620156,0.7195798439624937,,,,,104.0,,,47.0,31.0,,138.0,214.0,,,,,2.646105769230769,,,3.0914042553191488,3.138516129032258,,2.613934782608695,2.6780280373831773,,,,,5.437603727783614,,,23.181114158365297,25.05834942582787,,4.15570797802447,6.709588959320333
S015,R015,PRO,2,Image_012,75954,103370,27416,3290,3213,77,7886.654,3198,75961,103370,1440.0,1080.0,4032.0,3024.0,2.4661207004377736,2.4945000000000004,0.1546581505362957,2.9084158415841768,2.427735332446262,0.2481949244731424,2.424,zhidaoyu,2.5096414141414143,2.529,396.0,-1.7341407205989114,-1.3641755634638013,0.9765957446808512,0.0234042553191489,88,23815.0,270.625,67.0,1325.0,75961.0,783.0,16369.028663376128,188.14975475144973,36,3.124767976291192,7.0,126,3047.0,24.182539682539684,9.093904812986738,0.0,0,0,0.0,0.0,0,0,0.0,0.0,0,0,0.0,0.0,0,0,0.0,5100.0,13,9,5100.0,0.0,0,0,0.0,0.0,0,0,0.0,0.0,0,0,0.0,1417.0,8,4,1417.0,350.0,2,2,350.0,2718.0,14,8,2718.0,0.0,0,0,0.0,0.0,0.0,0.0,0.0,0.2141507453285744,0.0,0.0,0.0,0.0595003149275666,0.0146966197774511,0.1141297501574637,0.0,1.5820306137628537,0.386710053011125,0.8018692401321509,,,,,612.0,,,,170.0,42.0,326.0,,,,,,2.5356928104575163,,,,2.461594117647059,2.678547619047619,2.434708588957055,,,,,,1.038052534888318,,,,-1.9145084323049768,6.730292381789931,-2.985798081037593,
S015,R015,PRO,3,Image_023,103370,123453,20083,2409,2292,117,5393.108,2251,103378,123445,1440.0,1080.0,960.0,720.0,2.3958720568636163,2.366,-0.128380045040339,-2.3927392739273854,2.427735332446262,0.2481949244731424,2.424,zhidaoyu,2.5096414141414143,2.529,396.0,-4.533291355359634,-6.445235270858039,0.9514321295143212,0.0485678704856787,57,15967.0,280.12280701754383,67.0,1475.0,103378.0,333.0,11933.57126557078,213.09948688519248,19,2.5637169871277954,8.0,99,2663.0,26.8989898989899,6.629761814205988,0.0,0,0,0.0,0.0,0,0,0.0,0.0,0,0,0.0,0.0,0,0,0.0,0.0,0,0,0.0,0.0,0,0,0.0,0.0,0,0,0.0,358.0,2,1,358.0,317.0,2,1,317.0,3125.0,7,4,3125.0,0.0,0,0,0.0,908.0,4,4,908.0,0.0,0.0,0.0,0.0,0.0,0.0,0.0,0.0224212438153692,0.0198534477359554,0.1957161645894657,0.0,0.0568672887831151,1.3951250217992803,0.4880944346072305,0.8255097706032285,,,,,,,,41.0,38.0,375.0,,107.0,,,,,,,,2.324707317073171,2.3292894736842107,2.425144,,2.336551401869159,,,,,,,,-7.368945062277437,-7.18636293778666,-3.366911849050839,,-6.897001750804789
S015,R015,PRO,4,Image_026,123453,143253,19800,2399,2376,0,6181.478,2373,123453,143245,1439.0,1080.0,1706.0,1280.0,2.6049211967973025,2.519,0.7138980167590583,3.919141914191427,2.427735332446262,0.2481949244731424,2.424,zhidaoyu,2.5096414141414143,2.529,396.0,3.79654966319102,-0.3954132068010987,0.9904126719466444,0.0,58,17606.0,303.55172413793105,67.0,850.0,123453.0,850.0,13866.25125233693,243.26756583047245,9,1.7527152789797045,0.0,93,2481.0,26.677419354838708,7.706897777514725,0.0,0,0,0.0,0.0,0,0,0.0,0.0,0,0,0.0,0.0,0,0,0.0,425.0,2,1,425.0,0.0,0,0,0.0,0.0,0,0,0.0,5840.0,18,4,5840.0,0.0,0,0,0.0,0.0,0,0,0.0,0.0,0,0,0.0,0.0,0,0,0.0,0.0,0.0,0.0,0.0,0.0241394978984437,0.0,0.0,0.3317051005339089,0.0,0.0,0.0,0.0,0.3578001371961106,0.8735293874111549,0.9053604682096302,,,,,51.0,,,629.0,0.0,,,,,,,,2.490058823529412,,,2.791890302066773,,,,,,,,,-0.7802943680183759,,,11.24658233383195,,,,
S015,R015,PRO,5,Image_027,143253,155136,11883,1426,1426,0,3563.312,1426,143254,155129,810.0,1080.0,1280.0,1706.0,2.4988162692847125,2.525,0.286391581090299,4.166666666666666,2.427735332446262,0.2481949244731424,2.424,zhidaoyu,2.5096414141414143,2.529,396.0,-0.4313422943893071,-0.158165282720443,1.0,0.0,26,11119.0,427.6538461538461,75.0,1392.0,143254.0,342.0,4150.831037872559,166.03324151490236,10,2.4464393446710155,1.0,34,859.0,25.264705882352946,3.0746896576833773,0.0,0,0,0.0,0.0,0,0,0.0,4934.0,8,3,4934.0,0.0,0,0,0.0,0.0,0,0,0.0,0.0,0,0,0.0,0.0,0,0,0.0,1693.0,7,2,1693.0,542.0,1,1,542.0,0.0,0,0,0.0,0.0,0,0,0.0,0.0,0,0,0.0,0.0,0.0,0.4437449410918248,0.0,0.0,0.0,0.0,0.1522618940552207,0.0487453907725514,0.0,0.0,0.0,1.1443456754623609,0.535161084457945,0.8521062909750314,,,584.0,,,,,203.0,65.0,,,,,,2.400820205479452,,,,,2.6227980295566504,2.670707692307692,,,,,,-4.336125792663951,,,,,4.508875840891744,6.417900073639848,,,
S015,R015,PRO,6,Image_028,155136,176919,21783,2614,2594,17,6132.904,2553,155137,176912,1620.0,1080.0,5472.0,3648.0,2.402234234234234,2.421,-0.1027462518267053,-0.1237623762376284,2.427735332446262,0.2481949244731424,2.424,zhidaoyu,2.5096414141414143,2.529,396.0,-4.279781936254254,-4.270462633451961,0.9923488905891354,0.0065034429992348,55,19915.0,362.09090909090907,67.0,2058.0,155137.0,742.0,14233.42503136413,263.58194502526163,20,2.665957320949176,1.0,74,2108.0,28.486486486486488,7.31044783134701,3241.0,3,3,3241.0,0.0,0,0,0.0,0.0,0,0,0.0,0.0,0,0,0.0,0.0,0,0,0.0,0.0,0,0,0.0,0.0,0,0,0.0,4566.0,8,4,4566.0,10698.0,30,9,10698.0,0.0,0,0,0.0,0.0,0,0,0.0,0.0,0,0,0.0,0.1627416520210896,0.0,0.0,0.0,0.0,0.0,0.0,0.2292744162691438,0.5371830278684409,0.0,0.0,0.0,1.3953989661796264,0.4257731550678848,0.8171620282806449,354.0,,,,,,,513.0,1223.0,,,,2.449813559322034,,,,,,,2.443107212475634,2.4345020441537204,,,,-2.3839204470511364,,,,,,,-2.651143756668629,-2.994028133433564,,,
S015,R015,PRO,7,Image_029,176919,198868,21949,2644,2465,169,5893.99,2395,176921,198863,1620.0,1080.0,6000.0,4000.0,2.460956158663883,2.46,0.1338497404334144,1.4851485148514865,2.427735332446262,0.2481949244731424,2.424,zhidaoyu,2.5096414141414143,2.529,396.0,-1.9399287564828216,-2.7283511269276377,0.9322995461422088,0.0639183055975794,63,16815.0,266.9047619047619,75.0,1233.0,176921.0,425.0,14010.676291864942,225.97864986878935,19,2.6292492238560343,2.0,122,2992.0,24.524590163934427,7.196041563283008,0.0,0,0,0.0,0.0,0,0,0.0,0.0,0,0,0.0,0.0,0,0,0.0,2950.0,5,2,2950.0,0.0,0,0,0.0,0.0,0,0,0.0,1458.0,7,4,1458.0,0.0,0,0,0.0,0.0,0,0,0.0,1849.0,9,4,1849.0,0.0,0,0,0.0,0.0,0.0,0.0,0.0,0.175438596491228,0.0,0.0,0.0867082961641391,0.0,0.0,0.1099613440380612,0.0,1.5208363740517594,0.3639092507904651,0.7897421554525598,,,,,354.0,,,175.0,0.0,,222.0,,,,,,2.515488700564972,,,2.4648742857142856,,,2.221981981981982,,,,,,0.2329929045085478,,,-1.7838057730030012,,,-11.462172664928104,
S015,R015,PRO,8,Image_030,198868,223418,24550,2946,2851,95,6567.937,2839,198871,223413,1920.0,1079.0,2275.0,1279.0,2.313468474815076,2.307,-0.4603915969423913,-4.826732673267327,2.427735332446262,0.2481949244731424,2.424,zhidaoyu,2.5096414141414143,2.529,396.0,-7.816771679847832,-8.778173190984578,0.9677528852681602,0.0322471147318397,79,19324.0,244.6075949367089,67.0,1008.0,198871.0,325.0,18416.525586476,236.10930239071797,31,2.8048675851258853,3.0,137,3607.0,26.32846715328467,8.361960930492451,67.0,1,1,67.0,0.0,0,0,0.0,0.0,0,0,0.0,0.0,0,0,0.0,0.0,0,0,0.0,0.0,0,0,0.0,0.0,0,0,0.0,5648.0,22,10,5648.0,3132.0,15,9,3132.0,0.0,0,0,0.0,0.0,0,0,0.0,0.0,0,0,0.0,0.003467191057752,0.0,0.0,0.0,0.0,0.0,0.0,0.2922790312564686,0.1620782446698406,0.0,0.0,0.0,0.9970449747421068,0.532951730860776,0.8551392185674993,8.0,,,,,0.0,,678.0,376.0,,,,2.26575,,,,,,,2.395343657817109,2.3431329787234043,,,,-9.718177775005095,,,,,,,-4.554346118144869,-6.634750067470296,,,
S015,R015,PRO,9,Image_031,223418,240451,17033,2050,1976,68,4547.372,1833,223421,240447,1621.0,1080.0,2731.0,1820.0,2.480835788325149,2.403,0.2139465824758787,-0.8663366336633626,2.427735332446262,0.2481949244731424,2.424,zhidaoyu,2.5096414141414143,2.529,396.0,-1.147798472480963,-4.982206405693946,0.9639024390243902,0.033170731707317,52,13366.0,257.03846153846155,67.0,817.0,223421.0,433.0,8161.705957363764,160.03345014438753,16,1.811278124459133,3.0,104,2463.0,23.682692307692307,4.1901535143484265,0.0,0,0,0.0,0.0,0,0,0.0,692.0,2,2,692.0,0.0,0,0,0.0,0.0,0,0,0.0,0.0,0,0,0.0,0.0,0,0,0.0,0.0,0,0,0.0,2600.0,11,6,2600.0,0.0,0,0,0.0,0.0,0,0,0.0,0.0,0,0,0.0,0.0,0.0,0.0517731557683675,0.0,0.0,0.0,0.0,0.0,0.1945234176268143,0.0,0.0,0.0,0.7418773889192753,0.6679604741565768,0.8816322397731875,,,83.0,,,,,,289.0,0.0,,,,,2.396,,,,,,2.749349480968858,,,,,,-4.528193290924505,,,,,,9.551486737377244,,,
S015,R015,PRO,10,Image_002,240451,256184,15733,1888,1772,116,3729.653,1663,240455,256180,810.0,1080.0,3072.0,4096.0,2.242725796752856,2.235,-0.7454203025550821,-7.7970297029703,2.427735332446262,0.2481949244731424,2.424,zhidaoyu,2.5096414141414143,2.529,396.0,-10.635607775857247,-11.625148279952551,0.9385593220338984,0.0614406779661017,49,10710.0,218.57142857142856,67.0,717.0,240747.0,125.0,5089.696019632796,106.0353337423499,7,2.5216406363433186,296.0,128,2474.0,19.328125,3.7701451997279967,0.0,0,0,0.0,0.0,0,0,0.0,0.0,0,0,0.0,0.0,0,0,0.0,0.0,0,0,0.0,0.0,0,0,0.0,0.0,0,0,0.0,0.0,0,0,0.0,834.0,5,1,834.0,566.0,3,3,566.0,5458.0,22,2,5458.0,0.0,0,0,0.0,0.0,0.0,0.0,0.0,0.0,0.0,0.0,0.0,0.0778711484593837,0.0528478057889822,0.5096171802054155,0.0,0.9288449650840808,0.6549916776102414,0.8688879167881792,,,,,,,,,100.0,68.0,655.0,,,,,,,,,,2.54125,2.312235294117647,2.114775572519084,,,,,,,,,,1.259486143338102,-7.865909404882168,-15.73395463580281,
S015,R015,PRO,11,Image_003,256184,274467,18283,2194,2077,117,4146.806,1871,256189,274464,1620.0,1080.0,5472.0,3648.0,2.216358097274185,2.203,-0.8516581699677346,-9.11716171617162,2.427735332446262,0.2481949244731424,2.424,zhidaoyu,2.5096414141414143,2.529,396.0,-11.686263830945174,-12.890470541716097,0.9466727438468552,0.0533272561531449,60,13756.0,229.26666666666668,67.0,1133.0,256189.0,83.0,8935.524407598698,151.4495662304864,17,2.542482693809727,5.0,109,2455.0,22.522935779816518,4.58938624284289,0.0,0,0,0.0,0.0,0,0,0.0,0.0,0,0,0.0,0.0,0,0,0.0,0.0,0,0,0.0,0.0,0,0,0.0,0.0,0,0,0.0,3833.0,21,6,3833.0,6090.0,23,6,6090.0,0.0,0,0,0.0,0.0,0,0,0.0,0.0,0,0,0.0,0.0,0.0,0.0,0.0,0.0,0.0,0.0,0.2786420471067171,0.4427159057865659,0.0,0.0,0.0,0.9623530940394368,0.5258670641293599,0.8522876146326716,,,,,0.0,,,401.0,715.0,,,0.0,,,,,,,,2.167780548628429,2.271434965034965,,,,,,,,,,,-13.62190086546452,-9.49165278211442,,,
S015,R015,PRO,12,Image_004,274467,294183,19716,2366,2254,112,4785.213,2125,274472,294181,1439.0,1080.0,1706.0,1280.0,2.2518649411764704,2.255,-0.7085978556697786,-6.971947194719474,2.427735332446262,0.2481949244731424,2.424,zhidaoyu,2.5096414141414143,2.529,396.0,-10.271446411125352,-10.834321866350336,0.9526627218934912,0.0473372781065088,64,14392.0,224.875,67.0,717.0,274472.0,325.0,11730.45004020421,186.19761968578112,27,2.5916885408091463,5.0,130,3145.0,24.192307692307693,6.519814021750182,0.0,0,0,0.0,0.0,0,0,0.0,358.0,2,1,358.0,0.0,0,0,0.0,1301.0,6,5,1301.0,0.0,0,0,0.0,0.0,0,0,0.0,0.0,0,0,0.0,6008.0,32,12,6008.0,0.0,0,0,0.0,0.0,0,0,0.0,0.0,0,0,0.0,0.0,0.0,0.0248749305169538,0.0,0.0903974430239021,0.0,0.0,0.0,0.4174541411895497,0.0,0.0,0.0,0.9163136600051074,0.6450317370417095,0.8728207469240468,,,43.0,,153.0,,,0.0,672.0,,,,,,2.201581395348837,,2.3477712418300656,,,,2.2072395833333336,,,,,,-12.27506117235354,,-6.449932305039161,,,,-12.049603146652602,,,
S015,R015,PRO,13,Image_005,294183,310533,16350,1962,1842,120,4087.079,1698,294189,310531,1920.0,1080.0,960.0,540.0,2.4069958775029443,2.406,-0.0835611565681383,-0.7425742574257341,2.427735332446262,0.2481949244731424,2.424,zhidaoyu,2.5096414141414143,2.529,396.0,-4.090047927169171,-4.863582443653609,0.9388379204892966,0.0611620795107033,56,12351.0,220.55357142857144,75.0,642.0,294281.0,183.0,11856.230966609268,215.56783575653213,18,2.6416041678685938,98.0,88,2593.0,29.46590909090909,5.382083788018327,0.0,0,0,0.0,0.0,0,0,0.0,0.0,0,0,0.0,0.0,0,0,0.0,0.0,0,0,0.0,0.0,0,0,0.0,1285.0,6,6,1285.0,1000.0,6,4,1000.0,0.0,0,0,0.0,0.0,0,0,0.0,0.0,0,0,0.0,575.0,2,2,575.0,0.0,0.0,0.0,0.0,0.0,0.0,0.1040401586916039,0.0809651040401586,0.0,0.0,0.0,0.0465549348230912,1.5139830448966154,0.3645471661205927,0.7913752913752914,,,,,0.0,,136.0,120.0,,,,69.0,,,,,,,2.462125,2.3459166666666667,,,,2.444855072463768,,,,,,,-1.8933547188720767,-6.523830319032263,,,,-2.5814979507664355
S015,R015,PRO,14,Image_006,310533,327666,17133,2056,1875,181,2887.437,1353,310539,327665,1439.0,1080.0,1706.0,1280.0,2.13409977827051,2.152,-1.1830844438058876,-11.221122112211212,2.427735332446262,0.2481949244731424,2.424,zhidaoyu,2.5096414141414143,2.529,396.0,-14.963955956209102,-14.907077896401733,0.9119649805447472,0.0880350194552529,60,10002.0,166.7,67.0,808.0,310539.0,150.0,7608.915082830653,128.96466242085853,13,1.6143308351592656,6.0,165,3629.0,21.993939393939392,4.2290543906943,0.0,0,0,0.0,0.0,0,0,0.0,0.0,0,0,0.0,0.0,0,0,0.0,0.0,0,0,0.0,0.0,0,0,0.0,0.0,0,0,0.0,0.0,0,0,0.0,358.0,2,1,358.0,0.0,0,0,0.0,2535.0,15,6,2535.0,0.0,0,0,0.0,0.0,0.0,0.0,0.0,0.0,0.0,0.0,0.0,0.0357928414317136,0.0,0.2534493101379724,0.0,0.5400363738806762,0.7831326769540026,0.8960421707569997,,,,,0.0,,,,34.0,,246.0,,,,,,,,,,1.9223823529411763,,2.170516260162602,,,,,,,,,,-23.40011835520127,,-13.512892800855864,
S015,R015,PRO,15,Image_007,327666,340616,12950,1554,1537,17,4062.767,1529,327673,340615,1439.0,1080.0,1706.0,1280.0,2.657139960758666,2.662,0.9242921820394768,9.81848184818482,2.427735332446262,0.2481949244731424,2.424,zhidaoyu,2.5096414141414143,2.529,396.0,5.877275764821288,5.258995650454726,0.989060489060489,0.0109395109395109,42,11216.0,267.04761904761904,67.0,1392.0,327673.0,350.0,9520.085273978932,232.1972018043642,14,2.148834854280917,7.0,61,1591.0,26.081967213114755,5.2912876526316746,0.0,0,0,0.0,0.0,0,0,0.0,0.0,0,0,0.0,0.0,0,0,0.0,0.0,0,0,0.0,0.0,0,0,0.0,0.0,0,0,0.0,2717.0,9,6,2717.0,1208.0,3,2,1208.0,0.0,0,0,0.0,0.0,0,0,0.0,0.0,0,0,0.0,0.0,0.0,0.0,0.0,0.0,0.0,0.0,0.2422432239657632,0.1077032810271041,0.0,0.0,0.0,0.8905833332758292,0.5739042070672238,0.8653715498938429,0.0,,,,,,,326.0,145.0,,,,,,,,,,,2.8835306748466256,2.879441379310345,,,,,,,,,,,14.898114870053035,14.73517145059724,,,
S015,R015,PRO,16,Image_008,340616,366416,25800,3096,2799,297,7058.725,2771,340623,366415,1440.0,1080.0,4096.0,3072.0,2.547356549981956,2.565,0.4819648016155894,5.816831683168318,2.427735332446262,0.2481949244731424,2.424,zhidaoyu,2.5096414141414143,2.529,396.0,1.5028097491547323,1.4234875444839872,0.9040697674418604,0.0959302325581395,58,20066.0,345.9655172413793,67.0,1350.0,340623.0,400.0,18654.130069978302,327.2654398241808,13,0.9957274520849256,7.0,96,2893.0,30.135416666666668,10.36340559443239,0.0,0,0,0.0,0.0,0,0,0.0,0.0,0,0,0.0,0.0,0,0,0.0,0.0,0,0,0.0,0.0,0,0,0.0,0.0,0,0,0.0,0.0,0,0,0.0,0.0,0,0,0.0,0.0,0,0,0.0,7575.0,24,7,7575.0,0.0,0,0,0.0,0.0,0.0,0.0,0.0,0.0,0.0,0.0,0.0,0.0,0.0,0.3775042360211302,0.0,-0.0,1.0,0.9166666666666666,,,,,,,,,0.0,,896.0,,,,,,,,,,,,2.532340401785714,,,,,,,,,,,,0.9044713526161444,
S015,R015,PRO,17,Image_009,366416,387932,21516,2581,2498,83,6451.416,2462,366423,387924,1440.0,1080.0,4032.0,3024.0,2.620396425670187,2.574,0.776249126096748,6.188118811881185,2.427735332446262,0.2481949244731424,2.424,zhidaoyu,2.5096414141414143,2.529,396.0,4.413180739873298,1.7793594306049796,0.9678419217357612,0.0321580782642386,59,18275.0,309.7457627118644,75.0,717.0,366423.0,342.0,12385.83240680527,213.54883460009088,20,2.628212945841001,7.0,96,2233.0,23.260416666666668,6.881018003780706,0.0,0,0,0.0,0.0,0,0,0.0,0.0,0,0,0.0,0.0,0,0,0.0,975.0,2,1,975.0,0.0,0,0,0.0,0.0,0,0,0.0,358.0,1,1,358.0,1617.0,7,6,1617.0,0.0,0,0,0.0,0.0,0,0,0.0,1808.0,7,3,1808.0,0.0,0.0,0.0,0.0,0.0533515731874145,0.0,0.0,0.0195896032831737,0.0884815321477428,0.0,0.0,0.0989329685362517,1.809059340017984,0.3075434466603094,0.7540983606557377,,,,,117.0,,,43.0,166.0,,,217.0,,,,,2.5671538461538463,,,2.8308837209302324,2.630686746987952,,,2.492852534562212,,,,,2.291659345767846,,,12.80032697016677,4.823212279031861,,,-0.6689752362468927
S015,R015,PRO,18,Image_010,387932,407198,19266,2312,2097,215,4542.107,2003,387932,407191,1440.0,1080.0,1600.0,1200.0,2.267652021967049,2.288,-0.6449902664973117,-5.610561056105616,2.427735332446262,0.2481949244731424,2.424,zhidaoyu,2.5096414141414143,2.529,396.0,-9.642389180015702,-9.529458283906688,0.9070069204152248,0.092993079584775,63,13176.0,209.14285714285717,67.0,550.0,387932.0,400.0,15213.409035994006,245.3775650966775,13,2.199687794731328,0.0,122,3263.0,26.74590163934426,8.451893908885559,0.0,0,0,0.0,0.0,0,0,0.0,0.0,0,0,0.0,0.0,0,0,0.0,0.0,0,0,0.0,0.0,0,0,0.0,0.0,0,0,0.0,0.0,0,0,0.0,350.0,3,3,350.0,4984.0,21,4,4984.0,0.0,0,0,0.0,0.0,0,0,0.0,0.0,0.0,0.0,0.0,0.0,0.0,0.0,0.0,0.0265634486945962,0.3782635094110504,0.0,0.0,0.3493492710408135,0.877377532532843,0.9057305336832896,,,,,,,,0.0,42.0,598.0,0.0,,,,,,,,,,2.2652380952380957,2.3357859531772576,,,,,,,,,,,-9.738575301082726,-6.927502071989646,,
S015,R015,PRO,19,Image_011,407198,426148,18950,2274,1804,470,3758.245,1558,407199,426141,1440.0,1080.0,960.0,720.0,2.4122240051347883,2.461,-0.062496553240967,1.5264026402640232,2.427735332446262,0.2481949244731424,2.424,zhidaoyu,2.5096414141414143,2.529,396.0,-3.8817262282051535,-2.6888098062475314,0.793315743183817,0.2066842568161829,48,10718.0,223.29166666666663,75.0,617.0,407199.0,142.0,10622.347165678502,226.00738650379796,17,1.5197284615795614,1.0,105,3010.0,28.666666666666668,5.901303980932501,0.0,0,0,0.0,0.0,0,0,0.0,0.0,0,0,0.0,0.0,0,0,0.0,0.0,0,0,0.0,0.0,0,0,0.0,0.0,0,0,0.0,0.0,0,0,0.0,275.0,1,1,275.0,0.0,0,0,0.0,0.0,0,0,0.0,1984.0,11,8,1984.0,0.0,0.0,0.0,0.0,0.0,0.0,0.0,0.0,0.0256577719723829,0.0,0.0,0.1851091621571188,0.5343283928783139,0.786168395132274,0.8963774531503615,,,,,,,,0.0,33.0,,,219.0,,,,,,,,,2.4845757575757577,,,2.400986301369864,,,,,,,,,-0.9987744234859928,,,-4.329507481000965
S015,R015,PRO,20,Image_013,426148,462297,36149,4338,3806,532,7877.475,3289,426149,462291,1920.0,1080.0,3840.0,2160.0,2.3950972940103377,2.395,-0.131501635278025,-1.1963696369636927,2.427735332446262,0.2481949244731424,2.424,zhidaoyu,2.5096414141414143,2.529,396.0,-4.564162811692516,-5.298536971134832,0.8773628400184417,0.1226371599815583,91,24192.0,265.84615384615387,67.0,1933.0,426349.0,83.0,18712.02934490385,207.91143716559836,24,3.153107168362812,201.0,215,4929.0,22.92558139534884,8.494243243216095,0.0,0,0,0.0,0.0,0,0,0.0,0.0,0,0,0.0,0.0,0,0,0.0,1483.0,4,4,1483.0,0.0,0,0,0.0,0.0,0,0,0.0,492.0,2,2,492.0,6265.0,22,6,6265.0,0.0,0,0,0.0,0.0,0,0,0.0,792.0,4,4,792.0,0.0,0.0,0.0,0.0,0.0613012566137566,0.0,0.0,0.0203373015873015,0.2589699074074074,0.0,0.0,0.0327380952380952,1.330643466506952,0.5187593261553646,0.8328351048125184,,,,,178.0,,,59.0,751.0,,0.0,95.0,,,,,2.1039101123595505,,,2.428372881355932,2.657948069241012,,,2.2813263157894736,,,,,-16.16690334705329,,,-3.238252776972333,5.909475922094449,,,-9.09751875568449
S015,R015,PRO,21,Image_014,462297,484530,22233,2668,2581,87,5607.278,2491,462300,484525,1440.0,1080.0,4032.0,3024.0,2.2510148534725007,2.26,-0.7120229366047501,-6.765676567656771,2.427735332446262,0.2481949244731424,2.424,zhidaoyu,2.5096414141414143,2.529,396.0,-10.305319286316989,-10.636615262949787,0.967391304347826,0.0326086956521739,70,16663.0,238.04285714285717,67.0,1633.0,462308.0,183.0,9249.737042174882,134.05416003152004,30,3.485917579505496,11.0,151,3220.0,21.32450331125828,5.138742801208267,0.0,0,0,0.0,0.0,0,0,0.0,2000.0,6,3,2000.0,0.0,0,0,0.0,1132.0,6,3,1132.0,2516.0,4,1,2516.0,0.0,0,0,0.0,2466.0,8,6,2466.0,1907.0,16,4,1907.0,0.0,0,0,0.0,0.0,0,0,0.0,0.0,0,0,0.0,0.0,0.0,0.120026405809278,0.0,0.0679349456880513,0.1509932185080717,0.0,0.1479925583628398,0.1144451779391466,0.0,0.0,0.0,2.2732861117609744,0.2124018256402598,0.638667132355387,,,240.0,,136.0,302.0,,275.0,229.0,,,,,,2.348720833333333,,2.1330735294117646,2.375453642384106,,2.3182145454545453,2.1614847161572053,,,,,,-6.412094568623242,,-15.004848206909235,-5.34689023703475,,-7.627658182886616,-13.872766683814014,,,
S015,R015,PRO,22,Image_015,484530,507896,23366,2804,2682,121,6527.957,2564,484533,507892,1440.0,1080.0,4032.0,3024.0,2.546005070202808,2.554,0.4765195662546451,5.363036303630358,2.427735332446262,0.2481949244731424,2.424,zhidaoyu,2.5096414141414143,2.529,396.0,1.448958239870071,0.9885330170027644,0.956490727532097,0.0431526390870185,67,18043.0,269.2985074626866,67.0,1308.0,484533.0,233.0,10613.300235604906,160.80757932734704,31,2.8634626357696686,3.0,131,3125.0,23.85496183206107,5.896277908669392,0.0,0,0,0.0,0.0,0,0,0.0,0.0,0,0,0.0,0.0,0,0,0.0,1284.0,6,5,1284.0,0.0,0,0,0.0,0.0,0,0,0.0,0.0,0,0,0.0,2725.0,12,9,2725.0,0.0,0,0,0.0,609.0,4,4,609.0,0.0,0,0,0.0,0.0,0.0,0.0,0.0,0.0711633320401263,0.0,0.0,0.0,0.1510280995399878,0.0,0.0337527018788449,0.0,1.3479382091549634,0.4428957919947572,0.8263678360040422,,,,,154.0,,,,297.0,0.0,73.0,,,,,,2.320792207792208,,,,2.739535353535354,,2.176561643835617,,,,,,-7.524947798720263,,,,9.160429776880688,,-13.272006447970936,
S015,R015,PRO,23,Image_016,507896,537779,29883,3586,3525,61,8448.993,3473,507900,537776,1440.0,1080.0,4032.0,3024.0,2.432765044630002,2.466,0.0202651693801461,1.7326732673267435,2.427735332446262,0.2481949244731424,2.424,zhidaoyu,2.5096414141414143,2.529,396.0,-3.0632411896865426,-2.4911032028469644,0.982989403234802,0.0170105967651979,101,24775.0,245.2970297029703,67.0,733.0,507900.0,300.0,14485.663500107876,144.85663500107876,18,1.9910760598382224,4.0,165,3549.0,21.509090909090908,8.047590833393265,0.0,0,0,0.0,0.0,0,0,0.0,0.0,0,0,0.0,0.0,0,0,0.0,0.0,0,0,0.0,0.0,0,0,0.0,0.0,0,0,0.0,0.0,0,0,0.0,3316.0,15,5,3316.0,0.0,0,0,0.0,5009.0,18,4,5009.0,0.0,0,0,0.0,0.0,0.0,0.0,0.0,0.0,0.0,0.0,0.0,0.1338446014127144,0.0,0.2021796165489404,0.0,0.9699583697041564,0.5206783287792297,0.8502802802802802,,,,,,,,,396.0,,601.0,,,,,,,,,,2.1901742424242423,,2.5200632279534108,,,,,,,,,,-12.729594352285842,,0.4152710324778382,
S015,R015,PRO,24,Image_017,537779,562762,24983,2998,2261,737,4399.472,1910,537784,562759,1440.0,1080.0,4032.0,3024.0,2.3033884816753925,2.295,-0.501004809162909,-5.321782178217823,2.427735332446262,0.2481949244731424,2.424,zhidaoyu,2.5096414141414143,2.529,396.0,-8.218422413011703,-9.252669039145909,0.7541694462975317,0.2458305537024683,62,12425.0,200.4032258064516,67.0,658.0,537784.0,250.0,11879.02279223827,194.7380785612831,22,1.962354483657865,5.0,171,4004.0,23.41520467836257,6.599457106799038,0.0,0,0,0.0,0.0,0,0,0.0,0.0,0,0,0.0,0.0,0,0,0.0,1109.0,7,3,1109.0,0.0,0,0,0.0,0.0,0,0,0.0,0.0,0,0,0.0,0.0,0,0,0.0,0.0,0,0,0.0,7926.0,35,11,7926.0,0.0,0,0,0.0,0.0,0.0,0.0,0.0,0.0892555331991951,0.0,0.0,0.0,0.0,0.0,0.6379074446680081,0.0,0.5371998091468069,0.7846428495958502,0.8962091864969562,,,,,133.0,,,,0.0,,989.0,,,,,,2.4197894736842103,,,,,,2.3329737108190094,,,,,,-3.580270071688457,,,,,,-7.039559609070508,
S015,R015,PRO,25,Image_018,562762,616495,53733,6448,6326,122,8821.319,3516,562768,616494,1440.0,1080.0,3648.0,2736.0,2.5089075654152446,2.562,0.3270503340924143,5.693069306930689,2.427735332446262,0.2481949244731424,2.424,zhidaoyu,2.5096414141414143,2.529,396.0,-0.0292411785219412,1.3048635824436503,0.9810794044665012,0.0189205955334987,162,41873.0,258.4753086419753,67.0,1308.0,563226.0,67.0,28398.342372265128,176.3872197035101,47,3.4723657907634284,464.0,345,7125.0,20.65217391304348,15.776856873480629,0.0,0,0,0.0,9383.0,28,10,9383.0,3576.0,12,4,3576.0,0.0,0,0,0.0,0.0,0,0,0.0,0.0,0,0,0.0,0.0,0,0,0.0,0.0,0,0,0.0,5551.0,23,8,5551.0,0.0,0,0,0.0,4266.0,16,7,4266.0,0.0,0,0,0.0,0.0,0.2240823442313662,0.0854010937835837,0.0,0.0,0.0,0.0,0.0,0.1325675256131636,0.0,0.1018794927518926,0.0,1.895465252650404,0.2888519066403681,0.7351085938414705,,835.0,296.0,,,,,,537.0,,298.0,,,2.382661077844311,2.5853783783783784,,,,,,2.56163687150838,,2.668996644295302,,,-5.059700385146258,3.0178400711033384,,,,,,2.071828153376001,,6.349721089871537,
S015,R015,PRO,26,Image_019,616495,634061,17566,2108,1950,157,3036.96,1353,616502,634060,1439.0,1080.0,1706.0,1280.0,2.244611973392461,2.291,-0.7378207247490134,-5.486798679867987,2.427735332446262,0.2481949244731424,2.424,zhidaoyu,2.5096414141414143,2.529,396.0,-10.560450559014368,-9.41083432186635,0.9250474383301708,0.0744781783681214,55,9727.0,176.85454545454544,67.0,683.0,616502.0,292.0,9734.67894435573,180.2718323028839,14,2.378783493486176,7.0,183,4091.0,22.3551912568306,5.410559361415759,0.0,0,0,0.0,0.0,0,0,0.0,0.0,0,0,0.0,0.0,0,0,0.0,1866.0,10,4,1866.0,0.0,0,0,0.0,0.0,0,0,0.0,0.0,0,0,0.0,225.0,2,1,225.0,0.0,0,0,0.0,642.0,3,3,642.0,0.0,0,0,0.0,0.0,0.0,0.0,0.0,0.1918371543127377,0.0,0.0,0.0,0.0231314896679346,0.0,0.0660018505191734,0.0,1.16338764347464,0.5281285809131231,0.8500731796560557,,,,,224.0,,,,0.0,,35.0,,,,,,2.2628035714285715,,,,,,2.3628,,,,,,-9.83558214021941,,,,,,-5.851091447327383,
S015,R015,PRO,27,Image_020,634061,649127,15066,1819,1475,344,2992.802,1356,634069,649127,1439.0,1080.0,1706.0,1280.0,2.2070811209439527,2.156,-0.8890359541828037,-11.056105610561048,2.427735332446262,0.2481949244731424,2.424,zhidaoyu,2.5096414141414143,2.529,396.0,-12.055917291314383,-14.74891261368129,0.8108851017042331,0.1891148982957669,46,9017.0,196.0217391304348,67.0,667.0,634069.0,225.0,8107.402510606553,180.1645002357012,16,3.1556390622295662,8.0,106,2568.0,24.22641509433962,4.506114973207374,2492.0,9,5,2492.0,0.0,0,0,0.0,0.0,0,0,0.0,0.0,0,0,0.0,0.0,0,0,0.0,0.0,0,0,0.0,0.0,0,0,0.0,3767.0,18,4,3767.0,5000.0,26,6,5000.0,0.0,0,0,0.0,0.0,0,0,0.0,0.0,0,0,0.0,0.2763668625928801,0.0,0.0,0.0,0.0,0.0,0.0,0.4177664411666851,0.5545081512698237,0.0,0.0,0.0,1.5301148458194398,0.3581455763831366,0.7871258548716582,279.0,,,,,,,445.0,560.0,,,,2.3561433691756277,,,,,,,2.1017168539325843,2.3330357142857143,,,,-6.116333755924289,,,,,,,-16.25429664613608,-7.037088998474286,,,
S015,R015,PRO,28,Image_021,649127,669160,20033,2434,2401,0,6157.9710000000005,2372,649136,669153,1440.0,1080.0,4032.0,3024.0,2.596109190556492,2.589,0.678393639465622,6.806930693069309,2.427735332446262,0.2481949244731424,2.424,zhidaoyu,2.5096414141414143,2.529,396.0,3.4454235544506973,2.372479240806645,0.9864420706655712,0.0,65,15958.0,245.5076923076923,75.0,742.0,649136.0,192.0,18264.21876297405,285.37841817146955,15,1.562806631693174,9.0,114,2940.0,25.789473684210527,10.146788201652251,0.0,0,0,0.0,0.0,0,0,0.0,0.0,0,0,0.0,0.0,0,0,0.0,0.0,0,0,0.0,0.0,0,0,0.0,0.0,0,0,0.0,367.0,1,1,367.0,3917.0,18,7,3917.0,0.0,0,0,0.0,0.0,0,0,0.0,0.0,0,0,0.0,0.0,0.0,0.0,0.0,0.0,0.0,0.0,0.0229978694071938,0.245456824163429,0.0,0.0,0.0,0.4218410646285162,0.8433426747605359,0.9023887332710864,,,,0.0,,,,44.0,466.0,,,,,,,,,,,2.441977272727273,2.681530042918455,,,,,,,,,,,-2.6961677087756524,6.849131027583331,,,
S015,R015,PRO,29,Image_022,669160,689627,20467,2456,2456,0,5854.852,2456,669161,689620,1620.0,1080.0,5472.0,3648.0,2.383897394136808,2.398,-0.1766270539275181,-1.0726072607260828,2.427735332446262,0.2481949244731424,2.424,zhidaoyu,2.5096414141414143,2.529,396.0,-5.010437718156058,-5.179913009094514,1.0,0.0,67,18360.0,274.02985074626866,67.0,1175.0,669161.0,167.0,9687.835961793244,146.7853933605037,19,2.3598063039211006,1.0,96,2023.0,21.072916666666668,4.975781952781984,0.0,0,0,0.0,0.0,0,0,0.0,0.0,0,0,0.0,0.0,0,0,0.0,0.0,0,0,0.0,0.0,0,0,0.0,0.0,0,0,0.0,1659.0,6,4,1659.0,3091.0,9,7,3091.0,0.0,0,0,0.0,0.0,0,0,0.0,0.0,0,0,0.0,0.0,0.0,0.0,0.0,0.0,0.0,0.0,0.090359477124183,0.168355119825708,0.0,0.0,0.0,0.9334082708158736,0.545443191135734,0.8584561403508771,,,,,,,,199.0,371.0,,,,,,,,,,,2.6229597989949744,2.555501347708895,,,,,,,,,,,4.5153217593170805,1.8273500472644264,,,
S015,R015,PRO,30,Image_024,689627,726743,37116,4454,4148,306,9504.823,3929,689628,726737,1440.0,1080.0,4032.0,3024.0,2.4191455841180964,2.339,-0.0346088798810021,-3.506600660066005,2.427735332446262,0.2481949244731424,2.424,zhidaoyu,2.5096414141414143,2.529,396.0,-3.605926707831199,-7.512850929221034,0.931297709923664,0.0687022900763358,107,27985.0,261.5420560747664,67.0,900.0,689628.0,458.0,16240.244783320204,153.209856446417,40,3.956198332810095,1.0,205,4783.0,23.33170731707317,9.02235821295567,0.0,0,0,0.0,0.0,0,0,0.0,0.0,0,0,0.0,0.0,0,0,0.0,2709.0,7,6,2709.0,2208.0,7,3,2208.0,0.0,0,0,0.0,5800.0,17,6,5800.0,4742.0,20,9,4742.0,0.0,0,0,0.0,0.0,0,0,0.0,1084.0,6,4,1084.0,0.0,0.0,0.0,0.0,0.0968018581382883,0.0788994103984277,0.0,0.2072538860103626,0.1694479185277827,0.0,0.0,0.0387350366267643,2.119753292084003,0.2540115808973136,0.7038878478309053,,,,,325.0,256.0,,696.0,560.0,,,129.0,,,,,2.357203076923077,2.195546875,,2.7494094827586206,2.504701785714286,,,2.550441860465116,,,,,-6.074108291302993,-12.515514661638244,,9.553877588493435,-0.1968260644446801,,,1.6257480488566285
S015,R015,PRO,31,Image_025,726743,756142,29399,3528,3447,81,8512.572,3422,726745,756137,1620.0,1080.0,5472.0,3648.0,2.4876014026884863,2.476,0.241205860149258,2.1452145214521474,2.427735332446262,0.2481949244731424,2.424,zhidaoyu,2.5096414141414143,2.529,396.0,-0.8782135698246044,-2.095689996045865,0.9770408163265306,0.0229591836734693,86,23539.0,273.7093023255814,67.0,767.0,726745.0,183.0,21634.39427257444,254.52228555969933,28,3.270942421748537,2.0,154,4064.0,26.38961038961039,11.111669211306497,0.0,0,0,0.0,0.0,0,0,0.0,0.0,0,0,0.0,0.0,0,0,0.0,0.0,0,0,0.0,0.0,0,0,0.0,0.0,0,0,0.0,5025.0,17,9,5025.0,2883.0,11,6,2883.0,0.0,0,0,0.0,0.0,0,0,0.0,1332.0,6,4,1332.0,0.0,0.0,0.0,0.0,0.0,0.0,0.0,0.2134755087301924,0.1224775903819193,0.0,0.0,0.0565869408216151,1.4049989001561425,0.4138853516613256,0.8166125541125541,,,,,,,,603.0,338.0,,,160.0,,,,,,,,2.557049751243781,2.4517396449704143,,,2.5074750000000003,,,,,,,,1.8890482455074524,-2.3071730026741304,,,-0.086323652821736
S016,R016,PRO,1,Image_001,61161,97394,36233,4348,4258,90,10557.922,4253,61167,97393,1440.0,1080.0,4032.0,3024.0,2.482464613214202,2.493,0.74723418349725,4.396984924623116,2.3854061632831898,0.1298902701115108,2.388,zhidaoyu,2.2725998890122088,2.317,1802.0,9.23456545151955,7.596029348295197,0.9793008279668812,0.0206991720331186,94,32534.0,346.1063829787234,133.0,2192.0,61209.0,150.0,21014.387821896387,225.96115937523,26,3.0381596816459524,48.0,104,3063.0,29.45192307692308,11.674659901053548,0.0,0,0,0.0,0.0,0,0,0.0,0.0,0,0,0.0,0.0,0,0,0.0,2192.0,1,1,2192.0,0.0,0,0,0.0,0.0,0,0,0.0,1900.0,6,5,1900.0,1350.0,4,3,1350.0,0.0,0,0,0.0,3773.0,12,5,3773.0,0.0,0,0,0.0,0.0,0.0,0.0,0.0,0.0673756685313825,0.0,0.0,0.0584004426138808,0.0414950513309153,0.0,0.1159709842011434,0.0,1.8959252377161908,0.2882004351936276,0.7350425031651293,,,,,263.0,,,228.0,162.0,,453.0,0.0,,,,,2.481977186311787,,,2.5091973684210527,2.5753395061728392,,2.4546600441501103,,,,,,9.213117465678684,,,10.410872611266456,13.321289797836652,,8.011095838653517,
S016,R016,PRO,2,Image_012,97394,135643,38249,4589,4329,260,10401.272,4297,97401,135635,1440.0,1080.0,4032.0,3024.0,2.4205892483127767,2.436,0.2708677485956584,2.010050251256283,2.3854061632831898,0.1298902701115108,2.388,zhidaoyu,2.2725998890122088,2.317,1802.0,6.511896793451479,5.13595166163141,0.943342776203966,0.0566572237960339,138,32384.0,234.66666666666663,67.0,1100.0,97401.0,575.0,31890.86028671822,232.7800020928337,48,2.8905698309204864,7.0,149,4261.0,28.59731543624161,17.717144603732343,0.0,0,0,0.0,0.0,0,0,0.0,0.0,0,0,0.0,0.0,0,0,0.0,4760.0,12,8,4760.0,0.0,0,0,0.0,0.0,0,0,0.0,0.0,0,0,0.0,2808.0,14,4,2808.0,267.0,1,1,267.0,7442.0,31,16,7442.0,0.0,0,0,0.0,0.0,0.0,0.0,0.0,0.1469861660079051,0.0,0.0,0.0,0.0867094861660079,0.0082448122529644,0.2298048418972332,0.0,1.5808456231987655,0.3684747516213743,0.7947295498679933,,,,,571.0,,,,337.0,32.0,814.0,,,,,,2.4237302977232926,,,,2.592997032640949,2.508875,2.4627432432432435,,,,,,6.650110714243371,,,,14.098264510960709,10.396687605687111,8.366776534239865,
S016,R016,PRO,3,Image_023,135643,154609,18966,2276,2174,102,5235.331,2154,135643,154602,1440.0,1080.0,960.0,720.0,2.4305157845868157,2.449,0.347290226318714,2.554438860971522,2.3854061632831898,0.1298902701115108,2.388,zhidaoyu,2.2725998890122088,2.317,1802.0,6.94868887119611,5.697022011221393,0.9551845342706504,0.0448154657293497,58,16359.0,282.05172413793105,125.0,800.0,135643.0,442.0,16643.9629998542,291.99935087463507,21,3.082328136858429,0.0,64,2012.0,31.4375,9.246646111030111,0.0,0,0,0.0,0.0,0,0,0.0,0.0,0,0,0.0,0.0,0,0,0.0,0.0,0,0,0.0,0.0,0,0,0.0,0.0,0,0,0.0,1733.0,4,3,1733.0,2216.0,6,4,2216.0,825.0,2,1,825.0,0.0,0,0,0.0,800.0,4,4,800.0,0.0,0.0,0.0,0.0,0.0,0.0,0.0,0.1059355706339018,0.135460602726328,0.0504309554373739,0.0,0.0489027446665444,1.8629780837697172,0.2972232296418516,0.7437507475182394,,,,,,,,208.0,266.0,99.0,,96.0,,,,,,,,2.5078846153846155,2.5363533834586462,2.5597777777777777,,2.3701458333333334,,,,,,,,10.353108240037528,11.60580424744624,12.63653536876619,,4.292262126419588
S016,R016,PRO,4,Image_026,154609,166092,11483,1378,1265,113,3084.751,1240,154610,166085,1439.0,1080.0,1706.0,1280.0,2.4877024193548385,2.476,0.7875590372075392,3.685092127303186,2.3854061632831898,0.1298902701115108,2.388,zhidaoyu,2.2725998890122088,2.317,1802.0,9.465041839640524,6.86232196806214,0.9179970972423802,0.0820029027576197,39,9240.0,236.92307692307693,100.0,583.0,154610.0,500.0,16088.896569004435,423.392014973801,18,2.3718956694089632,1.0,43,1575.0,36.627906976744185,8.942249707860094,0.0,0,0,0.0,0.0,0,0,0.0,0.0,0,0,0.0,0.0,0,0,0.0,1101.0,4,4,1101.0,0.0,0,0,0.0,0.0,0,0,0.0,2000.0,10,5,2000.0,233.0,2,1,233.0,0.0,0,0,0.0,0.0,0,0,0.0,0.0,0,0,0.0,0.0,0.0,0.0,0.0,0.1191558441558441,0.0,0.0,0.2164502164502164,0.0252164502164502,0.0,0.0,0.0,1.2384051650203125,0.4737945632229282,0.8383323335332934,,,,,126.0,,,240.0,27.0,,,,,,,,2.5203333333333333,,,2.478145833333333,2.650592592592593,,,,,,,,10.90088253189181,,,9.044528485410856,16.632611196011258,,,
S016,R016,PRO,5,Image_027,166092,178642,12550,1506,1473,33,3505.539,1472,166094,178636,810.0,1080.0,1280.0,1706.0,2.3814802989130435,2.404,-0.0302244684438329,0.6700167504187611,2.3854061632831898,0.1298902701115108,2.388,zhidaoyu,2.2725998890122088,2.317,1802.0,4.791006565971445,3.754855416486825,0.9780876494023903,0.0219123505976095,43,11108.0,258.3255813953488,83.0,583.0,166094.0,583.0,11990.674106594706,285.4922406332073,18,1.863826390090816,2.0,47,1623.0,34.53191489361702,8.881980819699782,0.0,0,0,0.0,0.0,0,0,0.0,2334.0,12,8,2334.0,0.0,0,0,0.0,0.0,0,0,0.0,0.0,0,0,0.0,0.0,0,0,0.0,1315.0,5,3,1315.0,0.0,0,0,0.0,0.0,0,0,0.0,0.0,0,0,0.0,0.0,0,0,0.0,0.0,0.0,0.2101188332733165,0.0,0.0,0.0,0.0,0.1183831472812387,0.0,0.0,0.0,0.0,0.9429921273967014,0.5389915631014508,0.8566045491915594,,,258.0,,,,,158.0,0.0,,,,,,2.301081395348837,,,,,2.301607594936709,,,,,,,1.2532565223792185,,,,,1.276410602004758,,,,
S016,R016,PRO,6,Image_028,178642,185109,6467,776,730,46,1670.281,730,178644,185102,1620.0,1080.0,5472.0,3648.0,2.288056164383561,2.256,-0.7494787624666052,-5.527638190954779,2.3854061632831898,0.1298902701115108,2.388,zhidaoyu,2.2725998890122088,2.317,1802.0,0.6801142359498598,-2.632714717306879,0.940721649484536,0.0592783505154639,23,5473.0,237.95652173913044,75.0,467.0,178644.0,367.0,10340.245198318951,470.01114537813424,9,2.5032583347756456,2.0,23,969.0,42.130434782608695,5.310866704189357,1108.0,4,3,1108.0,0.0,0,0,0.0,0.0,0,0,0.0,0.0,0,0,0.0,0.0,0,0,0.0,0.0,0,0,0.0,0.0,0,0,0.0,1108.0,4,3,1108.0,916.0,5,3,916.0,0.0,0,0,0.0,0.0,0,0,0.0,0.0,0,0,0.0,0.2024483829709483,0.0,0.0,0.0,0.0,0.0,0.0,0.2024483829709483,0.1673670747304951,0.0,0.0,0.0,1.5794191646404014,0.335838679212969,0.7602171136653896,133.0,,,,,,,133.0,110.0,,,,2.357375939849624,,,,,,,2.357375939849624,2.326718181818182,,,,3.730355318914649,,,,,,,3.730355318914649,2.3813383547024545,,,
S016,R016,PRO,7,Image_029,185109,198625,13516,1622,1563,59,3721.601,1559,185111,198619,1620.0,1080.0,6000.0,4000.0,2.3871719050673508,2.37,0.0135941035663803,-0.7537688442210969,2.3854061632831898,0.1298902701115108,2.388,zhidaoyu,2.2725998890122088,2.317,1802.0,5.041451273894984,2.287440656020713,0.9636251541307028,0.0363748458692971,47,11375.0,242.0212765957447,92.0,708.0,185111.0,317.0,18240.52236774525,396.5330949509837,19,3.2608281712244547,2.0,51,1886.0,36.98039215686274,9.368538274665712,0.0,0,0,0.0,0.0,0,0,0.0,0.0,0,0,0.0,0.0,0,0,0.0,2100.0,8,6,2100.0,0.0,0,0,0.0,0.0,0,0,0.0,1474.0,7,5,1474.0,317.0,1,1,317.0,0.0,0,0,0.0,566.0,2,2,566.0,0.0,0,0,0.0,0.0,0.0,0.0,0.0,0.1846153846153846,0.0,0.0,0.1295824175824176,0.0278681318681318,0.0,0.0497582417582417,0.0,1.6887851574444943,0.3525584815671138,0.7836549248373346,,,,,252.0,,,177.0,38.0,,68.0,,,,,,2.3898968253968254,,,2.429717514124294,2.6716315789473684,,2.357147058823529,,,,,,5.161354488827331,,,6.913563002081141,17.558378483798997,,3.720283989280196,
S016,R016,PRO,8,Image_030,198625,213225,14600,1752,1676,76,3853.523,1670,198628,213219,1920.0,1079.0,2275.0,1279.0,2.3074988023952097,2.305,-0.5997936629209917,-3.475711892797309,2.3854061632831898,0.1298902701115108,2.388,zhidaoyu,2.2725998890122088,2.317,1802.0,1.5356382595868991,-0.5179110919292192,0.95662100456621,0.0433789954337899,54,12183.0,225.61111111111111,67.0,583.0,198628.0,267.0,18260.766461775114,344.5427634297191,16,2.9056390622295662,3.0,58,2103.0,36.25862068965517,8.291239028622266,358.0,1,1,358.0,0.0,0,0,0.0,0.0,0,0,0.0,0.0,0,0,0.0,0.0,0,0,0.0,267.0,2,1,267.0,0.0,0,0,0.0,1567.0,6,4,1567.0,1542.0,7,5,1542.0,0.0,0,0,0.0,0.0,0,0,0.0,0.0,0,0,0.0,0.0293852088976442,0.0,0.0,0.0,0.0,0.0219157842895838,0.0,0.1286218501190183,0.1265698103915291,0.0,0.0,0.0,1.6490704372345852,0.3609548929924615,0.7801285484734869,43.0,,,,,32.0,,188.0,185.0,,,,2.364790697674419,,,,,2.18471875,,2.298840425531915,2.3487243243243245,,,,4.056622950126124,,,,,-3.8669868566440218,,1.1546483235600065,3.349662898434949,,,
S016,R016,PRO,9,Image_031,213225,226208,12983,1558,1482,76,3631.131,1469,213228,226203,1621.0,1080.0,2731.0,1820.0,2.4718386657590194,2.468,0.6654270747272086,3.3500837520938056,2.3854061632831898,0.1298902701115108,2.388,zhidaoyu,2.2725998890122088,2.317,1802.0,8.76699755685592,6.517047906775994,0.951219512195122,0.048780487804878,45,10918.0,242.62222222222223,83.0,1133.0,213228.0,233.0,16000.756039865735,363.65354636058487,16,2.452819531114783,3.0,50,1596.0,31.92,8.214658124529029,0.0,0,0,0.0,0.0,0,0,0.0,1900.0,5,3,1900.0,0.0,0,0,0.0,0.0,0,0,0.0,0.0,0,0,0.0,0.0,0,0,0.0,0.0,0,0,0.0,2100.0,10,4,2100.0,400.0,2,2,400.0,0.0,0,0,0.0,0.0,0,0,0.0,0.0,0.0,0.1740245466202601,0.0,0.0,0.0,0.0,0.0,0.1923429199487085,0.0366367466568968,0.0,0.0,1.3469477860513406,0.4225206611570248,0.8143939393939394,,,226.0,,,,,,252.0,48.0,,,,,2.49133185840708,,,,,,2.473198412698413,2.4926875,,,,,9.624746109177336,,,,,,8.826829775715368,9.68439768266701,,
S016,R016,PRO,10,Image_002,226208,238958,12750,1530,1436,94,3449.538,1433,226211,238953,810.0,1080.0,3072.0,4096.0,2.407214235868807,2.42,0.1678961216024485,1.3400335008375222,2.3854061632831898,0.1298902701115108,2.388,zhidaoyu,2.2725998890122088,2.317,1802.0,5.92336325929808,4.445403539059117,0.938562091503268,0.061437908496732,40,10846.0,271.15,133.0,642.0,226211.0,317.0,10620.717817190234,272.3260978766727,12,2.459147917027245,3.0,44,1404.0,31.90909090909091,7.867198383103877,0.0,0,0,0.0,0.0,0,0,0.0,0.0,0,0,0.0,0.0,0,0,0.0,0.0,0,0,0.0,0.0,0,0,0.0,0.0,0,0,0.0,0.0,0,0,0.0,0.0,0,0,0.0,1067.0,5,3,1067.0,2591.0,8,5,2591.0,0.0,0,0,0.0,0.0,0.0,0.0,0.0,0.0,0.0,0.0,0.0,0.0,0.0983772819472616,0.238889913332104,0.0,0.8708936297141932,0.586786572327674,0.8680517587023875,,,,,,,,,0.0,128.0,295.0,,,,,,,,,,,2.3489609375,2.352864406779661,,,,,,,,,,,3.3600744617206484,3.531836737101105,
S016,R016,PRO,11,Image_003,238958,250858,11900,1428,1320,108,2964.195,1293,238961,250853,1620.0,1080.0,5472.0,3648.0,2.2924941995359625,2.272,-0.7153111904953492,-4.857621440536018,2.3854061632831898,0.1298902701115108,2.388,zhidaoyu,2.2725998890122088,2.317,1802.0,0.8753987281237082,-1.9421665947345863,0.9243697478991596,0.0756302521008403,41,9686.0,236.2439024390244,67.0,600.0,238961.0,600.0,13516.66498530858,337.9166246327145,17,3.013070929103845,3.0,50,1601.0,32.02,6.942311777464216,0.0,0,0,0.0,0.0,0,0,0.0,0.0,0,0,0.0,0.0,0,0,0.0,1167.0,3,3,1167.0,0.0,0,0,0.0,0.0,0,0,0.0,933.0,2,2,933.0,1167.0,4,4,1167.0,0.0,0,0,0.0,0.0,0,0,0.0,242.0,2,2,242.0,0.0,0.0,0.0,0.0,0.1204831715878587,0.0,0.0,0.0963245921949205,0.1204831715878587,0.0,0.0,0.0249845137311583,1.8306315190917952,0.296662630579625,0.7381257718248314,,,,,140.0,,,60.0,139.0,,,29.0,,,,,2.2985571428571427,,,2.469383333333333,2.313669064748201,,,2.3378965517241377,,,,,1.1421831872136698,,,8.658956874571402,1.8071450207560944,,,2.8732141996323985
S016,R016,PRO,12,Image_004,250858,263524,12666,1520,1454,66,3455.897,1444,250862,263520,1439.0,1080.0,1706.0,1280.0,2.3932804709141275,2.383,0.0606227673880243,-0.2093802345058582,2.3854061632831898,0.1298902701115108,2.388,zhidaoyu,2.2725998890122088,2.317,1802.0,5.310243236629431,2.8485110056106966,0.9565789473684212,0.0434210526315789,46,10601.0,230.45652173913044,117.0,417.0,250903.0,183.0,14613.33039285013,324.7406753966696,28,3.294336065750452,45.0,52,1654.0,31.807692307692307,8.122126267383495,0.0,0,0,0.0,0.0,0,0,0.0,3201.0,14,7,3201.0,0.0,0,0,0.0,2251.0,8,6,2251.0,0.0,0,0,0.0,0.0,0,0,0.0,0.0,0,0,0.0,1524.0,8,7,1524.0,0.0,0,0,0.0,0.0,0,0,0.0,0.0,0,0,0.0,0.0,0.0,0.3019526459767946,0.0,0.2123384586359777,0.0,0.0,0.0,0.1437600226393736,0.0,0.0,0.0,1.5216835340285702,0.3623986778390918,0.7900659403669725,,,384.0,,270.0,,,0.0,163.0,,,,,,2.401213541666667,,2.411081481481481,,,,2.395085889570552,,,,,,5.659317914970082,,6.093531603993158,,,,5.3896861101926,,,
S016,R016,PRO,13,Image_005,263524,275090,11566,1388,1280,108,3076.454,1266,263528,275087,1920.0,1080.0,960.0,540.0,2.4300584518167456,2.433,0.3437693100123807,1.884422110552761,2.3854061632831898,0.1298902701115108,2.388,zhidaoyu,2.2725998890122088,2.317,1802.0,6.928565101399201,5.006473888649101,0.9221902017291066,0.0778097982708933,37,9408.0,254.27027027027023,125.0,525.0,263528.0,233.0,14244.545437783843,395.6818177162179,8,2.0,4.0,43,1493.0,34.72093023255814,6.466248615120573,0.0,0,0,0.0,0.0,0,0,0.0,0.0,0,0,0.0,0.0,0,0,0.0,0.0,0,0,0.0,0.0,0,0,0.0,475.0,2,2,475.0,751.0,3,2,751.0,0.0,0,0,0.0,0.0,0,0,0.0,0.0,0,0,0.0,0.0,0,0,0.0,0.0,0.0,0.0,0.0,0.0,0.0,0.0504889455782312,0.0798256802721088,0.0,0.0,0.0,0.0,0.9631268270986808,0.5253400360327753,0.8520935290918977,,,,,0.0,,57.0,90.0,,,,0.0,,,,,,,2.3902807017543863,2.4340333333333333,,,,,,,,,,,5.178245995309267,7.1034696913274935,,,,
S016,R016,PRO,14,Image_006,275090,286774,11684,1402,1326,76,3212.866,1314,275095,286770,1439.0,1080.0,1706.0,1280.0,2.445103500761035,2.435,0.4595982241517776,1.9681742043551156,2.3854061632831898,0.1298902701115108,2.388,zhidaoyu,2.2725998890122088,2.317,1802.0,7.590584360355894,5.092792403970646,0.9457917261055636,0.0542082738944365,40,9528.0,238.2,67.0,450.0,275095.0,200.0,13475.498882724654,345.52561237755526,21,0.998363672593813,5.0,43,1536.0,35.72093023255814,7.4897166148399235,0.0,0,0,0.0,0.0,0,0,0.0,0.0,0,0,0.0,0.0,0,0,0.0,0.0,0,0,0.0,0.0,0,0,0.0,0.0,0,0,0.0,0.0,0,0,0.0,0.0,0,0,0.0,0.0,0,0,0.0,4418.0,18,11,4418.0,0.0,0,0,0.0,0.0,0.0,0.0,0.0,0.0,0.0,0.0,0.0,0.0,0.0,0.4636859781696054,0.0,-0.0,1.0,0.9166666666666666,,,,,0.0,,,,0.0,,529.0,,,,,,,,,,,,2.4240982986767485,,,,,,,,,,,,6.666303663791383,
S016,R016,PRO,15,Image_007,286774,296590,9816,1178,1098,80,2625.828,1086,286779,296587,1439.0,1080.0,1706.0,1280.0,2.4178895027624305,2.4145000000000003,0.2500829311645421,1.1097152428810897,2.3854061632831898,0.1298902701115108,2.388,zhidaoyu,2.2725998890122088,2.317,1802.0,6.393101330889013,4.208027621924908,0.932088285229202,0.0679117147707979,36,7810.0,216.94444444444449,108.0,367.0,286812.0,117.0,13389.213896614589,382.5489684747025,8,2.5,38.0,40,1517.0,37.925,7.441759199704201,158.0,1,1,158.0,0.0,0,0,0.0,0.0,0,0,0.0,0.0,0,0,0.0,0.0,0,0,0.0,0.0,0,0,0.0,0.0,0,0,0.0,758.0,3,3,758.0,525.0,2,2,525.0,0.0,0,0,0.0,0.0,0,0,0.0,0.0,0,0,0.0,0.0202304737516005,0.0,0.0,0.0,0.0,0.0,0.0,0.0970550576184379,0.0672215108834827,0.0,0.0,0.0,1.367901486423013,0.4214596714345086,0.8193962526023595,19.0,,,,,,,91.0,63.0,,,,2.5232105263157893,,,,,,,2.4732527472527472,2.4516984126984127,,,,11.0274861191034,,,,,,,8.829220630110685,7.880776750545807,,,
S016,R016,PRO,16,Image_008,296590,309540,12950,1554,1455,99,3443.04,1437,296596,309537,1440.0,1080.0,4096.0,3072.0,2.395991649269311,2.4,0.0814956037664235,0.5025125628140708,2.3854061632831898,0.1298902701115108,2.388,zhidaoyu,2.2725998890122088,2.317,1802.0,5.4295417708013245,3.582218385843752,0.9362934362934364,0.0637065637065637,40,10800.0,270.0,67.0,625.0,296596.0,208.0,10276.188121702407,263.49200312057457,10,1.0,6.0,47,1386.0,29.48936170212766,5.708993400945782,0.0,0,0,0.0,0.0,0,0,0.0,0.0,0,0,0.0,0.0,0,0,0.0,0.0,0,0,0.0,0.0,0,0,0.0,0.0,0,0,0.0,0.0,0,0,0.0,0.0,0,0,0.0,0.0,0,0,0.0,6534.0,21,5,6534.0,0.0,0,0,0.0,0.0,0.0,0.0,0.0,0.0,0.0,0.0,0.0,0.0,0.0,0.605,0.0,-0.0,1.0,0.9166666666666666,,,,,,,,,0.0,,783.0,,,,,,,,,,,,2.389823754789272,,,,,,,,,,,,5.158139201881888,
S016,R016,PRO,17,Image_009,309540,316473,6933,832,805,27,1805.932,801,309546,316471,1440.0,1080.0,4032.0,3024.0,2.254596754057428,2.275,-1.0070762737921934,-4.731993299832495,2.3854061632831898,0.1298902701115108,2.388,zhidaoyu,2.2725998890122088,2.317,1802.0,-0.7921823389072682,-1.8126888217522767,0.9675480769230768,0.032451923076923,23,6317.0,274.6521739130435,67.0,450.0,309546.0,375.0,5733.645121667435,260.6202328030652,10,2.4464393446710155,6.0,24,758.0,31.58333333333333,3.185358400926353,0.0,0,0,0.0,0.0,0,0,0.0,0.0,0,0,0.0,0.0,0,0,0.0,0.0,0,0,0.0,0.0,0,0,0.0,0.0,0,0,0.0,308.0,1,1,308.0,1617.0,6,2,1617.0,0.0,0,0,0.0,0.0,0,0,0.0,733.0,3,3,733.0,0.0,0.0,0.0,0.0,0.0,0.0,0.0,0.0487573215133766,0.2559759379452271,0.0,0.0,0.1160360930821592,1.3090098795045324,0.4595695038219587,0.8320792575871583,,,,,0.0,,,37.0,194.0,,,88.0,,,,,,,,2.3088108108108107,2.336134020618557,,,2.2026704545454545,,,,,,,,1.5933698656625883,2.7956584840793544,,,-3.0770675825892635
S016,R016,PRO,18,Image_010,316473,324390,7917,950,936,14,2179.36,936,316479,324388,1440.0,1080.0,1600.0,1200.0,2.328376068376068,2.341,-0.4390636408574828,-1.9681742043550967,2.3854061632831898,0.1298902701115108,2.388,zhidaoyu,2.2725998890122088,2.317,1802.0,2.4542894520734317,1.0358221838584385,0.9852631578947368,0.0147368421052631,30,7018.0,233.9333333333333,92.0,542.0,316479.0,450.0,10943.688459528748,377.3685675699568,16,2.4056390622295662,6.0,29,1134.0,39.10344827586207,6.079826921960416,0.0,0,0,0.0,0.0,0,0,0.0,0.0,0,0,0.0,0.0,0,0,0.0,0.0,0,0,0.0,0.0,0,0,0.0,0.0,0,0,0.0,292.0,1,1,292.0,533.0,3,3,533.0,1766.0,8,4,1766.0,0.0,0,0,0.0,0.0,0,0,0.0,0.0,0.0,0.0,0.0,0.0,0.0,0.0,0.0416072955257908,0.0759475634083784,0.2516386434881733,0.0,0.0,1.2011649629161818,0.5195833453120762,0.8448153865946224,,,,,,,,35.0,64.0,212.0,0.0,,,,,,,,,2.3558857142857144,2.37971875,2.332490566037736,,,,,,,,,,3.66478171877875,4.7134940693124205,2.63533749671873,,
S016,R016,PRO,19,Image_011,324390,331956,7566,908,843,65,2027.962,836,324396,331954,1440.0,1080.0,960.0,720.0,2.425791866028708,2.414,0.310921693448225,1.088777219430496,2.3854061632831898,0.1298902701115108,2.388,zhidaoyu,2.2725998890122088,2.317,1802.0,6.740824804100673,4.186447993094517,0.9284140969162996,0.0715859030837004,26,6542.0,251.6153846153846,100.0,400.0,324396.0,392.0,9153.20199792496,366.1280799169984,15,2.789898095464287,6.0,30,1069.0,35.63333333333333,5.085112221069422,0.0,0,0,0.0,0.0,0,0,0.0,0.0,0,0,0.0,0.0,0,0,0.0,0.0,0,0,0.0,0.0,0,0,0.0,0.0,0,0,0.0,267.0,1,1,267.0,1067.0,4,3,1067.0,0.0,0,0,0.0,0.0,0,0,0.0,1325.0,5,5,1325.0,0.0,0.0,0.0,0.0,0.0,0.0,0.0,0.0408132069703454,0.1630999694283094,0.0,0.0,0.2025374503210027,1.3623279312792596,0.4194179835285189,0.8163156575153566,,,,,,,,32.0,128.0,,,159.0,,,,,,,,2.36290625,2.425875,,,2.447622641509434,,,,,,,,3.973702604862975,6.744482903869746,,,7.701432766209422
S016,R016,PRO,20,Image_013,331956,348356,16400,1968,1845,123,4286.973,1827,331963,348355,1920.0,1080.0,3840.0,2160.0,2.346454844006568,2.349,-0.2998786532908262,-1.6331658291457165,2.3854061632831898,0.1298902701115108,2.388,zhidaoyu,2.2725998890122088,2.317,1802.0,3.249800167263966,1.3810962451445843,0.9375,0.0625,52,13464.0,258.9230769230769,75.0,1025.0,331963.0,308.0,15017.753915334712,294.46576304577866,20,2.55887184844536,7.0,58,1903.0,32.810344827586206,6.817243195396955,0.0,0,0,0.0,0.0,0,0,0.0,0.0,0,0,0.0,0.0,0,0,0.0,2800.0,6,3,2800.0,0.0,0,0,0.0,0.0,0,0,0.0,225.0,1,1,225.0,2274.0,9,8,2274.0,0.0,0,0,0.0,0.0,0,0,0.0,0.0,0,0,0.0,0.0,0.0,0.0,0.0,0.207961972667855,0.0,0.0,0.016711229946524,0.1688948306595365,0.0,0.0,0.0,1.2035664066469731,0.4651702149914095,0.8309901239227527,,,,,336.0,,,27.0,273.0,,0.0,0.0,,,,,2.279383928571429,,,2.382814814814815,2.358934065934066,,,,,,,,0.2985144719939559,,,4.849728556948551,3.7989167094161234,,,
S016,R016,PRO,21,Image_014,348356,381422,33066,3968,3682,286,8427.649,3634,348363,381422,1440.0,1080.0,4032.0,3024.0,2.3191108970831045,2.3315,-0.5103943978495908,-2.3659966499162386,2.3854061632831898,0.1298902701115108,2.388,zhidaoyu,2.2725998890122088,2.317,1802.0,2.046599064611933,0.6258092360811376,0.9279233870967742,0.0720766129032258,110,26549.0,241.35454545454544,67.0,533.0,348405.0,125.0,33600.7049693023,308.2633483422229,43,3.454311556574861,49.0,129,4045.0,31.356589147286822,18.667058316279057,0.0,0,0,0.0,0.0,0,0,0.0,1600.0,6,4,1600.0,0.0,0,0,0.0,549.0,3,3,549.0,2467.0,12,9,2467.0,0.0,0,0,0.0,950.0,3,3,950.0,2332.0,11,8,2332.0,0.0,0,0,0.0,0.0,0,0,0.0,0.0,0,0,0.0,0.0,0.0,0.0602659233869448,0.0,0.0206787449621454,0.0929225206222456,0.0,0.0357828920109985,0.0878375833364721,0.0,0.0,0.0,2.145546380840347,0.245088252017477,0.6934455980416984,,,192.0,,66.0,295.0,,114.0,280.0,,,,,,2.3700989583333336,,2.353818181818182,2.180271186440678,,2.375543859649123,2.3870857142857145,,,,,,4.290199510812396,,3.5738051910789617,-4.06269062222219,,4.52978859739622,5.037658666931787,,,
S016,R016,PRO,22,Image_015,381422,389489,8067,968,949,19,2098.837,948,381430,389488,1440.0,1080.0,4032.0,3024.0,2.213963080168776,2.232,-1.3199070489824187,-6.5326633165829024,2.3854061632831898,0.1298902701115108,2.388,zhidaoyu,2.2725998890122088,2.317,1802.0,-2.5801642043078346,-3.668536901165298,0.9803719008264464,0.0196280991735537,32,6994.0,218.5625,92.0,317.0,381455.0,275.0,9959.586111541055,321.27697134003404,15,2.8159220638351665,33.0,34,1119.0,32.911764705882355,5.533103395300587,0.0,0,0,0.0,0.0,0,0,0.0,0.0,0,0,0.0,0.0,0,0,0.0,483.0,2,2,483.0,0.0,0,0,0.0,0.0,0,0,0.0,0.0,0,0,0.0,158.0,1,1,158.0,208.0,1,1,208.0,2742.0,11,6,2742.0,0.0,0,0,0.0,0.0,0.0,0.0,0.0,0.0690591935945095,0.0,0.0,0.0,0.0225907921075207,0.0297397769516728,0.3920503288533028,0.0,1.1227636970326211,0.6064296698924203,0.8529425415390328,,,,,58.0,,,,19.0,25.0,304.0,,,,,,2.241982758620689,,,,2.2857894736842104,2.35268,2.1972565789473686,,,,,,-1.3472292478561665,,,,0.5803742548687039,3.523722383995985,-3.315291461075814,
S016,R016,PRO,23,Image_016,389489,400005,10516,1261,1177,84,2639.07,1139,389497,399997,1440.0,1080.0,4032.0,3024.0,2.3170061457418787,2.329,-0.526598470251772,-2.4706867671691675,2.3854061632831898,0.1298902701115108,2.388,zhidaoyu,2.2725998890122088,2.317,1802.0,1.95398481467722,0.5179110919292192,0.9333862014274386,0.0666137985725614,34,8516.0,250.4705882352941,108.0,667.0,389497.0,242.0,13019.422407442404,394.5279517406789,7,0.9852281360342516,8.0,40,1334.0,33.35,7.233012448579113,0.0,0,0,0.0,0.0,0,0,0.0,0.0,0,0,0.0,0.0,0,0,0.0,0.0,0,0,0.0,0.0,0,0,0.0,0.0,0,0,0.0,0.0,0,0,0.0,0.0,0,0,0.0,0.0,0,0,0.0,1067.0,5,4,1067.0,0.0,0,0,0.0,0.0,0.0,0.0,0.0,0.0,0.0,0.0,0.0,0.0,0.0,0.1252935650540159,0.0,-0.0,1.0,0.9166666666666666,,,,,,,,,0.0,,114.0,,,,,,,,,,,,2.300824561403509,,,,,,,,,,,,1.2419551953585504,
S016,R016,PRO,24,Image_017,400005,412355,12350,1482,1429,53,3264.091,1415,400005,412347,1440.0,1080.0,4032.0,3024.0,2.306778091872792,2.309,-0.6053422734658719,-3.308207705192619,2.3854061632831898,0.1298902701115108,2.388,zhidaoyu,2.2725998890122088,2.317,1802.0,1.5039252191215438,-0.3452740612861461,0.964237516869096,0.0357624831309041,43,10883.0,253.093023255814,108.0,917.0,400005.0,500.0,12076.974530435476,287.5470126294161,21,2.9104404952185816,0.0,47,1514.0,32.212765957446805,6.709430294686376,0.0,0,0,0.0,0.0,0,0,0.0,0.0,0,0,0.0,0.0,0,0,0.0,2207.0,9,5,2207.0,0.0,0,0,0.0,0.0,0,0,0.0,0.0,0,0,0.0,350.0,2,2,350.0,0.0,0,0,0.0,5501.0,20,6,5501.0,0.0,0,0,0.0,0.0,0.0,0.0,0.0,0.2027933474225856,0.0,0.0,0.0,0.0321602499310851,0.0,0.5054672424882845,0.0,1.0842291098565444,0.5429479349917861,0.8565400843881856,,,,,265.0,,,,42.0,,647.0,,,,,,2.3304792452830188,,,,2.2808333333333333,,2.29132457496136,,,,,,2.54683442301704,,,,0.3622918561658111,,0.8239323622113779,
S016,R016,PRO,25,Image_018,412355,434688,22333,2680,2510,170,6217.659,2490,412355,434681,1440.0,1080.0,3648.0,2736.0,2.497051807228916,2.499,0.8595381613255403,4.64824120603016,2.3854061632831898,0.1298902701115108,2.388,zhidaoyu,2.2725998890122088,2.317,1802.0,9.87643796437328,7.854984894259815,0.9365671641791044,0.0634328358208955,66,19193.0,290.8030303030303,67.0,1533.0,412355.0,325.0,14521.011761773794,223.4001809503661,30,3.14043331361882,0.0,72,2145.0,29.791666666666668,8.067228756540997,0.0,0,0,0.0,6516.0,16,6,6516.0,3060.0,10,3,3060.0,0.0,0,0,0.0,0.0,0,0,0.0,0.0,0,0,0.0,0.0,0,0,0.0,0.0,0,0,0.0,1541.0,5,2,1541.0,0.0,0,0,0.0,3016.0,12,6,3016.0,0.0,0,0,0.0,0.0,0.3394987755952691,0.1594331266607617,0.0,0.0,0.0,0.0,0.0,0.080289688949096,0.0,0.1571406241859011,0.0,1.81707919284194,0.3168732241970778,0.7549293615415458,,737.0,367.0,,,,,,185.0,,362.0,,,2.4652455902306647,2.53683378746594,,,,,,2.578183783783784,,2.4919972375690604,,,8.476885973192132,11.62694320858131,,,,,,13.446445027522982,,9.654024433320432,
S016,R016,PRO,26,Image_019,434688,443171,8483,1018,931,87,2231.009,925,434689,443164,1439.0,1080.0,1706.0,1280.0,2.4119016216216216,2.389,0.2039833954897887,0.0418760469011679,2.3854061632831898,0.1298902701115108,2.388,zhidaoyu,2.2725998890122088,2.317,1802.0,6.129619792860267,3.107466551575296,0.9145383104125736,0.0854616895874263,27,7051.0,261.1481481481481,100.0,950.0,434689.0,492.0,9020.47158148668,346.94121467256457,9,2.113283334294875,1.0,28,1002.0,35.785714285714285,5.013601089319508,0.0,0,0,0.0,0.0,0,0,0.0,0.0,0,0,0.0,0.0,0,0,0.0,1017.0,3,3,1017.0,0.0,0,0,0.0,0.0,0,0,0.0,0.0,0,0,0.0,0.0,0,0,0.0,0.0,0,0,0.0,951.0,3,3,951.0,0.0,0,0,0.0,0.0,0.0,0.0,0.0,0.144234860303503,0.0,0.0,0.0,0.0,0.0,0.1348744858885264,0.0,0.9991885464512962,0.5005623512790005,0.8361280487804879,,,,,102.0,,,,0.0,,99.0,,,,,,2.4216470588235297,,,,,,2.406121212121212,,,,,,6.558443064788877,,,,,,5.875267518693688,
S016,R016,PRO,27,Image_020,443171,447504,4333,520,495,25,1111.788,492,443173,447498,1439.0,1080.0,1706.0,1280.0,2.2597317073170733,2.2695,-0.9675432644664214,-4.962311557788947,2.3854061632831898,0.1298902701115108,2.388,zhidaoyu,2.2725998890122088,2.317,1802.0,-0.5662317312146253,-2.0500647388865048,0.9519230769230768,0.048076923076923,18,3909.0,217.16666666666663,67.0,433.0,443173.0,392.0,4943.867160210888,290.8157153065228,9,2.725480556997868,2.0,17,601.0,35.35294117647059,2.747813964710605,842.0,4,3,842.0,0.0,0,0,0.0,0.0,0,0,0.0,0.0,0,0,0.0,0.0,0,0,0.0,0.0,0,0,0.0,0.0,0,0,0.0,867.0,5,3,867.0,2276.0,11,3,2276.0,0.0,0,0,0.0,0.0,0,0,0.0,0.0,0,0,0.0,0.2154003581478639,0.0,0.0,0.0,0.0,0.0,0.0,0.2217958557175748,0.5822460987464825,0.0,0.0,0.0,1.4141389388238776,0.418182299054327,0.8099749058971142,74.0,,,,,,,85.0,246.0,,,,2.322662162162162,,,,,,,2.166917647058823,2.340890243902439,,,,2.202863486529213,,,,,,,-4.650279288683793,3.0049440387816286,,,
S016,R016,PRO,28,Image_021,447504,454037,6533,784,754,30,1715.698,749,447506,454031,1440.0,1080.0,4032.0,3024.0,2.2906515353805075,2.29,-0.7294975044807851,-4.103852596314902,2.3854061632831898,0.1298902701115108,2.388,zhidaoyu,2.2725998890122088,2.317,1802.0,0.7943169607451179,-1.165299956840748,0.9617346938775512,0.0382653061224489,26,5608.0,215.69230769230768,67.0,392.0,447506.0,242.0,8475.642954776982,339.0257181910793,10,2.3709505944546687,2.0,29,894.0,30.82758620689655,4.708690530431657,0.0,0,0,0.0,0.0,0,0,0.0,0.0,0,0,0.0,976.0,5,3,976.0,0.0,0,0,0.0,0.0,0,0,0.0,0.0,0,0,0.0,308.0,1,1,308.0,150.0,1,1,150.0,0.0,0,0,0.0,0.0,0,0,0.0,0.0,0,0,0.0,0.0,0.0,0.0,0.1740370898716119,0.0,0.0,0.0,0.0549215406562054,0.0267475035663338,0.0,0.0,0.0,1.1951091555848972,0.5203087403153929,0.8460018596001859,,,,117.0,,,,37.0,18.0,,,,,,,2.325111111111111,,,,2.4536486486486484,2.352777777777778,,,,,,,2.3106232800938176,,,,7.966591942197662,3.5280248473662734,,,
S016,R016,PRO,29,Image_022,454037,462787,8750,1050,930,120,2199.725,910,454039,462781,1620.0,1080.0,5472.0,3648.0,2.41728021978022,2.422,0.2453921796426048,1.4237855946398763,2.3854061632831898,0.1298902701115108,2.388,zhidaoyu,2.2725998890122088,2.317,1802.0,6.366291377005083,4.531722054380664,0.8857142857142857,0.1142857142857142,27,7042.0,260.81481481481484,108.0,592.0,454039.0,242.0,10333.360078602673,397.4369261001027,4,2.0,2.0,31,1029.0,33.193548387096776,5.307330428950787,0.0,0,0,0.0,0.0,0,0,0.0,0.0,0,0,0.0,0.0,0,0,0.0,0.0,0,0,0.0,0.0,0,0,0.0,0.0,0,0,0.0,308.0,1,1,308.0,258.0,1,1,258.0,0.0,0,0,0.0,0.0,0,0,0.0,0.0,0,0,0.0,0.0,0.0,0.0,0.0,0.0,0.0,0.0,0.0437375745526839,0.0366373189434819,0.0,0.0,0.0,0.9943633904763536,0.5039019091260972,0.8406949352179034,,,,,,,,37.0,31.0,,,,,,,,,,,2.4595135135135133,2.2694193548387096,,,,,,,,,,,8.224660460691434,-0.1399513477439092,,,
S016,R016,PRO,30,Image_024,462787,475987,13200,1584,1558,26,3623.86,1555,462789,475981,1440.0,1080.0,4032.0,3024.0,2.330456591639871,2.312,-0.4230460957248326,-3.182579564489115,2.3854061632831898,0.1298902701115108,2.388,zhidaoyu,2.2725998890122088,2.317,1802.0,2.545837606848162,-0.2157962883038557,0.9835858585858586,0.0164141414141414,48,11494.0,239.45833333333331,83.0,925.0,462789.0,392.0,15277.631136833026,325.05598163474525,28,3.5836169753972325,2.0,50,1765.0,35.3,8.487572853796125,0.0,0,0,0.0,0.0,0,0,0.0,0.0,0,0,0.0,0.0,0,0,0.0,609.0,3,3,609.0,2916.0,9,4,2916.0,0.0,0,0,0.0,1158.0,5,3,1158.0,984.0,5,5,984.0,0.0,0,0,0.0,0.0,0,0,0.0,1926.0,9,5,1926.0,0.0,0.0,0.0,0.0,0.0529841656516443,0.2536975813467896,0.0,0.1007482164607621,0.0856098834174351,0.0,0.0,0.1675656864451017,2.11998639925168,0.2583120627802761,0.7052877650467536,,,,,73.0,350.0,,139.0,118.0,,,231.0,,,,,2.3428493150684933,2.20674,,2.3448129496402874,2.353669491525424,,,2.411683982683983,,,,,3.091148001719677,-2.8979975459223937,,3.177552765764951,3.567262451484685,,,6.1200431428441
S016,R016,PRO,31,Image_025,475987,486320,10333,1240,1159,81,2611.35,1155,475990,486315,1620.0,1080.0,5472.0,3648.0,2.2609090909090908,2.233,-0.9584788165211928,-6.490787269681735,2.3854061632831898,0.1298902701115108,2.388,zhidaoyu,2.2725998890122088,2.317,1802.0,-0.5144239494000614,-3.625377643504535,0.9346774193548388,0.0653225806451612,37,8325.0,225.0,83.0,533.0,475990.0,342.0,11522.83294101426,320.0786928059517,8,1.811278124459133,3.0,46,1379.0,29.97826086956522,5.918257123565874,0.0,0,0,0.0,0.0,0,0,0.0,0.0,0,0,0.0,0.0,0,0,0.0,0.0,0,0,0.0,0.0,0,0,0.0,0.0,0,0,0.0,0.0,0,0,0.0,2092.0,12,3,2092.0,0.0,0,0,0.0,0.0,0,0,0.0,183.0,1,1,183.0,0.0,0.0,0.0,0.0,0.0,0.0,0.0,0.0,0.2512912912912913,0.0,0.0,0.0219819819819819,0.4037261181340447,0.8520619248882986,0.9032600732600732,,,,,,,,0.0,251.0,,,22.0,,,,,,,,,2.3932908366533865,,,2.3163181818181817,,,,,,,,,5.310699354721712,,,1.9237127053181025
S017,R017,PRO,1,Image_001,67132,87765,20633,2475,2201,272,6814.229,2172,67140,87757,1440.0,1080.0,4032.0,3024.0,3.1373061694290976,3.127,0.813995451795269,4.564454104664767,3.0089843090475314,0.1576444439567222,2.9905,zhidaoyu,2.7124509383378013,2.726,1865.0,15.66314896562328,14.710198092443132,0.8892929292929292,0.1098989898989899,47,16056.0,341.6170212765957,75.0,700.0,67140.0,292.0,18701.10509583792,406.5457629529982,20,3.108694969562842,8.0,71,2248.0,31.66197183098592,10.389502831021066,0.0,0,0,0.0,0.0,0,0,0.0,0.0,0,0,0.0,0.0,0,0,0.0,0.0,0,0,0.0,0.0,0,0,0.0,0.0,0,0,0.0,358.0,1,1,358.0,1575.0,3,3,1575.0,0.0,0,0,0.0,1293.0,4,3,1293.0,1749.0,6,5,1749.0,0.0,0.0,0.0,0.0,0.0,0.0,0.0,0.0222969606377678,0.0980941704035874,0.0,0.0805306427503737,0.108931240657698,1.8339729513652492,0.2965435822327719,0.7412897822445561,,,,,0.0,,,43.0,152.0,,155.0,210.0,,,,,,,,3.220093023255814,3.1610657894736844,,3.2672903225806453,3.1901571428571427,,,,,,,,18.71525408047002,16.53909550197416,,20.455278154555355,17.611607191394267
S017,R017,PRO,2,Image_012,87765,107514,19749,2370,2074,295,6192.929,2051,87765,107507,1440.0,1080.0,4032.0,3024.0,3.019468064358849,3.009,0.0665025360119625,0.6186256478849678,3.0089843090475314,0.1576444439567222,2.9905,zhidaoyu,2.7124509383378013,2.726,1865.0,11.318808450382113,10.381511371973584,0.8751054852320675,0.1244725738396624,46,15366.0,334.0434782608696,83.0,958.0,87765.0,700.0,18206.331589812136,404.5851464402697,17,3.013070929103845,0.0,83,2198.0,26.48192771084337,10.114628661006742,0.0,0,0,0.0,0.0,0,0,0.0,0.0,0,0,0.0,0.0,0,0,0.0,700.0,3,3,700.0,0.0,0,0,0.0,0.0,0,0,0.0,0.0,0,0,0.0,0.0,0,0,0.0,1992.0,4,3,1992.0,1658.0,5,4,1658.0,0.0,0,0,0.0,0.0,0.0,0.0,0.0,0.0455551216972536,0.0,0.0,0.0,0.0,0.1296368606013276,0.1079005596772094,0.0,1.4705099995861652,0.380870815167129,0.7995019157088122,,,,,84.0,,,,0.0,239.0,199.0,,,,,,3.015690476190476,,,,,3.062970711297071,2.9962361809045226,,,,,,11.179540008141164,,,,,12.922621677871504,10.46231799276804,
S017,R017,PRO,3,Image_023,107514,118348,10834,1300,1148,152,3626.213,1133,107515,118340,1440.0,1080.0,960.0,720.0,3.2005410414827886,3.208,1.2151188308789669,7.273031265674645,3.0089843090475314,0.1576444439567222,2.9905,zhidaoyu,2.7124509383378013,2.726,1865.0,17.99443065481179,17.681584739545126,0.8830769230769231,0.1169230769230769,29,8319.0,286.86206896551727,100.0,633.0,107515.0,525.0,13543.612189918853,483.7004353542448,6,1.0,1.0,49,1439.0,29.367346938775512,7.524228994399363,0.0,0,0,0.0,0.0,0,0,0.0,0.0,0,0,0.0,0.0,0,0,0.0,0.0,0,0,0.0,0.0,0,0,0.0,0.0,0,0,0.0,0.0,0,0,0.0,0.0,0,0,0.0,0.0,0,0,0.0,0.0,0,0,0.0,892.0,3,3,892.0,0.0,0.0,0.0,0.0,0.0,0.0,0.0,0.0,0.0,0.0,0.0,0.1072244260127419,-0.0,1.0,0.9166666666666666,,,,,,,,0.0,0.0,0.0,,107.0,,,,,,,,,,,,3.31892523364486,,,,,,,,,,,,22.35890377721295
S017,R017,PRO,4,Image_026,118348,130497,12149,1458,1261,195,3919.684,1240,118349,130491,1439.0,1080.0,1706.0,1280.0,3.161035483870968,3.152,0.9645197192308188,5.4004347099147365,3.0089843090475314,0.1576444439567222,2.9905,zhidaoyu,2.7124509383378013,2.726,1865.0,16.53797822452267,15.627292736610425,0.864883401920439,0.1337448559670782,33,9567.0,289.90909090909093,83.0,600.0,118349.0,600.0,16970.506136341042,530.3283167606576,6,1.0,1.0,43,1344.0,31.25581395348837,9.43225055174334,0.0,0,0,0.0,0.0,0,0,0.0,0.0,0,0,0.0,0.0,0,0,0.0,0.0,0,0,0.0,0.0,0,0,0.0,0.0,0,0,0.0,1442.0,5,3,1442.0,0.0,0,0,0.0,0.0,0,0,0.0,0.0,0,0,0.0,0.0,0,0,0.0,0.0,0.0,0.0,0.0,0.0,0.0,0.0,0.1507264555241977,0.0,0.0,0.0,0.0,-0.0,1.0,0.9166666666666666,,,,,0.0,,,168.0,0.0,,,,,,,,,,,3.135839285714286,,,,,,,,,,,,15.609069325174168,,,,
S017,R017,PRO,5,Image_027,130497,135847,5350,642,597,45,1878.446,597,130499,135841,810.0,1080.0,1280.0,1706.0,3.1464757118927973,3.149,0.8721614247503134,5.300117037284738,3.0089843090475314,0.1576444439567222,2.9905,zhidaoyu,2.7124509383378013,2.726,1865.0,16.001202728517104,15.517241379310343,0.9299065420560748,0.0700934579439252,14,4800.0,342.85714285714283,133.0,817.0,130499.0,275.0,2971.4973538679747,228.57671952830572,5,1.521928094887362,2.0,15,484.0,32.266666666666666,2.2011091510133145,0.0,0,0,0.0,0.0,0,0,0.0,417.0,2,1,417.0,0.0,0,0,0.0,0.0,0,0,0.0,0.0,0,0,0.0,0.0,0,0,0.0,874.0,3,2,874.0,0.0,0,0,0.0,0.0,0,0,0.0,0.0,0,0,0.0,0.0,0,0,0.0,0.0,0.0,0.086875,0.0,0.0,0.0,0.0,0.1820833333333333,0.0,0.0,0.0,0.0,0.9076198488471228,0.562654161174214,0.8628324296411051,,,43.0,,,,,105.0,0.0,,,,,,3.1828837209302328,,,,,3.237638095238095,,,,,,,17.343457754141507,,,,,19.36208871015121,,,,
S017,R017,PRO,6,Image_028,135847,141114,5267,632,618,14,1789.358,618,135849,141107,1620.0,1080.0,5472.0,3648.0,2.895401294498382,2.836,-0.7205012222335683,-5.166360140444745,3.0089843090475314,0.1576444439567222,2.9905,zhidaoyu,2.7124509383378013,2.726,1865.0,6.744835586692421,4.035216434336019,0.9778481012658228,0.0221518987341772,13,5408.0,416.0,242.0,817.0,135849.0,817.0,5247.495251321598,437.2912709434665,9,2.5032583347756456,2.0,13,501.0,38.53846153846154,2.6951728199991187,0.0,0,0,0.0,0.0,0,0,0.0,0.0,0,0,0.0,0.0,0,0,0.0,0.0,0,0,0.0,0.0,0,0,0.0,0.0,0,0,0.0,1958.0,5,3,1958.0,2208.0,5,4,2208.0,0.0,0,0,0.0,0.0,0,0,0.0,0.0,0,0,0.0,0.0,0.0,0.0,0.0,0.0,0.0,0.0,0.3620562130177515,0.408284023668639,0.0,0.0,0.0,0.9974007563761648,0.5018005761382696,0.8383341334613538,0.0,,,,,,,173.0,236.0,,,,,,,,,,,3.0441907514450866,2.837135593220339,,,,,,,,,,,12.230260404657365,4.596752447030247,,,
S017,R017,PRO,7,Image_029,141114,147030,5916,710,678,32,2002.48,678,141116,147024,1620.0,1080.0,6000.0,4000.0,2.953510324483776,2.942,-0.351893052310709,-1.6218023741849112,3.0089843090475314,0.1576444439567222,2.9905,zhidaoyu,2.7124509383378013,2.726,1865.0,8.887142721692753,7.92369772560529,0.9549295774647888,0.0450704225352112,17,5560.0,327.05882352941177,92.0,700.0,141116.0,700.0,7109.6656911888695,444.35410569930434,9,2.4193819456463714,2.0,20,693.0,34.65,3.651604587035412,0.0,0,0,0.0,0.0,0,0,0.0,0.0,0,0,0.0,0.0,0,0,0.0,117.0,1,1,117.0,0.0,0,0,0.0,0.0,0,0,0.0,1392.0,4,3,1392.0,0.0,0,0,0.0,0.0,0,0,0.0,508.0,1,1,508.0,0.0,0,0,0.0,0.0,0.0,0.0,0.0,0.0210431654676259,0.0,0.0,0.2503597122302158,0.0,0.0,0.0913669064748201,0.0,1.1085546946947915,0.5430826079464857,0.8553544868616758,,,,,14.0,,,167.0,0.0,,61.0,,,,,,2.7537857142857143,,,2.911790419161677,,,3.1186065573770496,,,,,,1.5238902707395363,,,7.349053876197717,,,14.973749876860143,
S017,R017,PRO,8,Image_030,147030,147080,50,6,6,0,19.181,6,147033,147074,1920.0,1079.0,2275.0,1279.0,3.1968333333333336,3.201,1.191599396534215,7.038956696204653,3.0089843090475314,0.1576444439567222,2.9905,zhidaoyu,2.7124509383378013,2.726,1865.0,17.857738481064047,17.424798239178287,1.0,0.0,1,267.0,267.0,267.0,267.0,147033.0,267.0,0.0,,0,0.0,3.0,0,0.0,,0.0,0.0,0,0,0.0,0.0,0,0,0.0,0.0,0,0,0.0,0.0,0,0,0.0,0.0,0,0,0.0,0.0,0,0,0.0,0.0,0,0,0.0,0.0,0,0,0.0,0.0,0,0,0.0,0.0,0,0,0.0,0.0,0,0,0.0,0.0,0,0,0.0,0.0,0.0,0.0,0.0,0.0,0.0,0.0,0.0,0.0,0.0,0.0,0.0,0.0,0.0,0.0,0.0,,,,,0.0,,0.0,0.0,,,,,,,,,,,,,,,,,,,,,,,,,,,
S017,R017,PRO,9,Image_031,147080,153447,6367,764,729,35,2219.182,728,147083,153441,1621.0,1080.0,2731.0,1820.0,3.0483269230769228,3.0465,0.2495654971525158,1.872596555759908,3.0089843090475314,0.1576444439567222,2.9905,zhidaoyu,2.7124509383378013,2.726,1865.0,12.382748752865828,11.757153338224503,0.9541884816753928,0.0458115183246073,20,5332.0,266.6,133.0,392.0,147083.0,267.0,7127.480492338229,375.1305522283278,8,1.811278124459133,3.0,23,759.0,33.0,3.659190564991559,0.0,0,0,0.0,0.0,0,0,0.0,1216.0,4,3,1216.0,0.0,0,0,0.0,0.0,0,0,0.0,0.0,0,0,0.0,0.0,0,0,0.0,0.0,0,0,0.0,0.0,0,0,0.0,133.0,1,1,133.0,0.0,0,0,0.0,0.0,0,0,0.0,0.0,0.0,0.2280570142535634,0.0,0.0,0.0,0.0,0.0,0.0,0.0249437359339834,0.0,0.0,0.464514944090552,0.822257488593533,0.9002347417840375,,,146.0,,,,,,0.0,16.0,,,,,3.050897260273973,,,,,,,3.1829375,,,,,12.477509441832424,,,,,,,17.345440428519396,,
S017,R017,PRO,10,Image_002,153447,160397,6950,834,753,81,2331.841,747,153449,160391,810.0,1080.0,3072.0,4096.0,3.1216077643908973,3.12,0.7144143651157414,4.33037953519479,3.0089843090475314,0.1576444439567222,2.9905,zhidaoyu,2.7124509383378013,2.726,1865.0,15.084395454681612,14.453411592076309,0.9028776978417268,0.0971223021582733,20,5792.0,289.6,100.0,858.0,153474.0,167.0,4799.29715561753,252.59458713776476,10,2.521928094887362,27.0,27,777.0,28.77777777777778,3.555034930087059,0.0,0,0,0.0,0.0,0,0,0.0,0.0,0,0,0.0,0.0,0,0,0.0,0.0,0,0,0.0,0.0,0,0,0.0,0.0,0,0,0.0,0.0,0,0,0.0,0.0,0,0,0.0,1041.0,3,3,1041.0,1091.0,4,3,1091.0,0.0,0,0,0.0,0.0,0.0,0.0,0.0,0.0,0.0,0.0,0.0,0.0,0.1797306629834254,0.1883632596685082,0.0,0.9996032198212076,0.5002750018480124,0.835287679799875,,,,,,,,,0.0,125.0,131.0,,,,,,,,,,,3.211296,3.0452519083969465,,,,,,,,,,,18.39093399299943,12.269382105878265,
S017,R017,PRO,11,Image_003,160397,169330,8933,1072,1000,72,3032.93,997,160399,169325,1620.0,1080.0,5472.0,3648.0,3.0420561685055163,3.03,0.2097876628437598,1.3208493562949295,3.0089843090475314,0.1576444439567222,2.9905,zhidaoyu,2.7124509383378013,2.726,1865.0,12.151564679348567,11.151870873074095,0.9328358208955224,0.0671641791044776,25,7441.0,297.64,92.0,858.0,160399.0,858.0,9934.132489880092,413.9221870783372,12,2.792481250360578,2.0,38,1060.0,27.894736842105264,5.102282630985103,0.0,0,0,0.0,0.0,0,0,0.0,0.0,0,0,0.0,0.0,0,0,0.0,375.0,1,1,375.0,0.0,0,0,0.0,0.0,0,0,0.0,1992.0,8,5,1992.0,1116.0,2,2,1116.0,0.0,0,0,0.0,0.0,0,0,0.0,517.0,2,1,517.0,0.0,0.0,0.0,0.0,0.0503964520897728,0.0,0.0,0.2677059535008735,0.1499798414191641,0.0,0.0,0.0694799086144335,1.7163788195739549,0.351339625,0.7802083333333333,,,,,45.0,,,239.0,86.0,,,62.0,,,,,3.1196222222222225,,,3.0478702928870294,3.0762325581395347,,,3.011983870967742,,,,,15.01119441938873,,,12.365914155659317,13.411546533802376,,,11.042888496021805
S017,R017,PRO,12,Image_004,169330,176263,6933,832,784,48,2333.54,784,169333,176258,1439.0,1080.0,1706.0,1280.0,2.976454081632653,2.9575,-0.2063518802084066,-1.103494398929942,3.0089843090475314,0.1576444439567222,2.9905,zhidaoyu,2.7124509383378013,2.726,1865.0,9.733010819234716,8.492296404988995,0.9423076923076924,0.0576923076923076,21,5699.0,271.3809523809524,67.0,983.0,169483.0,208.0,6391.792673944874,319.5896336972437,15,3.3232314287976203,153.0,28,945.0,33.75,3.552574654585069,0.0,0,0,0.0,0.0,0,0,0.0,776.0,3,3,776.0,0.0,0,0,0.0,283.0,1,1,283.0,0.0,0,0,0.0,0.0,0,0,0.0,991.0,4,3,991.0,1400.0,7,5,1400.0,0.0,0,0,0.0,0.0,0,0,0.0,0.0,0,0,0.0,0.0,0.0,0.1361642393402351,0.0,0.0496578347078434,0.0,0.0,0.1738901561677487,0.2456571328303211,0.0,0.0,0.0,1.8250378115425447,0.3045029195547154,0.7528019323671498,,,71.0,,34.0,,,119.0,168.0,,,,,,2.8975915492957744,,3.0642941176470586,,,3.0183193277310925,2.952958333333333,,,,,,6.825583767846063,,12.971411734542489,,,11.276457946949202,8.866792449448527,,,
S017,R017,PRO,13,Image_005,176263,182530,6267,752,697,55,2046.08,697,176266,182525,1920.0,1080.0,960.0,540.0,2.935552367288379,2.949,-0.465807356834671,-1.3877278047149335,3.0089843090475314,0.1576444439567222,2.9905,zhidaoyu,2.7124509383378013,2.726,1865.0,8.225086242013107,8.180484225972116,0.9268617021276596,0.0731382978723404,18,5340.0,296.6666666666667,192.0,533.0,176266.0,242.0,5774.2825823855865,339.6636813167992,9,2.725480556997868,3.0,21,734.0,34.95238095238095,2.6212101266935663,0.0,0,0,0.0,0.0,0,0,0.0,0.0,0,0,0.0,0.0,0,0,0.0,0.0,0,0,0.0,0.0,0,0,0.0,708.0,2,2,708.0,908.0,3,3,908.0,0.0,0,0,0.0,0.0,0,0,0.0,0.0,0,0,0.0,358.0,1,1,358.0,0.0,0.0,0.0,0.0,0.0,0.0,0.1325842696629213,0.1700374531835206,0.0,0.0,0.0,0.0670411985018726,1.4926120474151023,0.3731108257396817,0.7964370145221209,,,,,0.0,,85.0,109.0,,,,43.0,,,,,,,2.9661411764705883,2.969889908256881,,,,2.946255813953488,,,,,,,9.352804673704044,9.491009266948778,,,,8.619690491396064
S017,R017,PRO,14,Image_006,182530,191230,8700,1044,970,74,3016.601,969,182533,191225,1439.0,1080.0,1706.0,1280.0,3.113107327141383,3.142,0.6604927866816311,5.0660424678147455,3.0089843090475314,0.1576444439567222,2.9905,zhidaoyu,2.7124509383378013,2.726,1865.0,14.771009611296618,15.260454878943506,0.92911877394636,0.0708812260536398,22,7356.0,334.3636363636364,75.0,633.0,182533.0,283.0,8085.0353439679775,385.0016830460942,6,1.0,3.0,29,951.0,32.793103448275865,4.493683244997698,0.0,0,0,0.0,0.0,0,0,0.0,0.0,0,0,0.0,0.0,0,0,0.0,0.0,0,0,0.0,0.0,0,0,0.0,0.0,0,0,0.0,0.0,0,0,0.0,0.0,0,0,0.0,0.0,0,0,0.0,1624.0,4,3,1624.0,0.0,0,0,0.0,0.0,0.0,0.0,0.0,0.0,0.0,0.0,0.0,0.0,0.0,0.2207721587819467,0.0,-0.0,1.0,0.9166666666666666,,,,,0.0,,,,0.0,,195.0,,,,,,,,,,,,3.0954051282051283,,,,,,,,,,,,14.118382178075544,
S017,R017,PRO,15,Image_007,191230,196713,5483,658,617,41,1864.753,616,191233,196708,1439.0,1080.0,1706.0,1280.0,3.027196428571429,3.0055,0.1155265549916703,0.5015883631499642,3.0089843090475314,0.1576444439567222,2.9905,zhidaoyu,2.7124509383378013,2.726,1865.0,11.60373025683203,10.253118121790155,0.9376899696048632,0.0623100303951367,15,4810.0,320.6666666666667,100.0,542.0,191233.0,300.0,4926.0137088133615,351.85812205809725,4,1.0,3.0,17,609.0,35.8235294117647,2.7378909709329338,0.0,0,0,0.0,0.0,0,0,0.0,0.0,0,0,0.0,0.0,0,0,0.0,0.0,0,0,0.0,0.0,0,0,0.0,0.0,0,0,0.0,367.0,2,2,367.0,0.0,0,0,0.0,0.0,0,0,0.0,0.0,0,0,0.0,0.0,0,0,0.0,0.0,0.0,0.0,0.0,0.0,0.0,0.0,0.0762993762993763,0.0,0.0,0.0,0.0,-0.0,1.0,0.9166666666666666,0.0,,,,,,,44.0,0.0,,,,,,,,,,,3.0047954545454547,,,,,,,,,,,,10.777872958941078,,,,
S017,R017,PRO,16,Image_008,196713,204213,7500,900,841,59,2460.902,837,196717,204208,1440.0,1080.0,4096.0,3072.0,2.9401457586618878,2.936,-0.4366696894471092,-1.8224377194449088,3.0089843090475314,0.1576444439567222,2.9905,zhidaoyu,2.7124509383378013,2.726,1865.0,8.394430922448985,7.7035950110051346,0.9344444444444444,0.0655555555555555,20,6439.0,321.95,83.0,808.0,196717.0,300.0,5428.419349002253,285.70628152643434,4,1.0,4.0,27,778.0,28.814814814814813,3.015788527223473,0.0,0,0,0.0,0.0,0,0,0.0,0.0,0,0,0.0,0.0,0,0,0.0,0.0,0,0,0.0,0.0,0,0,0.0,0.0,0,0,0.0,0.0,0,0,0.0,0.0,0,0,0.0,0.0,0,0,0.0,1033.0,3,2,1033.0,0.0,0,0,0.0,0.0,0.0,0.0,0.0,0.0,0.0,0.0,0.0,0.0,0.0,0.1604286379872651,0.0,-0.0,1.0,0.9166666666666666,,,,,,,,,0.0,,124.0,,,,,,,,,,,,2.950314516129032,,,,,,,,,,,,8.769322771124271,
S017,R017,PRO,17,Image_009,204213,211063,6850,822,765,57,2175.832,763,204217,211058,1440.0,1080.0,4032.0,3024.0,2.851680209698559,2.853,-0.9978410618274424,-4.597893328874761,3.0089843090475314,0.1576444439567222,2.9905,zhidaoyu,2.7124509383378013,2.726,1865.0,5.132969204821004,4.658840792369781,0.9306569343065694,0.0693430656934306,17,5834.0,343.1764705882353,108.0,683.0,204217.0,267.0,7334.577331114378,458.4110831946486,8,2.0,4.0,23,785.0,34.130434782608695,4.074765183952432,0.0,0,0,0.0,0.0,0,0,0.0,0.0,0,0,0.0,0.0,0,0,0.0,0.0,0,0,0.0,0.0,0,0,0.0,0.0,0,0,0.0,0.0,0,0,0.0,383.0,2,2,383.0,0.0,0,0,0.0,0.0,0,0,0.0,675.0,3,2,675.0,0.0,0.0,0.0,0.0,0.0,0.0,0.0,0.0,0.0656496400411381,0.0,0.0,0.1157010627356873,0.9443339169008508,0.5380859130720659,0.8563327032136105,,,,,0.0,,,0.0,46.0,,,81.0,,,,,,,,,2.8943478260869564,,,2.8288641975308644,,,,,,,,,6.705997339093702,,,4.291810684856167
S017,R017,PRO,18,Image_010,211063,214563,3500,420,402,18,1126.397,402,211067,214558,1440.0,1080.0,1600.0,1200.0,2.8019825870646766,2.805,-1.313092404573944,-6.2029760909546825,3.0089843090475314,0.1576444439567222,2.9905,zhidaoyu,2.7124509383378013,2.726,1865.0,3.3007656456171937,2.8980190755686053,0.9571428571428572,0.0428571428571428,12,3283.0,273.5833333333333,83.0,767.0,211067.0,442.0,3672.675856508901,333.879623318991,7,2.5216406363433186,4.0,12,410.0,34.166666666666664,2.040375475838278,0.0,0,0,0.0,0.0,0,0,0.0,0.0,0,0,0.0,0.0,0,0,0.0,0.0,0,0,0.0,0.0,0,0,0.0,0.0,0,0,0.0,250.0,1,1,250.0,183.0,2,1,183.0,775.0,3,2,775.0,0.0,0,0,0.0,0.0,0,0,0.0,0.0,0.0,0.0,0.0,0.0,0.0,0.0,0.0761498629302467,0.0557416996649406,0.2360645750837648,0.0,0.0,1.2936118343608891,0.4773735252839787,0.8316777041942605,,,,,,,,30.0,22.0,93.0,0.0,,,,,,,,,2.7517666666666667,2.833681818181818,2.7907526881720432,,,,,,,,,,1.4494539891275688,4.469422031954156,2.886752668132149,,
S017,R017,PRO,19,Image_011,214563,216879,2316,278,239,39,727.699,238,214567,216875,1440.0,1080.0,960.0,720.0,3.057558823529412,3.099,0.308127031075168,3.628155826784828,3.0089843090475314,0.1576444439567222,2.9905,zhidaoyu,2.7124509383378013,2.726,1865.0,12.7231014693705,13.683052090975798,0.8597122302158273,0.1402877697841726,7,2585.0,369.2857142857143,142.0,767.0,214567.0,767.0,1354.6339853816953,225.77233089694923,5,1.9219280948873625,4.0,10,333.0,33.3,0.752574436323164,0.0,0,0,0.0,0.0,0,0,0.0,0.0,0,0,0.0,0.0,0,0,0.0,0.0,0,0,0.0,0.0,0,0,0.0,0.0,0,0,0.0,0.0,0,0,0.0,167.0,1,1,167.0,0.0,0,0,0.0,0.0,0,0,0.0,492.0,2,2,492.0,0.0,0.0,0.0,0.0,0.0,0.0,0.0,0.0,0.0646034816247582,0.0,0.0,0.1903288201160541,0.8166448925344969,0.6216090503614018,0.8744309559939302,,,,,,,,0.0,20.0,,,59.0,,,,,,,,,2.8857,,,3.091779661016949,,,,,,,,,6.387177707566805,,,13.984721984007631
S017,R017,PRO,20,Image_013,216879,222929,6050,726,691,35,1989.926,688,216884,222925,1920.0,1080.0,3840.0,2160.0,2.8923343023255814,2.8885,-0.7399563460287484,-3.41080086941984,3.0089843090475314,0.1576444439567222,2.9905,zhidaoyu,2.7124509383378013,2.726,1865.0,6.631764705687663,5.961115187087295,0.9517906336088154,0.0482093663911845,21,5517.0,262.7142857142857,67.0,650.0,216884.0,650.0,5288.721587337191,264.4360793668596,11,2.481714572986073,5.0,23,649.0,28.217391304347824,2.4007918532216723,0.0,0,0,0.0,0.0,0,0,0.0,0.0,0,0,0.0,0.0,0,0,0.0,609.0,2,2,609.0,0.0,0,0,0.0,0.0,0,0,0.0,0.0,0,0,0.0,991.0,3,3,991.0,0.0,0,0,0.0,0.0,0,0,0.0,383.0,1,1,383.0,0.0,0.0,0.0,0.0,0.1103860793909733,0.0,0.0,0.0,0.179626608664129,0.0,0.0,0.0694217872031901,1.4813569423881898,0.3813684599478827,0.8011010253824172,,,,,73.0,,,0.0,86.0,,0.0,46.0,,,,,2.8829726027397258,,,,3.050767441860465,,,2.8680652173913046,,,,,6.286626681123336,,,,12.472723422971304,,,5.737035713864903
S017,R017,PRO,21,Image_014,222929,229779,6850,822,747,75,2146.654,745,222934,229775,1440.0,1080.0,4032.0,3024.0,2.8814147651006707,2.896,-0.8092232161501489,-3.160006687844843,3.0089843090475314,0.1576444439567222,2.9905,zhidaoyu,2.7124509383378013,2.726,1865.0,6.229193839959776,6.236243580337488,0.9087591240875912,0.0912408759124087,20,5116.0,255.8,67.0,525.0,222934.0,425.0,6905.682547785069,363.4569761992141,10,2.521928094887362,5.0,37,1037.0,28.027027027027028,3.8364903043250393,0.0,0,0,0.0,0.0,0,0,0.0,692.0,3,2,692.0,0.0,0,0,0.0,0.0,0,0,0.0,0.0,0,0,0.0,0.0,0,0,0.0,925.0,3,2,925.0,133.0,1,1,133.0,0.0,0,0,0.0,0.0,0,0,0.0,0.0,0,0,0.0,0.0,0.0,0.1352619233776388,0.0,0.0,0.0,0.0,0.1808053166536356,0.0259968725566849,0.0,0.0,0.0,1.298038271751308,0.4415275102040816,0.8254285714285714,,,83.0,,0.0,0.0,,111.0,16.0,,,,,,2.878,,,,,2.911801801801801,2.9174375,,,,,,6.103301605287188,,,,,7.349473520290218,7.557244953813442,,,
S017,R017,PRO,22,Image_015,229779,235812,6033,724,675,49,1895.866,674,229784,235809,1440.0,1080.0,4032.0,3024.0,2.812857566765578,2.824,-1.244108180151246,-5.567630830964725,3.0089843090475314,0.1576444439567222,2.9905,zhidaoyu,2.7124509383378013,2.726,1865.0,3.7016938079369233,3.595011005135725,0.9323204419889504,0.0676795580110497,19,4983.0,262.2631578947368,83.0,533.0,229792.0,242.0,6318.659325539788,351.03662919665487,7,2.235926350629033,13.0,23,794.0,34.52173913043478,3.5103662919665486,0.0,0,0,0.0,0.0,0,0,0.0,0.0,0,0,0.0,0.0,0,0,0.0,484.0,2,2,484.0,0.0,0,0,0.0,0.0,0,0,0.0,0.0,0,0,0.0,0.0,0,0,0.0,0.0,0,0,0.0,750.0,2,2,750.0,0.0,0,0,0.0,0.0,0.0,0.0,0.0,0.097130242825607,0.0,0.0,0.0,0.0,0.0,0.1505117399157134,0.0,0.9662175252771844,0.5232328751290424,0.8512965964343598,,,,,58.0,,,,0.0,0.0,90.0,,,,,,2.8117068965517245,,,,,,2.8571,,,,,,3.659272018934564,,,,,,5.332780756242548,
S017,R017,PRO,23,Image_016,235812,240946,5134,616,563,53,1588.966,563,235817,240942,1440.0,1080.0,4032.0,3024.0,2.8223197158081703,2.809,-1.184086089901181,-6.069219194114689,3.0089843090475314,0.1576444439567222,2.9905,zhidaoyu,2.7124509383378013,2.726,1865.0,4.050535105261553,3.04475421863537,0.913961038961039,0.086038961038961,13,4250.0,326.9230769230769,150.0,642.0,235817.0,350.0,5736.530533860578,478.0442111550481,0,0.0,5.0,16,536.0,33.5,3.1869614077003208,0.0,0,0,0.0,0.0,0,0,0.0,0.0,0,0,0.0,0.0,0,0,0.0,0.0,0,0,0.0,0.0,0,0,0.0,0.0,0,0,0.0,0.0,0,0,0.0,0.0,0,0,0.0,0.0,0,0,0.0,0.0,0,0,0.0,0.0,0,0,0.0,0.0,0.0,0.0,0.0,0.0,0.0,0.0,0.0,0.0,0.0,0.0,0.0,0.0,0.0,0.0,,,,,,,,,0.0,,0.0,,,,,,,,,,,,,,,,,,,,,,,,,
S017,R017,PRO,24,Image_017,240946,245329,4383,526,458,68,1322.167,457,240951,245326,1440.0,1080.0,4032.0,3024.0,2.8931444201312915,2.91,-0.7348174538142378,-2.6918575489048586,3.0089843090475314,0.1576444439567222,2.9905,zhidaoyu,2.7124509383378013,2.726,1865.0,6.661631340112635,6.749816581071173,0.870722433460076,0.1292775665399239,11,3584.0,325.8181818181818,75.0,583.0,240951.0,142.0,3616.789377058689,361.6789377058689,6,2.2516291673878226,5.0,18,435.0,24.166666666666668,2.009327431699272,0.0,0,0,0.0,0.0,0,0,0.0,0.0,0,0,0.0,0.0,0,0,0.0,1658.0,3,2,1658.0,0.0,0,0,0.0,0.0,0,0,0.0,0.0,0,0,0.0,233.0,1,1,233.0,0.0,0,0,0.0,300.0,1,1,300.0,0.0,0,0,0.0,0.0,0.0,0.0,0.0,0.4626116071428571,0.0,0.0,0.0,0.0650111607142857,0.0,0.0837053571428571,0.0,1.0409203293949847,0.6027006460394282,0.8583979917845732,,,,,160.0,,,,28.0,,36.0,,,,,,2.92475625,,,,2.9937857142857145,,2.878861111111111,,,,,,7.827065502327585,,,,10.37197657555849,,6.135048211241989,
S017,R017,PRO,25,Image_018,245329,247995,2666,320,294,26,875.135,294,245334,247992,1440.0,1080.0,3648.0,2736.0,2.9766496598639454,2.969,-0.2051112514467229,-0.7189433205149666,3.0089843090475314,0.1576444439567222,2.9905,zhidaoyu,2.7124509383378013,2.726,1865.0,9.740221207025629,8.914159941305938,0.91875,0.08125,7,2800.0,400.0,133.0,1300.0,245334.0,567.0,2712.386871525593,452.0644785875989,6,2.584962500721156,5.0,8,260.0,32.5,1.506881595291996,0.0,0,0,0.0,1300.0,1,1,1300.0,175.0,1,1,175.0,0.0,0,0,0.0,0.0,0,0,0.0,0.0,0,0,0.0,0.0,0,0,0.0,0.0,0,0,0.0,567.0,1,1,567.0,0.0,0,0,0.0,300.0,1,1,300.0,0.0,0,0,0.0,0.0,0.4642857142857143,0.0625,0.0,0.0,0.0,0.0,0.0,0.2025,0.0,0.1071428571428571,0.0,1.626207929052783,0.3887197801115923,0.7962567606034728,,107.0,21.0,,,,,,39.0,,36.0,,,2.932719626168224,2.9690000000000003,,,,,,2.9127435897435894,,3.1054444444444447,,,8.120651500720014,9.458200995864397,,,,,,7.384194441080955,,14.488501913604052,
S017,R017,PRO,26,Image_019,247995,251495,3500,420,356,64,1071.992,356,248001,251492,1439.0,1080.0,1706.0,1280.0,3.0112134831460677,3.004,0.0141405180073952,0.4514295268349797,3.0089843090475314,0.1576444439567222,2.9905,zhidaoyu,2.7124509383378013,2.726,1865.0,11.01448658796198,10.198092443140132,0.8476190476190476,0.1523809523809524,10,3615.0,361.5,83.0,1300.0,248001.0,1300.0,4006.99049533768,445.2211661486312,2,1.0,6.0,15,501.0,33.4,2.2270955271949244,0.0,0,0,0.0,0.0,0,0,0.0,0.0,0,0,0.0,0.0,0,0,0.0,0.0,0,0,0.0,0.0,0,0,0.0,0.0,0,0,0.0,0.0,0,0,0.0,0.0,0,0,0.0,0.0,0,0,0.0,292.0,1,1,292.0,0.0,0,0,0.0,0.0,0.0,0.0,0.0,0.0,0.0,0.0,0.0,0.0,0.0,0.080774550484094,0.0,-0.0,1.0,0.9166666666666666,,,,,0.0,,,,0.0,,35.0,,,,,,,,,,,,2.9055142857142857,,,,,,,,,,,,7.117671499518228,
S017,R017,PRO,27,Image_020,251495,253179,1684,202,182,20,533.6129999999999,182,251501,253176,1439.0,1080.0,1706.0,1280.0,2.931939560439561,2.89,-0.4887247953319655,-3.360642033104825,3.0089843090475314,0.1576444439567222,2.9905,zhidaoyu,2.7124509383378013,2.726,1865.0,8.091892797008999,6.016140865737349,0.900990099009901,0.099009900990099,5,1633.0,326.6,100.0,500.0,251501.0,333.0,1179.8510447409512,294.9627611852378,2,1.0,6.0,5,176.0,35.2,0.6557642169494071,0.0,0,0,0.0,0.0,0,0,0.0,0.0,0,0,0.0,0.0,0,0,0.0,0.0,0,0,0.0,0.0,0,0,0.0,0.0,0,0,0.0,700.0,2,1,700.0,933.0,3,2,933.0,0.0,0,0,0.0,0.0,0,0,0.0,0.0,0,0,0.0,0.0,0.0,0.0,0.0,0.0,0.0,0.0,0.4286589099816289,0.5713410900183711,0.0,0.0,0.0,0.9852644215584364,0.5101791022500186,0.8452235150030618,0.0,,,,,,,84.0,77.0,,,,,,,,,,,2.853285714285714,3.0263376623376623,,,,,,,,,,,5.192159384612388,11.572070099531896,,,
S017,R017,PRO,28,Image_021,253179,255512,2333,280,256,24,744.897,256,253184,255509,1440.0,1080.0,4032.0,3024.0,2.90975390625,2.928,-0.6294570256137458,-2.089951513124896,3.0089843090475314,0.1576444439567222,2.9905,zhidaoyu,2.7124509383378013,2.726,1865.0,7.273973701183581,7.410124724871606,0.9142857142857144,0.0857142857142857,6,2300.0,383.3333333333333,158.0,800.0,253184.0,500.0,4028.645576940981,805.7291153881963,1,-0.0,5.0,8,308.0,38.5,2.2381364316338783,0.0,0,0,0.0,0.0,0,0,0.0,0.0,0,0,0.0,0.0,0,0,0.0,0.0,0,0,0.0,0.0,0,0,0.0,0.0,0,0,0.0,0.0,0,0,0.0,500.0,1,1,500.0,0.0,0,0,0.0,0.0,0,0,0.0,0.0,0,0,0.0,0.0,0.0,0.0,0.0,0.0,0.0,0.0,0.0,0.217391304347826,0.0,0.0,0.0,-0.0,1.0,0.9166666666666666,,,,0.0,,,,0.0,32.0,,,,,,,,,,,,2.92890625,,,,,,,,,,,,7.980063661348399,,,
S017,R017,PRO,29,Image_022,255512,258329,2817,338,318,20,947.745,316,255517,258326,1620.0,1080.0,5472.0,3648.0,2.9991930379746834,2.977,-0.0621098392502562,-0.4514295268349797,3.0089843090475314,0.1576444439567222,2.9905,zhidaoyu,2.7124509383378013,2.726,1865.0,10.571328520050526,9.207630227439466,0.940828402366864,0.059171597633136,7,2818.0,402.57142857142856,92.0,800.0,255517.0,800.0,2701.3100778627218,450.2183463104536,0,0.0,5.0,9,307.0,34.111111111111114,1.3874233613478155,0.0,0,0,0.0,0.0,0,0,0.0,0.0,0,0,0.0,0.0,0,0,0.0,0.0,0,0,0.0,0.0,0,0,0.0,0.0,0,0,0.0,0.0,0,0,0.0,0.0,0,0,0.0,0.0,0,0,0.0,0.0,0,0,0.0,0.0,0,0,0.0,0.0,0.0,0.0,0.0,0.0,0.0,0.0,0.0,0.0,0.0,0.0,0.0,0.0,0.0,0.0,,,,,,,,0.0,0.0,,,,,,,,,,,,,,,,,,,,,,,,,,,
S017,R017,PRO,30,Image_024,258329,261829,3500,420,399,21,1125.618,399,258334,261826,1440.0,1080.0,4032.0,3024.0,2.821097744360902,2.835,-1.1918375298923267,-5.199799364654739,3.0089843090475314,0.1576444439567222,2.9905,zhidaoyu,2.7124509383378013,2.726,1865.0,4.005484651813833,3.998532648569332,0.95,0.05,11,3526.0,320.54545454545456,183.0,617.0,258334.0,367.0,5138.794956232696,513.8794956232696,4,1.0,5.0,11,426.0,38.72727272727273,2.854886086795942,0.0,0,0,0.0,0.0,0,0,0.0,0.0,0,0,0.0,0.0,0,0,0.0,0.0,0,0,0.0,0.0,0,0,0.0,0.0,0,0,0.0,1242.0,5,2,1242.0,0.0,0,0,0.0,0.0,0,0,0.0,0.0,0,0,0.0,0.0,0,0,0.0,0.0,0.0,0.0,0.0,0.0,0.0,0.0,0.3522404991491775,0.0,0.0,0.0,0.0,-0.0,1.0,0.9166666666666666,,,,,0.0,0.0,,149.0,0.0,,,0.0,,,,,,,,2.8163288590604028,,,,,,,,,,,,3.829670032161328,,,,
S017,R017,PRO,31,Image_025,261829,267512,5683,682,595,87,1762.966,593,261834,267509,1620.0,1080.0,5472.0,3648.0,2.9729612141652613,2.944,-0.2285084965770154,-1.5549239257649217,3.0089843090475314,0.1576444439567222,2.9905,zhidaoyu,2.7124509383378013,2.726,1865.0,9.60423918255648,7.997065297138664,0.8724340175953079,0.127565982404692,17,4508.0,265.1764705882353,100.0,617.0,261834.0,617.0,6426.022734906129,401.62642093163305,7,2.5216406363433186,5.0,22,692.0,31.454545454545453,3.3004778444446417,0.0,0,0,0.0,0.0,0,0,0.0,0.0,0,0,0.0,0.0,0,0,0.0,0.0,0,0,0.0,0.0,0,0,0.0,0.0,0,0,0.0,608.0,3,2,608.0,1050.0,4,1,1050.0,0.0,0,0,0.0,0.0,0,0,0.0,283.0,1,1,283.0,0.0,0.0,0.0,0.0,0.0,0.0,0.0,0.1348713398402839,0.2329192546583851,0.0,0.0,0.0627772848269742,1.4091065541426788,0.412013491242557,0.8158595225828611,,,,,,,,73.0,126.0,,,34.0,,,,,,,,3.043191780821917,3.0873412698412697,,,2.859676470588236,,,,,,,,12.193431328449956,13.821091699936977,,,5.4277675651031085
S018,R018,PUB,1,Image_001,45502,51319,5817,698,687,11,2405.383,671,45503,51312,1440.0,1080.0,4032.0,3024.0,3.58477347242921,3.604,0.9109619180369404,6.03118564283613,3.4057036045165026,0.1965722873449981,3.399,zhidaoyu,3.8949584487534623,4.129,361.0,-7.963755721797826,-12.714943085492845,0.9842406876790832,0.0157593123209169,17,5416.0,318.5882352941176,150.0,633.0,45503.0,325.0,4338.848178052549,271.1780111282843,5,0.9709505944546686,1.0,17,592.0,34.8235294117647,2.410471210029194,0.0,0,0,0.0,0.0,0,0,0.0,0.0,0,0,0.0,0.0,0,0,0.0,0.0,0,0,0.0,0.0,0,0,0.0,0.0,0,0,0.0,0.0,0,0,0.0,817.0,3,3,817.0,0.0,0,0,0.0,0.0,0,0,0.0,0.0,0,0,0.0,0.0,0.0,0.0,0.0,0.0,0.0,0.0,0.0,0.1508493353028065,0.0,0.0,0.0,-0.0,1.0,0.9166666666666666,,,,,0.0,,,0.0,96.0,,0.0,0.0,,,,,,,,,3.5739479166666666,,,,,,,,,,,,-8.241693366190635,,,
S018,R018,PUB,2,Image_012,51319,56836,5517,662,662,0,2151.624,662,51320,56828,1440.0,1080.0,4032.0,3024.0,3.250187311178248,3.193,-0.7911404778299854,-6.06060606060606,3.4057036045165026,0.1965722873449981,3.399,zhidaoyu,3.8949584487534623,4.129,361.0,-16.55399270771596,-22.668927100992967,1.0,0.0,21,4907.0,233.66666666666663,158.0,358.0,51320.0,333.0,4668.505218812996,233.4252609406498,11,2.1180782093497093,1.0,20,675.0,33.75,2.5936140104516645,0.0,0,0,0.0,0.0,0,0,0.0,0.0,0,0,0.0,0.0,0,0,0.0,1608.0,6,3,1608.0,0.0,0,0,0.0,0.0,0,0,0.0,0.0,0,0,0.0,0.0,0,0,0.0,0.0,0,0,0.0,1542.0,6,5,1542.0,0.0,0,0,0.0,0.0,0.0,0.0,0.0,0.3276951294069696,0.0,0.0,0.0,0.0,0.0,0.3142449561850418,0.0,0.9996833036287046,0.5002195011337869,0.8350793650793651,,,,,193.0,,,,0.0,0.0,177.0,,,,,,3.318709844559585,,,,,,3.3206214689265536,,,,,,-14.794730464410954,,,,,,-14.745651009723062,
S018,R018,PUB,3,Image_023,56836,63202,6366,764,751,13,2580.492,751,56837,63195,1440.0,1080.0,960.0,720.0,3.4360745672436748,3.433,0.1545027691205986,1.0002942041776937,3.4057036045165026,0.1965722873449981,3.399,zhidaoyu,3.8949584487534623,4.129,361.0,-11.781483359768528,-16.856381690481953,0.9829842931937172,0.0170157068062827,20,5867.0,293.35,158.0,525.0,56887.0,283.0,5036.652859273863,265.08699259336123,2,1.0,51.0,22,802.0,36.45454545454545,2.798140477374369,0.0,0,0,0.0,0.0,0,0,0.0,0.0,0,0,0.0,0.0,0,0,0.0,0.0,0,0,0.0,0.0,0,0,0.0,0.0,0,0,0.0,0.0,0,0,0.0,292.0,1,1,292.0,0.0,0,0,0.0,0.0,0,0,0.0,0.0,0,0,0.0,0.0,0.0,0.0,0.0,0.0,0.0,0.0,0.0,0.0497698994375319,0.0,0.0,0.0,-0.0,1.0,0.9166666666666666,,,,,,,,0.0,35.0,0.0,,0.0,,,,,,,,,3.298942857142857,,,,,,,,,,,,-15.30223234605631,,,
S018,R018,PUB,4,Image_026,63202,69585,6383,766,742,24,2616.727,739,63203,69578,1439.0,1080.0,1706.0,1280.0,3.5409025710419484,3.498,0.6877824354160471,2.912621359223307,3.4057036045165026,0.1965722873449981,3.399,zhidaoyu,3.8949584487534623,4.129,361.0,-9.09010666916936,-15.282150641801875,0.9686684073107048,0.031331592689295,21,5483.0,261.0952380952381,158.0,525.0,63203.0,525.0,6382.002461975177,319.10012309875884,8,2.0,1.0,23,917.0,39.869565217391305,3.5471332298266693,0.0,0,0,0.0,0.0,0,0,0.0,0.0,0,0,0.0,0.0,0,0,0.0,566.0,2,2,566.0,0.0,0,0,0.0,0.0,0,0,0.0,1308.0,4,2,1308.0,0.0,0,0,0.0,0.0,0,0,0.0,0.0,0,0,0.0,0.0,0,0,0.0,0.0,0.0,0.0,0.0,0.1032281597665511,0.0,0.0,0.2385555352908991,0.0,0.0,0.0,0.0,0.8837554974274167,0.5783860250191066,0.8663287086446104,,,,,68.0,,,157.0,0.0,,,,,,,,3.4428382352941176,,,3.4399745222929936,,,,,,,,,-11.60783149314573,,,-11.681355075972151,,,,
S018,R018,PUB,5,Image_027,69585,73652,4067,488,473,15,1603.873,473,69587,73645,810.0,1080.0,1280.0,1706.0,3.39085200845666,3.406,-0.0755528475576895,0.2059429243895297,3.4057036045165026,0.1965722873449981,3.399,zhidaoyu,3.8949584487534623,4.129,361.0,-12.942537049609252,-17.510293049164435,0.9692622950819672,0.0307377049180327,14,3651.0,260.7857142857143,92.0,392.0,69587.0,192.0,2638.671867007545,202.9747590005804,8,1.9056390622295665,2.0,14,459.0,32.785714285714285,1.9545717533389224,0.0,0,0,0.0,0.0,0,0,0.0,1842.0,8,3,1842.0,0.0,0,0,0.0,0.0,0,0,0.0,0.0,0,0,0.0,0.0,0,0,0.0,892.0,3,3,892.0,0.0,0,0,0.0,0.0,0,0,0.0,0.0,0,0,0.0,0.0,0,0,0.0,0.0,0.0,0.504519309778143,0.0,0.0,0.0,0.0,0.2443166255820323,0.0,0.0,0.0,0.0,0.9110614843620396,0.5603698635781557,0.862289685442575,,,201.0,,,,,107.0,0.0,,,,,,3.3780497512437813,,,,,3.3826074766355143,,,,,,,-13.271224951709351,,,,,-13.154208930827496,,,,
S018,R018,PUB,6,Image_028,73652,77652,4000,480,468,12,1590.993,468,73654,77645,1620.0,1080.0,5472.0,3648.0,3.399557692307692,3.3600000000000003,-0.0312654051688569,-1.1473962930273522,3.4057036045165026,0.1965722873449981,3.399,zhidaoyu,3.8949584487534623,4.129,361.0,-12.719025452102514,-18.62436425284571,0.975,0.025,15,3783.0,252.2,108.0,475.0,73654.0,375.0,4133.283341182925,295.23452437020893,11,2.913977073182752,2.0,15,534.0,35.6,2.122901000378369,1667.0,5,5,1667.0,0.0,0,0,0.0,0.0,0,0,0.0,0.0,0,0,0.0,0.0,0,0,0.0,0.0,0,0,0.0,0.0,0,0,0.0,2017.0,7,4,2017.0,800.0,4,2,800.0,0.0,0,0,0.0,0.0,0,0,0.0,0.0,0,0,0.0,0.4406555643669045,0.0,0.0,0.0,0.0,0.0,0.0,0.5331747290510177,0.21147237642083,0.0,0.0,0.0,1.4928215430122778,0.3723805167903959,0.7952349093071662,176.0,,,,,,,218.0,96.0,,,,3.390903409090909,,,,,,,3.394811926605505,3.43403125,,,,-12.941217378682706,,,,,,,-12.840869260313264,-11.833943925665675,,,
S018,R018,PUB,7,Image_029,77652,82485,4833,580,564,16,1899.873,563,77654,82479,1620.0,1080.0,6000.0,4000.0,3.374552397868561,3.402,-0.1584720159117282,0.0882612533098003,3.4057036045165026,0.1965722873449981,3.399,zhidaoyu,3.8949584487534623,4.129,361.0,-13.361016753630611,-17.607168806006285,0.9724137931034482,0.0275862068965517,17,4609.0,271.11764705882354,150.0,467.0,77654.0,467.0,4900.5263778801,306.28289861750625,7,2.235926350629033,2.0,17,543.0,31.94117647058824,2.5169656883490767,0.0,0,0,0.0,0.0,0,0,0.0,0.0,0,0,0.0,0.0,0,0,0.0,958.0,4,2,958.0,0.0,0,0,0.0,0.0,0,0,0.0,575.0,2,2,575.0,0.0,0,0,0.0,0.0,0,0,0.0,0.0,0,0,0.0,0.0,0,0,0.0,0.0,0.0,0.0,0.0,0.2078541983076589,0.0,0.0,0.1247559123454111,0.0,0.0,0.0,0.0,0.95449407424292,0.5312092435648181,0.8541530767558165,,,,,115.0,,,69.0,0.0,,0.0,,,,,,3.3011304347826087,,,3.5175652173913043,,,,,,,,,-15.246068007757607,,,-9.689274900556088,,,,
S018,R018,PUB,8,Image_030,82485,86752,4267,512,499,13,1571.413,499,82487,86745,1920.0,1079.0,2275.0,1279.0,3.149124248496994,3.135,-1.3052671843269223,-7.766990291262142,3.4057036045165026,0.1965722873449981,3.399,zhidaoyu,3.8949584487534623,4.129,361.0,-19.14870749122276,-24.0736255751998,0.974609375,0.025390625,15,3840.0,256.0,150.0,483.0,82487.0,225.0,4872.1389790816265,348.009927077259,8,2.5,2.0,15,526.0,35.06666666666667,2.212178165729992,425.0,1,1,425.0,0.0,0,0,0.0,0.0,0,0,0.0,0.0,0,0,0.0,0.0,0,0,0.0,483.0,1,1,483.0,0.0,0,0,0.0,0.0,0,0,0.0,975.0,4,2,975.0,0.0,0,0,0.0,0.0,0,0,0.0,0.0,0,0,0.0,0.1106770833333333,0.0,0.0,0.0,0.0,0.12578125,0.0,0.0,0.25390625,0.0,0.0,0.0,1.4798755551482805,0.384844525281264,0.7986811825101788,51.0,,,,,58.0,,0.0,117.0,,,,2.9671568627450977,,,,,3.342,,,3.0468888888888888,,,,-23.820577246601875,,,,,-14.196774010013655,,,-21.773520077883983,,,
S018,R018,PUB,9,Image_031,86752,91302,4550,546,546,0,1897.028,546,86754,91295,1621.0,1080.0,2731.0,1820.0,3.4744102564102564,3.473,0.3495235916605519,2.177110914974988,3.4057036045165026,0.1965722873449981,3.399,zhidaoyu,3.8949584487534623,4.129,361.0,-10.797244640126976,-15.887624122063448,1.0,0.0,15,4233.0,282.2,100.0,450.0,86754.0,258.0,5771.15301894233,412.2252156387379,5,2.321928094887362,2.0,14,585.0,41.785714285714285,2.9628630620227026,0.0,0,0,0.0,0.0,0,0,0.0,250.0,1,1,250.0,0.0,0,0,0.0,0.0,0,0,0.0,0.0,0,0,0.0,0.0,0,0,0.0,0.0,0,0,0.0,258.0,1,1,258.0,392.0,1,1,392.0,0.0,0,0,0.0,0.0,0,0,0.0,0.0,0.0,0.0590597684857075,0.0,0.0,0.0,0.0,0.0,0.0609496810772501,0.0926057169855894,0.0,0.0,1.5523267890416117,0.3490469135802469,0.7762962962962963,,,30.0,,,,,,31.0,47.0,,,,,3.396066666666667,,,,,,3.331161290322581,3.3911489361702123,,,,,-12.808654794416611,,,,,,-14.475049370842925,-12.934913663700025,,
S018,R018,PUB,10,Image_002,91302,95235,3933,472,461,11,1577.638,461,91304,95229,810.0,1080.0,3072.0,4096.0,3.4222082429501084,3.411,0.0839621833602568,0.3530450132391883,3.4057036045165026,0.1965722873449981,3.399,zhidaoyu,3.8949584487534623,4.129,361.0,-12.137490348700698,-17.38919835311212,0.9766949152542372,0.0233050847457627,15,3549.0,236.6,142.0,350.0,91304.0,350.0,3119.971657753865,222.8551184109904,9,2.94770277922009,2.0,16,467.0,29.1875,2.311090116854715,0.0,0,0,0.0,0.0,0,0,0.0,0.0,0,0,0.0,0.0,0,0,0.0,0.0,0,0,0.0,0.0,0,0,0.0,0.0,0,0,0.0,0.0,0,0,0.0,233.0,1,1,233.0,783.0,3,2,783.0,1117.0,6,3,1117.0,0.0,0,0,0.0,0.0,0.0,0.0,0.0,0.0,0.0,0.0,0.0,0.0656522964215271,0.220625528317836,0.3147365455057763,0.0,1.3684112172354637,0.4209226169085402,0.8190732927019847,,,,,,,,,28.0,94.0,134.0,,,,,,,,,,3.480321428571429,3.439595744680851,3.424820895522388,,,,,,,,,,-10.645479936114176,-11.691079893762284,-12.070412545261858,
S018,R018,PUB,11,Image_003,95235,100918,5683,682,664,18,2213.138,663,95237,100912,1620.0,1080.0,5472.0,3648.0,3.338066365007541,3.348,-0.3440832907959857,-1.5004413062665536,3.4057036045165026,0.1965722873449981,3.399,zhidaoyu,3.8949584487534623,4.129,361.0,-14.29776699990594,-18.91499152337127,0.9736070381231672,0.0263929618768328,15,4915.0,327.6666666666667,183.0,1192.0,95245.0,250.0,4501.364408628369,321.5260291877407,9,2.725480556997868,10.0,17,642.0,37.76470588235294,2.3119515932846477,0.0,0,0,0.0,0.0,0,0,0.0,0.0,0,0,0.0,0.0,0,0,0.0,1700.0,2,2,1700.0,0.0,0,0,0.0,0.0,0,0,0.0,750.0,3,2,750.0,1958.0,3,2,1958.0,0.0,0,0,0.0,0.0,0,0,0.0,233.0,1,1,233.0,0.0,0.0,0.0,0.0,0.34587995930824,0.0,0.0,0.1525940996948118,0.3983723296032553,0.0,0.0,0.0474059003051882,1.697627657109101,0.3408047521131668,0.7766465560583208,,,,,204.0,,,90.0,235.0,,,28.0,,,,,3.405,,,3.329522222222222,3.382187234042553,,,3.1670000000000003,,,,,-12.579298475193443,,,-14.51713115738634,-13.16499832944344,,,-18.689761606736447
S018,R018,PUB,12,Image_004,100918,106601,5683,682,667,15,2267.254,667,100921,106596,1439.0,1080.0,1706.0,1280.0,3.3991814092953523,3.352,-0.0331796272467612,-1.3827596351868243,3.4057036045165026,0.1965722873449981,3.399,zhidaoyu,3.8949584487534623,4.129,361.0,-12.728686223001375,-18.81811576652942,0.9780058651026392,0.0219941348973607,17,5148.0,302.8235294117647,100.0,583.0,101004.0,158.0,5260.493267595226,328.7808292247016,10,2.721928094887362,86.0,18,674.0,37.44444444444444,2.923795561964025,0.0,0,0,0.0,0.0,0,0,0.0,1941.0,6,3,1941.0,0.0,0,0,0.0,1291.0,3,2,1291.0,0.0,0,0,0.0,0.0,0,0,0.0,0.0,0,0,0.0,708.0,2,2,708.0,0.0,0,0,0.0,0.0,0,0,0.0,0.0,0,0,0.0,0.0,0.0,0.377039627039627,0.0,0.2507770007770007,0.0,0.0,0.0,0.1375291375291375,0.0,0.0,0.0,1.4756175116895338,0.3823485531706562,0.8021573604060914,,,233.0,,123.0,,,0.0,85.0,,,,,,3.4654635193133045,,3.533569105691057,,,,3.2834941176470585,,,,,,-11.02694509045694,,-9.27838763409822,,,,-15.698866602854162,,,
S018,R018,PUB,13,Image_005,106601,109301,2700,324,295,29,967.872,295,106604,109296,1920.0,1080.0,960.0,540.0,3.2809220338983054,3.286,-0.6347871935742233,-3.3245072080023528,3.4057036045165026,0.1965722873449981,3.399,zhidaoyu,3.8949584487534623,4.129,361.0,-15.764902833602044,-20.416565754419945,0.910493827160494,0.0895061728395061,9,2516.0,279.55555555555554,167.0,583.0,106604.0,583.0,1960.694939743077,245.08686746788464,8,2.5,3.0,12,432.0,36.0,0.8900488256478948,0.0,0,0,0.0,0.0,0,0,0.0,0.0,0,0,0.0,0.0,0,0,0.0,0.0,0,0,0.0,0.0,0,0,0.0,708.0,3,3,708.0,400.0,2,2,400.0,0.0,0,0,0.0,0.0,0,0,0.0,0.0,0,0,0.0,217.0,1,1,217.0,0.0,0.0,0.0,0.0,0.0,0.0,0.2813990461049284,0.1589825119236884,0.0,0.0,0.0,0.0862480127186009,1.4322567780669018,0.4034762548949804,0.8117610062893081,,,,,0.0,,85.0,48.0,,,,26.0,,,,,,,3.236929411764706,3.117770833333333,,,,3.274461538461538,,,,,,,-16.894378865565336,-19.953681808052647,,,,-15.930770981408218
S018,R018,PUB,14,Image_006,109301,112801,3500,420,408,12,1389.011,408,109304,112796,1439.0,1080.0,1706.0,1280.0,3.404438725490196,3.388,-0.0064346762373802,-0.3236245954692592,3.4057036045165026,0.1965722873449981,3.399,zhidaoyu,3.8949584487534623,4.129,361.0,-12.593708757541467,-17.946233954952767,0.9714285714285714,0.0285714285714285,11,2993.0,272.09090909090907,150.0,475.0,109304.0,283.0,3729.081512841214,372.9081512841214,4,1.0,3.0,13,492.0,37.84615384615385,2.0726330066061367,0.0,0,0,0.0,0.0,0,0,0.0,0.0,0,0,0.0,0.0,0,0,0.0,0.0,0,0,0.0,0.0,0,0,0.0,0.0,0,0,0.0,0.0,0,0,0.0,0.0,0,0,0.0,0.0,0,0,0.0,634.0,2,2,634.0,0.0,0,0,0.0,0.0,0.0,0.0,0.0,0.0,0.0,0.0,0.0,0.0,0.0,0.211827597728032,0.0,-0.0,1.0,0.9166666666666666,,,,,0.0,,,,0.0,,76.0,,,,,,,,,,,,3.3995921052631584,,,,,,,,,,,,-12.71814192649065,
S018,R018,PUB,15,Image_007,112801,116101,3300,396,366,30,1228.515,366,112804,116096,1439.0,1080.0,1706.0,1280.0,3.356598360655737,3.404,-0.2498075620119441,0.1471020888496585,3.4057036045165026,0.1965722873449981,3.399,zhidaoyu,3.8949584487534623,4.129,361.0,-13.82197256224957,-17.558730927585366,0.9242424242424242,0.0757575757575757,10,2984.0,298.4,125.0,708.0,112854.0,300.0,2338.292720299689,259.810302255521,2,1.0,53.0,10,417.0,41.7,1.2996290519558695,0.0,0,0,0.0,0.0,0,0,0.0,0.0,0,0,0.0,0.0,0,0,0.0,0.0,0,0,0.0,0.0,0,0,0.0,0.0,0,0,0.0,242.0,1,1,242.0,0.0,0,0,0.0,0.0,0,0,0.0,0.0,0,0,0.0,0.0,0,0,0.0,0.0,0.0,0.0,0.0,0.0,0.0,0.0,0.0810991957104557,0.0,0.0,0.0,0.0,-0.0,1.0,0.9166666666666666,0.0,,,,,,,29.0,0.0,,,,,,,,,,,3.404655172413793,,,,,,,,,,,,-12.58815165272393,,,,
S018,R018,PUB,16,Image_008,116101,118518,2417,290,290,0,917.424,290,116104,118512,1440.0,1080.0,4096.0,3072.0,3.1635310344827587,3.129,-1.2319771688300802,-7.94351279788173,3.4057036045165026,0.1965722873449981,3.399,zhidaoyu,3.8949584487534623,4.129,361.0,-18.77882457269316,-24.21893921046257,1.0,0.0,8,2641.0,330.125,167.0,708.0,116104.0,708.0,2760.715833476211,394.3879762108873,2,1.0,3.0,7,299.0,42.71428571428572,1.5337310185978952,0.0,0,0,0.0,0.0,0,0,0.0,0.0,0,0,0.0,0.0,0,0,0.0,0.0,0,0,0.0,0.0,0,0,0.0,0.0,0,0,0.0,0.0,0,0,0.0,0.0,0,0,0.0,0.0,0,0,0.0,167.0,1,1,167.0,0.0,0,0,0.0,0.0,0.0,0.0,0.0,0.0,0.0,0.0,0.0,0.0,0.0,0.0632336236274138,0.0,-0.0,1.0,0.9166666666666666,,,,,,,,,0.0,,20.0,,,,,,,,,,,,3.20355,,,,,,,,,,,,-17.75136905439235,
S018,R018,PUB,17,Image_009,118518,121368,2850,342,334,8,1103.224,334,118521,121362,1440.0,1080.0,4032.0,3024.0,3.303065868263473,3.3225,-0.5221373655427498,-2.2506619593998303,3.4057036045165026,0.1965722873449981,3.399,zhidaoyu,3.8949584487534623,4.129,361.0,-15.19637727276444,-19.532574473238068,0.9766081871345028,0.023391812865497,9,2749.0,305.44444444444446,67.0,450.0,118521.0,433.0,1938.3663954880349,242.2957994360044,4,1.0,3.0,10,351.0,35.1,1.0768702197155748,0.0,0,0,0.0,0.0,0,0,0.0,0.0,0,0,0.0,0.0,0,0,0.0,0.0,0,0,0.0,0.0,0,0,0.0,0.0,0,0,0.0,0.0,0,0,0.0,950.0,4,2,950.0,0.0,0,0,0.0,0.0,0,0,0.0,0.0,0,0,0.0,0.0,0.0,0.0,0.0,0.0,0.0,0.0,0.0,0.345580210985813,0.0,0.0,0.0,-0.0,1.0,0.9166666666666666,,,,,0.0,,,0.0,114.0,,,0.0,,,,,,,,,3.2801491228070176,,,,,,,,,,,,-15.784746719010764,,,
S018,R018,PUB,18,Image_010,121368,124251,2883,346,318,28,1033.786,311,121371,124246,1440.0,1080.0,1600.0,1200.0,3.3240707395498394,3.319,-0.4152816557676399,-2.353633421594589,3.4057036045165026,0.1965722873449981,3.399,zhidaoyu,3.8949584487534623,4.129,361.0,-14.657093694704988,-19.617340760474683,0.9190751445086706,0.0809248554913294,10,2208.0,220.8,100.0,375.0,121412.0,192.0,2241.389151711465,249.0432390790517,5,2.321928094887362,44.0,13,469.0,36.07692307692308,1.2452161953952583,0.0,0,0,0.0,0.0,0,0,0.0,0.0,0,0,0.0,0.0,0,0,0.0,0.0,0,0,0.0,0.0,0,0,0.0,0.0,0,0,0.0,158.0,1,1,158.0,250.0,1,1,250.0,608.0,3,1,608.0,0.0,0,0,0.0,0.0,0,0,0.0,0.0,0.0,0.0,0.0,0.0,0.0,0.0,0.0715579710144927,0.1132246376811594,0.2753623188405797,0.0,0.0,1.3585829568989336,0.4428436356872714,0.8238188976377953,,,,,,,,19.0,30.0,73.0,0.0,,,,,,,,,3.2993684210526317,3.2921,3.3195616438356166,,,,,,,,,,-15.291306326809288,-15.477917330450609,-14.772861186798924,,
S018,R018,PUB,19,Image_011,124251,126934,2683,322,312,10,1140.311,312,124254,126929,1440.0,1080.0,960.0,720.0,3.654842948717949,3.6115,1.2674184523487253,6.251838776110631,3.4057036045165026,0.1965722873449981,3.399,zhidaoyu,3.8949584487534623,4.129,361.0,-6.164776933945459,-12.533301041414369,0.968944099378882,0.031055900621118,8,2508.0,313.5,108.0,775.0,124271.0,358.0,2215.845821362691,316.549403051813,4,2.0,20.0,10,375.0,37.5,1.231025456312606,0.0,0,0,0.0,0.0,0,0,0.0,0.0,0,0,0.0,0.0,0,0,0.0,0.0,0,0,0.0,0.0,0,0,0.0,0.0,0,0,0.0,242.0,1,1,242.0,0.0,0,0,0.0,0.0,0,0,0.0,0.0,0,0,0.0,342.0,1,1,342.0,0.0,0.0,0.0,0.0,0.0,0.0,0.0,0.0964912280701754,0.0,0.0,0.0,0.1363636363636363,0.9787449980727758,0.5146603490335898,0.8476027397260274,,,,,,,,29.0,0.0,,,41.0,,,,,,,,3.390655172413793,,,,3.493853658536585,,,,,,,,-12.94759066046175,,,,-10.2980505567459
S018,R018,PUB,20,Image_013,126934,130318,3384,406,392,14,1307.056,392,126938,130313,1920.0,1080.0,3840.0,2160.0,3.334326530612245,3.3565,-0.3631085280041822,-1.2503677552221235,3.4057036045165026,0.1965722873449981,3.399,zhidaoyu,3.8949584487534623,4.129,361.0,-14.393784311630874,-18.70913054008233,0.9655172413793104,0.0344827586206896,12,2933.0,244.41666666666663,150.0,433.0,126938.0,342.0,3273.472707983754,297.58842799852306,7,2.5216406363433186,4.0,12,401.0,33.416666666666664,1.4859785071476528,0.0,0,0,0.0,0.0,0,0,0.0,0.0,0,0,0.0,0.0,0,0,0.0,591.0,2,1,591.0,0.0,0,0,0.0,0.0,0,0,0.0,433.0,1,1,433.0,708.0,2,2,708.0,0.0,0,0,0.0,192.0,1,1,192.0,0.0,0,0,0.0,0.0,0.0,0.0,0.0,0.2015001704739175,0.0,0.0,0.1476304125468803,0.2413910671667234,0.0,0.0654619843163995,0.0,1.8698548068475795,0.2903735936480219,0.7405578655578655,,,,,71.0,,,51.0,84.0,,23.0,0.0,,,,,3.333535211267605,,,3.3657254901960787,3.3630000000000004,,3.200173913043478,,,,,,-14.414100814490943,,,-13.587640677572791,-13.6576154984069,,-17.838047436227264,
S018,R018,PUB,21,Image_014,130318,133217,2899,348,348,0,1194.473,348,130321,133213,1440.0,1080.0,4032.0,3024.0,3.4323936781609192,3.442,0.135777397744646,1.2650779641070948,3.4057036045165026,0.1965722873449981,3.399,zhidaoyu,3.8949584487534623,4.129,361.0,-11.875987296875572,-16.638411237587782,1.0,0.0,11,3282.0,298.3636363636364,158.0,675.0,130321.0,433.0,2612.303588286055,261.2303588286055,10,2.6464393446710157,3.0,10,335.0,33.5,1.4512797712700305,0.0,0,0,0.0,0.0,0,0,0.0,233.0,1,1,233.0,0.0,0,0,0.0,308.0,1,1,308.0,0.0,0,0,0.0,0.0,0,0,0.0,600.0,2,2,600.0,1383.0,4,3,1383.0,0.0,0,0,0.0,0.0,0,0,0.0,0.0,0,0,0.0,0.0,0.0,0.070993296770262,0.0,0.0938452163315051,0.0,0.0,0.1828153564899451,0.4213893967093235,0.0,0.0,0.0,1.6559076428244115,0.3801606008624651,0.7902139461172741,,,28.0,,37.0,0.0,,21.0,131.0,,,,,,3.4692857142857143,,3.3222702702702707,,,3.277285714285714,3.4555725190839697,,,,,,-10.92881323558098,,-14.703319329798603,,,-15.858262484556862,-11.280888755311707,,,
S018,R018,PUB,22,Image_015,133217,135401,2184,262,262,0,889.581,262,133221,135396,1440.0,1080.0,4032.0,3024.0,3.395347328244275,3.401,-0.0526843148243555,0.0588408355398581,3.4057036045165026,0.1965722873449981,3.399,zhidaoyu,3.8949584487534623,4.129,361.0,-12.827123243614633,-17.631387745216756,1.0,0.0,7,2550.0,364.2857142857143,233.0,675.0,133221.0,675.0,1382.9064598270772,230.48440997117956,5,2.321928094887362,4.0,6,193.0,32.166666666666664,0.7682813665705984,0.0,0,0,0.0,0.0,0,0,0.0,0.0,0,0,0.0,0.0,0,0,0.0,0.0,0,0,0.0,0.0,0,0,0.0,0.0,0,0,0.0,0.0,0,0,0.0,283.0,1,1,283.0,392.0,1,1,392.0,550.0,2,2,550.0,0.0,0,0,0.0,0.0,0.0,0.0,0.0,0.0,0.0,0.0,0.0,0.1109803921568627,0.1537254901960784,0.2156862745098039,0.0,1.533086167570589,0.3573531028738026,0.7863265306122449,,,,,0.0,,,,34.0,47.0,45.0,,,,,,,,,,3.269941176470588,3.398148936170213,3.516111111111111,,,,,,,,,,-16.046827726311278,-12.755194159831095,-9.726607937591664,
S018,R018,PUB,23,Image_016,135401,140117,4716,566,542,24,1877.767,542,135404,140113,1440.0,1080.0,4032.0,3024.0,3.4645147601476016,3.473,0.2991833509465216,2.177110914974988,3.4057036045165026,0.1965722873449981,3.399,zhidaoyu,3.8949584487534623,4.129,361.0,-11.051303737107116,-15.887624122063448,0.9575971731448764,0.0424028268551236,15,4299.0,286.6,75.0,583.0,135404.0,233.0,3621.578238004484,258.6841598574632,5,0.9709505944546686,3.0,16,527.0,32.9375,2.011987910002491,0.0,0,0,0.0,0.0,0,0,0.0,0.0,0,0,0.0,0.0,0,0,0.0,0.0,0,0,0.0,0.0,0,0,0.0,0.0,0,0,0.0,0.0,0,0,0.0,0.0,0,0,0.0,0.0,0,0,0.0,3216.0,11,3,3216.0,0.0,0,0,0.0,0.0,0.0,0.0,0.0,0.0,0.0,0.0,0.0,0.0,0.0,0.7480809490579204,0.0,-0.0,1.0,0.9166666666666666,,,,,,,,,0.0,,356.0,,,,,,,,,,,,3.4630758426966293,,,,,,,,,,,,-11.088246812878126,
S018,R018,PUB,24,Image_017,140117,143884,3767,452,424,28,1505.345,422,140121,143879,1440.0,1080.0,4032.0,3024.0,3.567168246445498,3.5815,0.8214008399139885,5.369226243012654,3.4057036045165026,0.1965722873449981,3.399,zhidaoyu,3.8949584487534623,4.129,361.0,-8.41575607598253,-13.259869217728252,0.9380530973451328,0.0619469026548672,13,3191.0,245.46153846153845,83.0,417.0,140121.0,292.0,2375.543621912795,197.9619684927329,8,2.0,4.0,15,459.0,30.6,1.3197464566182195,0.0,0,0,0.0,0.0,0,0,0.0,0.0,0,0,0.0,0.0,0,0,0.0,1091.0,5,4,1091.0,0.0,0,0,0.0,0.0,0,0,0.0,0.0,0,0,0.0,0.0,0,0,0.0,0.0,0,0,0.0,1717.0,6,3,1717.0,0.0,0,0,0.0,0.0,0.0,0.0,0.0,0.3418990911939831,0.0,0.0,0.0,0.0,0.0,0.5380758382952052,0.0,0.9638461587694042,0.5248498896112856,0.8519112060778727,,,,,131.0,,,,0.0,,191.0,,,,,,3.547328244274809,,,,,,3.6175392670157054,,,,,,-8.925132554107435,,,,,,-7.122519672232727,
S018,R018,PUB,25,Image_018,143884,146934,3050,366,366,0,1251.338,366,143888,146929,1440.0,1080.0,3648.0,2736.0,3.418956284153006,3.4565,0.0674188605906802,1.6916740217711124,3.4057036045165026,0.1965722873449981,3.399,zhidaoyu,3.8949584487534623,4.129,361.0,-12.22098183750318,-16.287236619036076,1.0,0.0,11,2833.0,257.54545454545456,142.0,450.0,143888.0,233.0,3627.755135682143,362.7755135682143,7,2.5216406363433186,4.0,10,376.0,37.6,2.015419519823413,0.0,0,0,0.0,258.0,1,1,258.0,559.0,2,1,559.0,0.0,0,0,0.0,0.0,0,0,0.0,0.0,0,0,0.0,0.0,0,0,0.0,0.0,0,0,0.0,358.0,2,2,358.0,0.0,0,0,0.0,233.0,1,1,233.0,0.0,0,0,0.0,0.0,0.0910695375926579,0.1973173314507589,0.0,0.0,0.0,0.0,0.0,0.1263678079774091,0.0,0.0822449699964701,0.0,1.909512689529631,0.2832323815211777,0.73046875,,30.0,67.0,,,,,,43.0,,28.0,,,3.1819,3.554671641791045,,,,,,3.2330697674418603,,3.563892857142857,,,-18.307215805644063,-8.7365965886317,,,,,,-16.99347220310995,,-8.499849124617977,
S018,R018,PUB,26,Image_019,146934,150467,3533,424,411,13,1364.45,409,146938,150463,1439.0,1080.0,1706.0,1280.0,3.336063569682152,3.354,-0.3542718852944287,-1.323918799646953,3.4057036045165026,0.1965722873449981,3.399,zhidaoyu,3.8949584487534623,4.129,361.0,-14.349187197367366,-18.76967788810849,0.9693396226415094,0.0306603773584905,13,3574.0,274.9230769230769,100.0,492.0,146938.0,258.0,2820.802070835424,235.0668392362853,9,2.725480556997868,4.0,13,459.0,35.30769230769231,1.5678089784264222,0.0,0,0,0.0,0.0,0,0,0.0,0.0,0,0,0.0,0.0,0,0,0.0,900.0,3,2,900.0,0.0,0,0,0.0,0.0,0,0,0.0,0.0,0,0,0.0,150.0,1,1,150.0,0.0,0,0,0.0,866.0,3,2,866.0,0.0,0,0,0.0,0.0,0.0,0.0,0.0,0.2518186905428092,0.0,0.0,0.0,0.0419697817571348,0.0,0.2423055400111919,0.0,1.3175837352857318,0.4310628876268845,0.8152400835073069,,,,,108.0,,,,18.0,,104.0,,,,,,3.3765555555555555,,,,3.408555555555556,,3.261673076923077,,,,,,-13.309587252819496,,,,-12.488012377990184,,-16.259104690399493,
S018,R018,PUB,27,Image_020,150467,153484,3017,362,345,17,1134.504,345,150471,153480,1439.0,1080.0,1706.0,1280.0,3.2884173913043475,3.268,-0.5966569082360502,-3.854074727861143,3.4057036045165026,0.1965722873449981,3.399,zhidaoyu,3.8949584487534623,4.129,361.0,-15.572465417268608,-20.85250666020828,0.9530386740331492,0.0469613259668508,10,2774.0,277.4,100.0,483.0,150471.0,483.0,1807.9802153634887,200.88669059594324,4,2.0,4.0,11,333.0,30.272727272727277,1.0048800104662126,1158.0,4,2,1158.0,0.0,0,0,0.0,0.0,0,0,0.0,0.0,0,0,0.0,0.0,0,0,0.0,0.0,0,0,0.0,0.0,0,0,0.0,800.0,4,1,800.0,1974.0,6,2,1974.0,0.0,0,0,0.0,0.0,0,0,0.0,0.0,0,0,0.0,0.4174477289113193,0.0,0.0,0.0,0.0,0.0,0.0,0.2883922134102379,0.7116077865897621,0.0,0.0,0.0,1.4858772699753098,0.3801683554298972,0.7997626314004748,139.0,,,,,,,96.0,203.0,,,,3.275035971223022,,,,,,,3.23328125,3.3384236453201974,,,,-15.916022871279656,,,,,,,-16.9880425544777,-14.288594108401275,,,
S018,R018,PUB,28,Image_021,153484,156567,3083,370,353,17,1191.752,338,153488,156563,1440.0,1080.0,4032.0,3024.0,3.5258934911242603,3.556,0.611428438011794,4.619005589879377,3.4057036045165026,0.1965722873449981,3.399,zhidaoyu,3.8949584487534623,4.129,361.0,-9.475453011503038,-13.87745216759505,0.954054054054054,0.0459459459459459,11,2958.0,268.90909090909093,83.0,442.0,153488.0,333.0,2491.7195150773773,249.17195150773773,6,1.9182958340544891,4.0,11,334.0,30.363636363636363,1.3842886194874318,0.0,0,0,0.0,0.0,0,0,0.0,0.0,0,0,0.0,333.0,1,1,333.0,0.0,0,0,0.0,0.0,0,0,0.0,0.0,0,0,0.0,0.0,0,0,0.0,1709.0,6,3,1709.0,0.0,0,0,0.0,0.0,0,0,0.0,0.0,0,0,0.0,0.0,0.0,0.0,0.1125760649087221,0.0,0.0,0.0,0.0,0.5777552400270453,0.0,0.0,0.0,0.6416164235422225,0.7270363502586716,0.8894874306235716,,,,40.0,,,,0.0,163.0,,,,,,,3.3182250000000004,,,,,3.63359509202454,,,,,,,-14.807178467796977,,,,,-6.710298971547926,,,
S018,R018,PUB,29,Image_022,156567,158834,2267,272,258,14,949.237,257,156571,158830,1620.0,1080.0,5472.0,3648.0,3.693529182879377,3.655,1.4642225628565877,7.531626949102671,3.4057036045165026,0.1965722873449981,3.399,zhidaoyu,3.8949584487534623,4.129,361.0,-5.171538246795681,-11.47977718575926,0.9485294117647058,0.0514705882352941,7,2475.0,353.57142857142856,125.0,750.0,156571.0,392.0,993.083436991242,165.513906165207,3,1.584962500721156,4.0,7,201.0,28.714285714285715,0.5100588679324694,0.0,0,0,0.0,0.0,0,0,0.0,0.0,0,0,0.0,0.0,0,0,0.0,0.0,0,0,0.0,0.0,0,0,0.0,0.0,0,0,0.0,458.0,1,1,458.0,658.0,3,1,658.0,0.0,0,0,0.0,0.0,0,0,0.0,0.0,0,0,0.0,0.0,0.0,0.0,0.0,0.0,0.0,0.0,0.185050505050505,0.2658585858585858,0.0,0.0,0.0,0.9767070304078712,0.5160583754062769,0.8482676224611708,,,,,,,,55.0,79.0,,,,,,,,,,,3.6785454545454543,3.6971392405063295,,,,,,,,,,,-5.556233707121279,-5.078852851702247,,,
S018,R018,PUB,30,Image_024,158834,162200,3366,404,404,0,1348.734,404,158838,162196,1440.0,1080.0,4032.0,3024.0,3.338450495049505,3.3735,-0.3421291494103834,-0.7502206531332768,3.4057036045165026,0.1965722873449981,3.399,zhidaoyu,3.8949584487534623,4.129,361.0,-14.287904762682684,-18.297408573504477,1.0,0.0,11,3807.0,346.09090909090907,175.0,750.0,158838.0,750.0,2175.591949289908,217.5591949289908,8,2.1556390622295662,4.0,10,292.0,29.2,1.208662194049949,0.0,0,0,0.0,0.0,0,0,0.0,0.0,0,0,0.0,0.0,0,0,0.0,958.0,3,3,958.0,283.0,1,1,283.0,0.0,0,0,0.0,0.0,0,0,0.0,1241.0,4,4,1241.0,0.0,0,0,0.0,0.0,0,0,0.0,0.0,0,0,0.0,0.0,0.0,0.0,0.0,0.2516417126346204,0.0743367480956133,0.0,0.0,0.3259784607302338,0.0,0.0,0.0,1.3872911251511235,0.4119806036176019,0.8143298415256514,,,,,80.0,34.0,,0.0,114.0,,,0.0,,,,,3.3816625,3.1523823529411765,,,3.270210526315789,,,,,,,,-13.178470463984974,-19.065058217756828,,,-16.03991238051889,,,
S018,R018,PUB,31,Image_025,162200,164400,2200,264,254,10,883.385,252,162205,164396,1620.0,1080.0,5472.0,3648.0,3.5054960317460315,3.496,0.5076627462465565,2.853780523683436,3.4057036045165026,0.1965722873449981,3.399,zhidaoyu,3.8949584487534623,4.129,361.0,-9.999141765737548,-15.330588520222804,0.9621212121212122,0.0378787878787878,6,2026.0,337.6666666666667,67.0,708.0,162205.0,375.0,944.5087192866824,188.9017438573365,3,0.9182958340544896,5.0,6,184.0,30.666666666666668,0.4851103443747802,0.0,0,0,0.0,0.0,0,0,0.0,0.0,0,0,0.0,0.0,0,0,0.0,0.0,0,0,0.0,0.0,0,0,0.0,0.0,0,0,0.0,1400.0,3,2,1400.0,0.0,0,0,0.0,0.0,0,0,0.0,0.0,0,0,0.0,0.0,0,0,0.0,0.0,0.0,0.0,0.0,0.0,0.0,0.0,0.6910167818361304,0.0,0.0,0.0,0.0,-0.0,1.0,0.9166666666666666,,,,,,,,158.0,0.0,,,0.0,,,,,,,,3.524993670886076,,,,,,,,,,,,-9.49855518961414,,,,
S019,R019,PUB,1,Image_001,66504,75804,9300,1116,1018,90,2435.63,898,66508,75800,1440.0,1080.0,4032.0,3024.0,2.71228285077951,2.7245,-0.2432798998679016,-0.5293902884264315,2.758291001914486,0.1891161216358526,2.739,zhidaoyu,2.5259794285714285,2.541,875.0,7.375492456541726,7.221566312475404,0.9121863799283154,0.0806451612903225,29,7133.0,245.9655172413793,83.0,475.0,66508.0,250.0,9350.216873991354,333.93631692826267,9,2.4193819456463714,4.0,36,1176.0,32.666666666666664,5.194564929995197,0.0,0,0,0.0,0.0,0,0,0.0,0.0,0,0,0.0,0.0,0,0,0.0,0.0,0,0,0.0,0.0,0,0,0.0,0.0,0,0,0.0,0.0,0,0,0.0,742.0,4,3,742.0,0.0,0,0,0.0,475.0,1,1,475.0,275.0,1,1,275.0,0.0,0.0,0.0,0.0,0.0,0.0,0.0,0.0,0.1040235525024533,0.0,0.0665918968176083,0.0385532034207205,1.476560147470627,0.3826547664397789,0.8021671134941912,,,,,0.0,,,0.0,82.0,,56.0,33.0,,,,,,,,,2.814756097560976,,2.7071785714285714,2.6263030303030304,,,,,,,,,11.432265271964836,,7.173421161217466,3.971671368216169
S019,R019,PUB,2,Image_012,75804,84120,8316,998,874,120,1715.325,654,75808,84117,1440.0,1080.0,4032.0,3024.0,2.622821100917432,2.5955000000000004,-0.7163318485237611,-5.239138371668474,2.758291001914486,0.1891161216358526,2.739,zhidaoyu,2.5259794285714285,2.541,875.0,3.8338266436624058,2.1448248720976166,0.875751503006012,0.1202404809619238,23,5950.0,258.69565217391306,75.0,1058.0,75841.0,75.0,6386.851700547002,290.31144093395466,10,2.9219280948873623,37.0,37,1036.0,28.0,3.5482509447483346,0.0,0,0,0.0,0.0,0,0,0.0,0.0,0,0,0.0,0.0,0,0,0.0,700.0,3,2,700.0,0.0,0,0,0.0,0.0,0,0,0.0,0.0,0,0,0.0,692.0,3,1,692.0,217.0,1,1,217.0,600.0,4,2,600.0,0.0,0,0,0.0,0.0,0.0,0.0,0.0,0.1176470588235294,0.0,0.0,0.0,0.1163025210084033,0.0364705882352941,0.1008403361344537,0.0,1.8895496619133445,0.2819760144156964,0.7248000603591369,,,,,58.0,,,,64.0,21.0,65.0,,,,,,2.676293103448276,,,,2.7898125,2.543190476190476,2.5818615384615384,,,,,,5.9507085915524485,,,,10.444783058972996,0.6813613533179561,2.2122947343919623,
S019,R019,PUB,3,Image_023,84120,91004,6884,826,599,223,1311.083,511,84125,91000,1440.0,1080.0,960.0,720.0,2.565720156555773,2.552,-1.0182677377950498,-6.8273092369477855,2.758291001914486,0.1891161216358526,2.739,zhidaoyu,2.5259794285714285,2.541,875.0,1.5732799537017568,0.4329004329004376,0.725181598062954,0.2699757869249394,14,3717.0,265.5,92.0,1100.0,84125.0,100.0,3621.769173003013,278.59762869253944,0,0.0,5.0,34,860.0,25.294117647058822,2.0120939850016737,0.0,0,0,0.0,0.0,0,0,0.0,0.0,0,0,0.0,0.0,0,0,0.0,0.0,0,0,0.0,0.0,0,0,0.0,0.0,0,0,0.0,0.0,0,0,0.0,0.0,0,0,0.0,0.0,0,0,0.0,0.0,0,0,0.0,0.0,0,0,0.0,0.0,0.0,0.0,0.0,0.0,0.0,0.0,0.0,0.0,0.0,0.0,0.0,0.0,0.0,0.0,,,,,,,,0.0,0.0,0.0,,0.0,,,,,,,,,,,,,,,,,,,,,,,,
S019,R019,PUB,4,Image_026,91004,97737,6733,808,508,299,1218.958,445,91008,97733,1439.0,1080.0,1706.0,1280.0,2.7392314606741577,2.749,-0.1007822129359656,0.3650967506389277,2.758291001914486,0.1891161216358526,2.739,zhidaoyu,2.5259794285714285,2.541,875.0,8.44235030937422,8.185753640299103,0.6287128712871287,0.370049504950495,15,3300.0,220.0,67.0,425.0,91392.0,425.0,4792.1062679062325,342.2933048504452,2,1.0,388.0,24,801.0,33.375,2.6634648740781035,0.0,0,0,0.0,0.0,0,0,0.0,0.0,0,0,0.0,0.0,0,0,0.0,0.0,0,0,0.0,0.0,0,0,0.0,0.0,0,0,0.0,258.0,2,1,258.0,0.0,0,0,0.0,0.0,0,0,0.0,0.0,0,0,0.0,0.0,0,0,0.0,0.0,0.0,0.0,0.0,0.0,0.0,0.0,0.0781818181818181,0.0,0.0,0.0,0.0,-0.0,1.0,0.9166666666666666,,,,,0.0,,,14.0,0.0,,,,,,,,,,,2.841285714285714,,,,,,,,,,,,12.482535770000611,,,,
S019,R019,PUB,5,Image_027,97737,102520,4783,574,355,218,783.107,291,97742,102517,810.0,1080.0,1280.0,1706.0,2.691089347079038,2.681,-0.3553459866570586,-2.117561153705726,2.758291001914486,0.1891161216358526,2.739,zhidaoyu,2.5259794285714285,2.541,875.0,6.536471225380779,5.509641873278242,0.6184668989547039,0.3797909407665505,9,2868.0,318.6666666666667,67.0,558.0,97742.0,300.0,2141.9547317684146,267.7443414710518,4,2.0,5.0,11,302.0,27.454545454545453,1.58663313464327,0.0,0,0,0.0,0.0,0,0,0.0,2042.0,5,2,2042.0,0.0,0,0,0.0,0.0,0,0,0.0,0.0,0,0,0.0,0.0,0,0,0.0,67.0,1,1,67.0,0.0,0,0,0.0,0.0,0,0,0.0,0.0,0,0,0.0,0.0,0,0,0.0,0.0,0.0,0.7119944211994421,0.0,0.0,0.0,0.0,0.0233612273361227,0.0,0.0,0.0,0.0,0.2031852489956159,0.9384812678216884,0.9113718982140034,,,209.0,,,,,0.0,0.0,,,,,,2.670784688995215,,,,,,,,,,,,5.732638151597348,,,,,,,,,
S019,R019,PUB,6,Image_028,102520,109003,6483,778,654,120,1454.048,552,102525,109000,1620.0,1080.0,5472.0,3648.0,2.634144927536232,2.574,-0.6564542108012364,-6.02409638554217,2.758291001914486,0.1891161216358526,2.739,zhidaoyu,2.5259794285714285,2.541,875.0,4.2821211345326144,1.2987012987012956,0.8406169665809768,0.1542416452442159,20,4900.0,245.0,75.0,875.0,102525.0,558.0,4292.12468927143,225.9012994353384,10,2.6464393446710157,5.0,25,762.0,30.48,2.204483710520382,1558.0,5,3,1558.0,0.0,0,0,0.0,0.0,0,0,0.0,0.0,0,0,0.0,0.0,0,0,0.0,0.0,0,0,0.0,0.0,0,0,0.0,2241.0,9,3,2241.0,1142.0,6,3,1142.0,0.0,0,0,0.0,0.0,0,0,0.0,0.0,0,0,0.0,0.3179591836734693,0.0,0.0,0.0,0.0,0.0,0.0,0.4573469387755102,0.2330612244897959,0.0,0.0,0.0,1.5308193689192298,0.3585563648215508,0.7870707684004588,140.0,,,,,,,187.0,137.0,,,,2.5620285714285718,,,,,,,2.5646256684491977,2.7965620437956207,,,,1.4271352509600772,,,,,,,1.5299506971688046,10.711988077322566,,,
S019,R019,PUB,7,Image_029,109003,116386,7383,886,777,107,1825.087,690,109009,116384,1620.0,1080.0,6000.0,4000.0,2.6450536231884056,2.632,-0.598771684542694,-3.9065352318364286,2.758291001914486,0.1891161216358526,2.739,zhidaoyu,2.5259794285714285,2.541,875.0,4.713981169843481,3.5812672176308618,0.8769751693002258,0.1207674943566591,25,5535.0,221.4,67.0,467.0,109009.0,250.0,7472.608173222626,311.3586738842761,9,2.94770277922009,6.0,32,891.0,27.84375,3.8380159444452233,0.0,0,0,0.0,0.0,0,0,0.0,0.0,0,0,0.0,0.0,0,0,0.0,867.0,3,2,867.0,0.0,0,0,0.0,0.0,0,0,0.0,734.0,5,2,734.0,0.0,0,0,0.0,0.0,0,0,0.0,1342.0,5,2,1342.0,0.0,0,0,0.0,0.0,0.0,0.0,0.0,0.1566395663956639,0.0,0.0,0.1326106594399277,0.0,0.0,0.242457091237579,0.0,1.5356974458119903,0.3569241572433722,0.7844319855023218,,,,,77.0,,,79.0,0.0,,151.0,,,,,,2.6365194805194805,,,2.695,,,2.6190794701986757,,,,,,4.37612637291223,,,6.691288516318644,,,3.68570070580106,
S019,R019,PUB,8,Image_030,116386,131036,14650,1758,1610,143,3684.621,1369,116392,131034,1920.0,1079.0,2275.0,1279.0,2.6914689554419287,2.666,-0.3533387100716081,-2.6652062796641096,2.758291001914486,0.1891161216358526,2.739,zhidaoyu,2.5259794285714285,2.541,875.0,6.551499390638068,4.919323101141283,0.9158134243458476,0.0813424345847554,51,11298.0,221.52941176470588,67.0,742.0,116392.0,292.0,15411.064014421416,308.2212802884283,19,2.755057619938308,6.0,70,2152.0,30.742857142857144,6.997341305275414,0.0,0,0,0.0,0.0,0,0,0.0,0.0,0,0,0.0,0.0,0,0,0.0,0.0,0,0,0.0,350.0,1,1,350.0,0.0,0,0,0.0,1450.0,6,6,1450.0,742.0,6,4,742.0,0.0,0,0,0.0,0.0,0,0,0.0,0.0,0,0,0.0,0.0,0.0,0.0,0.0,0.0,0.0309789343246592,0.0,0.1283412993450168,0.0656753407682775,0.0,0.0,0.0,1.374391062171646,0.4295365785565674,0.8221216889588251,0.0,,,,,42.0,,124.0,36.0,,,,,,,,,2.6017380952380957,,2.7103790322580648,2.7142222222222223,,,,,,,,,2.999179874933193,,7.300122938488209,7.452269465126039,,,
S019,R019,PUB,9,Image_031,131036,146586,15550,1866,1192,661,2856.725,964,131042,146584,1621.0,1080.0,2731.0,1820.0,2.9634076763485475,3.001,1.0846070269409294,9.565534866739688,2.758291001914486,0.1891161216358526,2.739,zhidaoyu,2.5259794285714285,2.541,875.0,17.31717379917489,18.10310901219992,0.6387995712754555,0.3542336548767417,26,7375.0,283.65384615384613,67.0,1675.0,131042.0,742.0,7593.105926781737,303.7242370712695,7,1.8423709931771088,6.0,66,1836.0,27.818181818181817,3.898238879240516,0.0,0,0,0.0,0.0,0,0,0.0,1675.0,1,1,1675.0,0.0,0,0,0.0,0.0,0,0,0.0,0.0,0,0,0.0,0.0,0,0,0.0,0.0,0,0,0.0,1600.0,9,3,1600.0,0.0,0,0,0.0,0.0,0,0,0.0,0.0,0,0,0.0,0.0,0.0,0.2271186440677966,0.0,0.0,0.0,0.0,0.0,0.2169491525423728,0.0,0.0,0.0,0.9996216598529408,0.5002622224812073,0.8352417302798982,,,184.0,,,,,,181.0,0.0,,,,,2.7531141304347826,,,,,,3.120331491712707,,,,,,8.991945828783349,,,,,,23.529568626669903,,,
S019,R019,PUB,10,Image_002,146586,156269,9683,1162,518,641,814.306,265,146592,156267,810.0,1080.0,3072.0,4096.0,3.0728528301886797,3.076,1.6633263497222566,12.303760496531588,2.758291001914486,0.1891161216358526,2.739,zhidaoyu,2.5259794285714285,2.541,875.0,21.64995468417317,21.054702872884697,0.4457831325301205,0.5516351118760757,10,2174.0,217.4,83.0,375.0,146717.0,108.0,1538.4361730201572,170.93735255779524,4,1.0,131.0,35,844.0,24.114285714285717,1.1395823503853015,0.0,0,0,0.0,0.0,0,0,0.0,0.0,0,0,0.0,0.0,0,0,0.0,0.0,0,0,0.0,0.0,0,0,0.0,0.0,0,0,0.0,0.0,0,0,0.0,0.0,0,0,0.0,0.0,0,0,0.0,1208.0,5,2,1208.0,0.0,0,0,0.0,0.0,0.0,0.0,0.0,0.0,0.0,0.0,0.0,0.0,0.0,0.5556577736890524,0.0,-0.0,1.0,0.9166666666666666,,,,,,,,,0.0,0.0,143.0,,,,,,,,,,,,3.119902097902098,,,,,,,,,,,,23.512569525024336,
S019,R019,PUB,11,Image_003,156269,167185,10916,1310,869,440,2085.831,751,156276,167184,1620.0,1080.0,5472.0,3648.0,2.777404793608522,2.77,0.1010690761247741,1.131799926980655,2.758291001914486,0.1891161216358526,2.739,zhidaoyu,2.5259794285714285,2.541,875.0,9.953579280702522,9.012199921290836,0.6633587786259542,0.3358778625954198,19,5183.0,272.7894736842105,108.0,508.0,156642.0,175.0,5573.825022862695,309.65694571459414,6,2.584962500721156,373.0,41,1237.0,30.170731707317078,2.862779475839841,0.0,0,0,0.0,0.0,0,0,0.0,0.0,0,0,0.0,0.0,0,0,0.0,508.0,1,1,508.0,0.0,0,0,0.0,0.0,0,0,0.0,584.0,2,1,584.0,108.0,1,1,108.0,0.0,0,0,0.0,0.0,0,0,0.0,242.0,1,1,242.0,0.0,0.0,0.0,0.0,0.0980127339378738,0.0,0.0,0.1126760563380281,0.0208373528844298,0.0,0.0,0.0466911055373335,1.7705530103224476,0.3219003502994185,0.7645631067961165,,,,,60.0,,,67.0,6.0,,,28.0,,,,,2.75885,,,2.794268656716418,3.002166666666666,,,2.944607142857143,,,,,9.21902089916354,,,10.6211960837987,18.85158812890832,,,16.57288691865832
S019,R019,PUB,12,Image_004,167185,176019,8834,1060,796,258,1756.571,614,167193,176018,1439.0,1080.0,1706.0,1280.0,2.8608648208469054,2.8355,0.5423853770115242,3.5231836436655644,2.758291001914486,0.1891161216358526,2.739,zhidaoyu,2.5259794285714285,2.541,875.0,13.25764527167475,11.589925226288852,0.7509433962264151,0.2433962264150943,18,4300.0,238.88888888888889,67.0,558.0,167268.0,67.0,4946.090792910441,290.946517230026,10,2.521928094887362,83.0,53,1561.0,29.452830188679247,2.749049865430874,0.0,0,0,0.0,0.0,0,0,0.0,1741.0,7,3,1741.0,0.0,0,0,0.0,0.0,0,0,0.0,0.0,0,0,0.0,0.0,0,0,0.0,0.0,0,0,0.0,850.0,5,4,850.0,0.0,0,0,0.0,0.0,0,0,0.0,0.0,0,0,0.0,0.0,0.0,0.4048837209302325,0.0,0.0,0.0,0.0,0.0,0.1976744186046511,0.0,0.0,0.0,0.912930611885277,0.55912764563259,0.8619902225652901,,,208.0,,0.0,,,0.0,89.0,,,,,,2.9602115384615386,,,,,,2.9344494382022472,,,,,,17.190643161163457,,,,,,16.170757568751444,,,
S019,R019,PUB,13,Image_005,176019,182635,6616,794,652,137,1392.183,510,176026,182634,1920.0,1080.0,960.0,540.0,2.729770588235294,2.706,-0.1508090025984607,-1.204819277108431,2.758291001914486,0.1891161216358526,2.739,zhidaoyu,2.5259794285714285,2.541,875.0,8.067807574312665,6.493506493506496,0.8211586901763224,0.172544080604534,18,3624.0,201.33333333333331,75.0,400.0,176584.0,250.0,4343.443423992363,255.4966719995508,4,1.5,565.0,45,1393.0,30.95555555555556,1.9716869975188724,0.0,0,0,0.0,0.0,0,0,0.0,0.0,0,0,0.0,0.0,0,0,0.0,0.0,0,0,0.0,0.0,0,0,0.0,117.0,1,1,117.0,599.0,3,2,599.0,0.0,0,0,0.0,0.0,0,0,0.0,0.0,0,0,0.0,0.0,0,0,0.0,0.0,0.0,0.0,0.0,0.0,0.0,0.0322847682119205,0.1652869757174393,0.0,0.0,0.0,0.0,0.6424001687841714,0.7265885896195499,0.8894320297951583,,,,,0.0,,11.0,58.0,,,,0.0,,,,,,,2.861818181818182,2.689258620689656,,,,,,,,,,,13.295387501896142,6.463995322818985,,,,
S019,R019,PUB,14,Image_006,182635,189952,7317,878,437,438,819.014,301,182643,189951,1439.0,1080.0,1706.0,1280.0,2.7209767441860464,2.749,-0.1973087085631399,0.3650967506389277,2.758291001914486,0.1891161216358526,2.739,zhidaoyu,2.5259794285714285,2.541,875.0,7.719671562206621,8.185753640299103,0.4977220956719818,0.4988610478359909,9,1808.0,200.88888888888889,67.0,550.0,184801.0,550.0,1741.6503505068506,217.70629381335635,1,-0.0,2166.0,37,882.0,23.83783783783784,0.9680137025691647,0.0,0,0,0.0,0.0,0,0,0.0,0.0,0,0,0.0,0.0,0,0,0.0,0.0,0,0,0.0,0.0,0,0,0.0,0.0,0,0,0.0,0.0,0,0,0.0,283.0,3,1,283.0,0.0,0,0,0.0,0.0,0,0,0.0,0.0,0,0,0.0,0.0,0.0,0.0,0.0,0.0,0.0,0.0,0.0,0.1565265486725663,0.0,0.0,0.0,-0.0,1.0,0.9166666666666666,,,,,0.0,,,,24.0,,0.0,,,,,,,,,,2.69925,,,,,,,,,,,,6.859540084479809,,,
S019,R019,PUB,15,Image_007,189952,198418,8466,1016,285,727,586.907,196,189960,198418,1439.0,1080.0,1706.0,1280.0,2.9944234693877547,3.0325,1.248610987951344,10.715589631252277,2.758291001914486,0.1891161216358526,2.739,zhidaoyu,2.5259794285714285,2.541,875.0,18.54504575602405,19.34277843368752,0.280511811023622,0.7155511811023622,8,917.0,114.625,67.0,242.0,194093.0,75.0,2523.5985335787964,360.5140762255424,3,1.584962500721156,4141.0,32,861.0,26.90625,1.4026224951390531,67.0,1,1,67.0,0.0,0,0,0.0,0.0,0,0,0.0,0.0,0,0,0.0,0.0,0,0,0.0,0.0,0,0,0.0,0.0,0,0,0.0,325.0,2,1,325.0,67.0,1,1,67.0,0.0,0,0,0.0,0.0,0,0,0.0,0.0,0,0,0.0,0.0730643402399127,0.0,0.0,0.0,0.0,0.0,0.0,0.3544165757906216,0.0730643402399127,0.0,0.0,0.0,1.1631518214225618,0.5439645720307005,0.843681917211329,7.0,,,,,,,32.0,7.0,,,,3.2034285714285717,,,,,,,3.1025,3.2034285714285717,,,,26.81926603180118,,,,,,,22.823644757654403,26.81926603180118,,,
S019,R019,PUB,16,Image_008,198418,209435,11017,1321,1029,277,2481.409,898,198426,209426,1440.0,1080.0,4096.0,3072.0,2.7632616926503344,2.8335,0.0262838022102599,3.4501642935377888,2.758291001914486,0.1891161216358526,2.739,zhidaoyu,2.5259794285714285,2.541,875.0,9.393673653672677,11.511216056670602,0.7789553368660106,0.2096896290688872,25,4491.0,179.64,67.0,442.0,198426.0,133.0,5995.851610688858,249.82715044536909,5,1.9219280948873625,8.0,102,2440.0,23.92156862745098,3.3310286726049214,0.0,0,0,0.0,0.0,0,0,0.0,0.0,0,0,0.0,0.0,0,0,0.0,0.0,0,0,0.0,0.0,0,0,0.0,0.0,0,0,0.0,0.0,0,0,0.0,133.0,1,1,133.0,0.0,0,0,0.0,2050.0,12,2,2050.0,0.0,0,0,0.0,0.0,0.0,0.0,0.0,0.0,0.0,0.0,0.0,0.0296147851258071,0.0,0.4564684925406368,0.0,0.3311072430132759,0.885573127962314,0.9065124446480378,,,,,,,,,10.0,,228.0,,,,,,,,,,2.8356000000000003,,2.9177631578947367,,,,,,,,,,12.257446277132914,,15.51017102086544,
S019,R019,PUB,17,Image_009,209435,216435,7000,840,270,564,498.09,188,209435,216426,1440.0,1080.0,4032.0,3024.0,2.649414893617021,2.5915,-0.5757103485186108,-5.385177071924059,2.758291001914486,0.1891161216358526,2.739,zhidaoyu,2.5259794285714285,2.541,875.0,4.8866377789704325,1.9874065328610784,0.3214285714285714,0.6714285714285714,6,900.0,150.0,67.0,350.0,211226.0,75.0,271.2284429930156,54.24568859860312,0,0.0,1791.0,16,418.0,26.125,0.1506824683294531,0.0,0,0,0.0,0.0,0,0,0.0,0.0,0,0,0.0,0.0,0,0,0.0,0.0,0,0,0.0,0.0,0,0,0.0,0.0,0,0,0.0,0.0,0,0,0.0,0.0,0,0,0.0,0.0,0,0,0.0,0.0,0,0,0.0,0.0,0,0,0.0,0.0,0.0,0.0,0.0,0.0,0.0,0.0,0.0,0.0,0.0,0.0,0.0,0.0,0.0,0.0,,,,,0.0,,,0.0,0.0,,,0.0,,,,,,,,,,,,,,,,,,,,,,,,
S019,R019,PUB,18,Image_010,216435,221334,4899,588,389,197,922.319,350,216435,221327,1440.0,1080.0,1600.0,1200.0,2.635197142857143,2.6315,-0.650890352406673,-3.92479006936838,2.758291001914486,0.1891161216358526,2.739,zhidaoyu,2.5259794285714285,2.541,875.0,4.323776870482374,3.56158992522629,0.6615646258503401,0.3350340136054421,9,2000.0,222.22222222222223,142.0,383.0,217143.0,183.0,3005.13655321013,375.64206915126624,2,1.0,708.0,28,761.0,27.178571428571427,1.669520307338961,0.0,0,0,0.0,0.0,0,0,0.0,0.0,0,0,0.0,0.0,0,0,0.0,0.0,0,0,0.0,0.0,0,0,0.0,0.0,0,0,0.0,183.0,1,1,183.0,0.0,0,0,0.0,766.0,3,2,766.0,0.0,0,0,0.0,0.0,0,0,0.0,0.0,0.0,0.0,0.0,0.0,0.0,0.0,0.0915,0.0,0.383,0.0,0.0,0.7073636277476669,0.6887012117463782,0.8845275728837373,,,,,,,,21.0,0.0,91.0,0.0,,,,,,,,,2.709047619047619,,2.689307692307692,,,,,,,,,,7.247414147775736,,6.4659379996864805,,
S019,R019,PUB,19,Image_011,221334,232118,10784,1294,583,709,1405.245,488,221335,232110,1440.0,1080.0,960.0,720.0,2.879600409836065,2.927,0.6414546093281421,6.8638189120116895,2.758291001914486,0.1891161216358526,2.739,zhidaoyu,2.5259794285714285,2.541,875.0,13.99936108999224,15.190869736324286,0.4505409582689335,0.5479134466769706,11,1667.0,151.54545454545453,67.0,283.0,222102.0,142.0,3029.3079676944017,302.9307967694402,4,2.0,768.0,64,1676.0,26.1875,1.6829488709413345,0.0,0,0,0.0,0.0,0,0,0.0,0.0,0,0,0.0,0.0,0,0,0.0,0.0,0,0,0.0,0.0,0,0,0.0,0.0,0,0,0.0,0.0,0,0,0.0,100.0,1,1,100.0,0.0,0,0,0.0,0.0,0,0,0.0,167.0,1,1,167.0,0.0,0.0,0.0,0.0,0.0,0.0,0.0,0.0,0.05998800239952,0.0,0.0,0.1001799640071985,0.9540883068911524,0.5314845207535525,0.8542446941323346,,,,,,,,0.0,6.0,,,20.0,,,,,,,,,3.0476666666666667,,,3.04845,,,,,,,,,20.652869623339694,,,20.68388069668704
S019,R019,PUB,20,Image_013,232118,239334,7216,866,133,733,267.55,104,232118,239327,1920.0,1080.0,3840.0,2160.0,2.572596153846153,2.571,-0.9819091384810242,-6.133625410733834,2.758291001914486,0.1891161216358526,2.739,zhidaoyu,2.5259794285714285,2.541,875.0,1.845491089414338,1.180637544273918,0.1535796766743649,0.8464203233256351,3,341.0,113.66666666666669,108.0,125.0,236318.0,108.0,1181.7516400051434,590.8758200025717,0,0.0,4200.0,11,275.0,25.0,0.5364509481173436,0.0,0,0,0.0,0.0,0,0,0.0,0.0,0,0,0.0,0.0,0,0,0.0,0.0,0,0,0.0,0.0,0,0,0.0,0.0,0,0,0.0,0.0,0,0,0.0,0.0,0,0,0.0,0.0,0,0,0.0,0.0,0,0,0.0,0.0,0,0,0.0,0.0,0.0,0.0,0.0,0.0,0.0,0.0,0.0,0.0,0.0,0.0,0.0,0.0,0.0,0.0,,,,,0.0,,,0.0,0.0,,0.0,0.0,,,,,,,,,,,,,,,,,,,,,,,,
S019,R019,PUB,21,Image_014,239334,246084,6750,810,398,410,983.464,356,239335,246077,1440.0,1080.0,4032.0,3024.0,2.7625393258426967,2.709,0.0224641024332698,-1.095290251916751,2.758291001914486,0.1891161216358526,2.739,zhidaoyu,2.5259794285714285,2.541,875.0,9.365076159984998,6.61157024793389,0.491358024691358,0.5061728395061729,8,2224.0,278.0,83.0,558.0,240727.0,158.0,2240.356848911308,320.0509784159011,5,2.321928094887362,1393.0,28,735.0,26.25,1.2446426938396151,0.0,0,0,0.0,0.0,0,0,0.0,575.0,2,2,575.0,0.0,0,0,0.0,0.0,0,0,0.0,716.0,2,1,716.0,0.0,0,0,0.0,0.0,0,0,0.0,108.0,1,1,108.0,0.0,0,0,0.0,0.0,0,0,0.0,0.0,0,0,0.0,0.0,0.0,0.2585431654676259,0.0,0.0,0.3219424460431654,0.0,0.0,0.0485611510791366,0.0,0.0,0.0,1.307074185257597,0.4368202346105485,0.8224326900166786,,,69.0,,0.0,86.0,,0.0,10.0,,,,,,2.9623913043478263,,,2.6519767441860465,,,2.8243,,,,,,17.27693705024396,,,4.988057867354679,,,11.810095048845554,,,
S019,R019,PUB,22,Image_015,246084,253550,7466,903,275,622,543.384,189,246085,253544,1440.0,1080.0,4032.0,3024.0,2.8750476190476197,2.865,0.6173805602779365,4.600219058050396,2.758291001914486,0.1891161216358526,2.739,zhidaoyu,2.5259794285714285,2.541,875.0,13.8191224571297,12.750885478158215,0.3045404208194905,0.6888150609080842,7,1433.0,204.7142857142857,92.0,383.0,246994.0,92.0,2477.857528931057,412.9762548218429,2,1.0,910.0,19,502.0,26.42105263157895,1.3765875160728096,0.0,0,0,0.0,0.0,0,0,0.0,0.0,0,0,0.0,0.0,0,0,0.0,0.0,0,0,0.0,0.0,0,0,0.0,0.0,0,0,0.0,0.0,0,0,0.0,0.0,0,0,0.0,0.0,0,0,0.0,200.0,1,1,200.0,0.0,0,0,0.0,0.0,0.0,0.0,0.0,0.0,0.0,0.0,0.0,0.0,0.0,0.1395673412421493,0.0,-0.0,1.0,0.9166666666666666,,,,,0.0,,,,0.0,0.0,0.0,,,,,,,,,,,,,,,,,,,,,,,,,
S019,R019,PUB,23,Image_016,253550,261550,8000,960,369,591,786.233,298,253552,261544,1440.0,1080.0,4032.0,3024.0,2.6383657718120808,2.6235,-0.634135414078151,-4.216867469879515,2.758291001914486,0.1891161216358526,2.739,zhidaoyu,2.5259794285714285,2.541,875.0,4.449218468268069,3.246753246753248,0.384375,0.615625,8,1825.0,228.125,183.0,283.0,256577.0,225.0,1668.83810978449,238.40544425492712,3,0.9182958340544896,3027.0,25,675.0,27.0,0.9271322832136056,0.0,0,0,0.0,0.0,0,0,0.0,0.0,0,0,0.0,0.0,0,0,0.0,0.0,0,0,0.0,0.0,0,0,0.0,0.0,0,0,0.0,0.0,0,0,0.0,0.0,0,0,0.0,0.0,0,0,0.0,733.0,3,2,733.0,0.0,0,0,0.0,0.0,0.0,0.0,0.0,0.0,0.0,0.0,0.0,0.0,0.0,0.4016438356164383,0.0,-0.0,1.0,0.9166666666666666,,,,,,,,,0.0,,88.0,,,,,,,,,,,,2.7400454545454545,,,,,,,,,,,,8.47457519062581,
S019,R019,PUB,24,Image_017,261550,268334,6784,814,499,315,1176.236,442,261552,268327,1440.0,1080.0,4032.0,3024.0,2.6611674208144795,2.636,-0.513565846527988,-3.760496531580861,2.758291001914486,0.1891161216358526,2.739,zhidaoyu,2.5259794285714285,2.541,875.0,5.3519039274008176,3.738685556867383,0.6130221130221131,0.386977886977887,15,3059.0,203.9333333333333,67.0,358.0,263269.0,200.0,4354.087040348965,311.00621716778323,8,2.1556390622295662,1719.0,28,800.0,28.571428571428573,2.418937244638314,0.0,0,0,0.0,0.0,0,0,0.0,0.0,0,0,0.0,0.0,0,0,0.0,67.0,1,1,67.0,0.0,0,0,0.0,0.0,0,0,0.0,0.0,0,0,0.0,367.0,2,1,367.0,0.0,0,0,0.0,1083.0,5,3,1083.0,0.0,0,0,0.0,0.0,0.0,0.0,0.0,0.0219025825433148,0.0,0.0,0.0,0.1199738476626348,0.0,0.3540372670807453,0.0,1.0411913537974962,0.5701443842994078,0.8616238189408921,,,,,1.0,,,,44.0,,152.0,,,,,,2.602,,,,2.800863636363637,,2.6775723684210524,,,,,,3.009548318909504,,,,10.882282123242357,,6.001352906320281,
S019,R019,PUB,25,Image_018,268334,276233,7899,948,607,339,1278.709,459,268335,276227,1440.0,1080.0,3648.0,2736.0,2.785858387799564,2.788,0.1457696236926835,1.7889740781307024,2.758291001914486,0.1891161216358526,2.739,zhidaoyu,2.5259794285714285,2.541,875.0,10.288245275818046,9.72058244785517,0.640295358649789,0.3575949367088608,14,3383.0,241.64285714285717,67.0,983.0,268910.0,200.0,4638.959053807961,356.8430041390739,5,2.321928094887362,576.0,34,987.0,29.029411764705884,2.577199474337756,0.0,0,0,0.0,0.0,0,0,0.0,925.0,4,1,925.0,0.0,0,0,0.0,0.0,0,0,0.0,0.0,0,0,0.0,0.0,0,0,0.0,0.0,0,0,0.0,175.0,2,1,175.0,0.0,0,0,0.0,167.0,1,1,167.0,0.0,0,0,0.0,0.0,0.0,0.2734259532958912,0.0,0.0,0.0,0.0,0.0,0.0517292344073307,0.0,0.0493644694058527,0.0,1.1111851026197177,0.5694544720607941,0.8497106024730334,,0.0,110.0,,,,,,1.0,,5.0,,,,2.875336363636364,,,,,,2.914,,3.0002,,,,13.83055345238953,,,,,,15.361192852153083,,18.773730540504346,
S019,R019,PUB,26,Image_019,276233,284267,8034,964,608,354,1313.42,467,276236,284261,1439.0,1080.0,1706.0,1280.0,2.8124625267665952,2.81,0.2864458322406672,2.5921869295363336,2.758291001914486,0.1891161216358526,2.739,zhidaoyu,2.5259794285714285,2.541,875.0,11.3414660054135,10.586383313656048,0.6307053941908713,0.3672199170124481,13,3058.0,235.23076923076923,75.0,433.0,276994.0,150.0,5529.153823266203,460.76281860551694,3,1.584962500721156,761.0,44,1235.0,28.068181818181817,3.0731177833580423,0.0,0,0,0.0,0.0,0,0,0.0,0.0,0,0,0.0,0.0,0,0,0.0,75.0,1,1,75.0,0.0,0,0,0.0,0.0,0,0,0.0,0.0,0,0,0.0,0.0,0,0,0.0,0.0,0,0,0.0,150.0,1,1,150.0,0.0,0,0,0.0,0.0,0.0,0.0,0.0,0.0245258338783518,0.0,0.0,0.0,0.0,0.0,0.0490516677567037,0.0,0.9182958340544896,0.5555555555555556,0.8611111111111112,,,,,3.0,,,,0.0,,18.0,,,,,,3.022333333333333,,,,,,2.756611111111111,,,,,,19.64995831508488,,,,,,9.130386412929596,
S019,R019,PUB,27,Image_020,284267,287933,3666,440,218,219,305.138,118,284269,287927,1439.0,1080.0,1706.0,1280.0,2.5859152542372885,2.569,-0.9114809789146956,-6.206644760861626,2.758291001914486,0.1891161216358526,2.739,zhidaoyu,2.5259794285714285,2.541,875.0,2.372775684074228,1.1019283746556483,0.4954545454545455,0.4977272727272727,6,1268.0,211.33333333333331,67.0,292.0,286402.0,192.0,1276.8734625280715,255.37469250561435,3,1.584962500721156,2135.0,15,476.0,31.73333333333333,0.7096895239704122,617.0,3,1,617.0,0.0,0,0,0.0,0.0,0,0,0.0,0.0,0,0,0.0,0.0,0,0,0.0,0.0,0,0,0.0,0.0,0,0,0.0,384.0,2,2,384.0,617.0,3,1,617.0,0.0,0,0,0.0,0.0,0,0,0.0,0.0,0,0,0.0,0.4865930599369085,0.0,0.0,0.0,0.0,0.0,0.0,0.3028391167192429,0.4865930599369085,0.0,0.0,0.0,1.553241923117675,0.3471582826697795,0.7740008240626287,15.0,,,,,,,46.0,15.0,,,,2.6897333333333338,,,,,,,2.574717391304348,2.6897333333333338,,,,6.48278853381306,,,,,,,1.9294679197163145,6.48278853381306,,,
S019,R019,PUB,28,Image_021,287933,295016,7083,850,737,108,1824.92,628,287936,295011,1440.0,1080.0,4032.0,3024.0,2.905923566878981,2.88,0.7806450538826338,5.147864184008763,2.758291001914486,0.1891161216358526,2.739,zhidaoyu,2.5259794285714285,2.541,875.0,15.041458137385964,13.341204250295158,0.8670588235294118,0.1270588235294117,25,3827.0,153.08,67.0,325.0,288027.0,100.0,7814.294439011386,325.59560162547444,8,2.25,94.0,59,1646.0,27.89830508474576,4.341274688339659,0.0,0,0,0.0,0.0,0,0,0.0,0.0,0,0,0.0,817.0,5,3,817.0,0.0,0,0,0.0,0.0,0,0,0.0,0.0,0,0,0.0,0.0,0,0,0.0,384.0,3,2,384.0,0.0,0,0,0.0,0.0,0,0,0.0,0.0,0,0,0.0,0.0,0.0,0.0,0.2134831460674157,0.0,0.0,0.0,0.0,0.1003396916644891,0.0,0.0,0.0,0.9040914737140044,0.5649919821187034,0.8633777407715792,,,,65.0,,,,0.0,45.0,,,,,,,2.9533384615384617,,,,,3.023311111111111,,,,,,,16.91854763871639,,,,,19.68866717259646,,,
S019,R019,PUB,29,Image_022,295016,303550,8534,1024,360,663,693.854,241,295019,303544,1620.0,1080.0,5472.0,3648.0,2.8790622406639,2.924,0.6386089017940083,6.75428988682001,2.758291001914486,0.1891161216358526,2.739,zhidaoyu,2.5259794285714285,2.541,875.0,13.978055723603344,15.072805981896892,0.3515625,0.6474609375,5,975.0,195.0,100.0,292.0,296086.0,100.0,1507.6334780825323,376.9083695206331,0,0.0,1070.0,37,916.0,24.75675675675676,0.7743375797482457,0.0,0,0,0.0,0.0,0,0,0.0,0.0,0,0,0.0,0.0,0,0,0.0,0.0,0,0,0.0,0.0,0,0,0.0,0.0,0,0,0.0,0.0,0,0,0.0,0.0,0,0,0.0,0.0,0,0,0.0,0.0,0,0,0.0,0.0,0,0,0.0,0.0,0.0,0.0,0.0,0.0,0.0,0.0,0.0,0.0,0.0,0.0,0.0,0.0,0.0,0.0,,,,,,,,0.0,0.0,,,,,,,,,,,,,,,,,,,,,,,,,,,
S019,R019,PUB,30,Image_024,303550,315833,12283,1474,688,763,1280.402,455,303553,315828,1440.0,1080.0,4032.0,3024.0,2.8140703296703298,2.813,0.2949475024834104,2.7017159547280136,2.758291001914486,0.1891161216358526,2.739,zhidaoyu,2.5259794285714285,2.541,875.0,11.405116678318771,10.70444706808344,0.4667571234735413,0.5176390773405699,18,3917.0,217.61111111111111,67.0,400.0,308319.0,67.0,5884.944709592858,346.1732182113446,11,2.8453509366224363,4769.0,42,1260.0,30.0,3.269413727551588,0.0,0,0,0.0,0.0,0,0,0.0,0.0,0,0,0.0,0.0,0,0,0.0,0.0,0,0,0.0,417.0,2,1,417.0,0.0,0,0,0.0,750.0,4,4,750.0,200.0,1,1,200.0,0.0,0,0,0.0,0.0,0,0,0.0,233.0,1,1,233.0,0.0,0.0,0.0,0.0,0.0,0.1064590247638498,0.0,0.1914730661220321,0.0510594842992085,0.0,0.0,0.0594842992085779,1.797784634260194,0.32448359375,0.7621875,,,,,0.0,50.0,,22.0,24.0,,,27.0,,,,,,2.68796,,2.989181818181818,2.861375,,,2.9874444444444443,,,,,,6.412584742235201,,18.337536100693995,13.277842552275064,,,18.268755899330426
S019,R019,PUB,31,Image_025,315833,331149,15316,1838,1169,662,2722.651,978,315836,331145,1620.0,1080.0,5472.0,3648.0,2.78389672801636,2.77,0.1353968444381373,1.131799926980655,2.758291001914486,0.1891161216358526,2.739,zhidaoyu,2.5259794285714285,2.541,875.0,10.210585902942071,9.012199921290836,0.6360174102285092,0.3601741022850925,34,6775.0,199.26470588235293,67.0,400.0,316519.0,200.0,9508.274630099637,288.12953424544355,5,1.9219280948873625,686.0,71,2016.0,28.3943661971831,4.883557225073737,0.0,0,0,0.0,0.0,0,0,0.0,0.0,0,0,0.0,0.0,0,0,0.0,0.0,0,0,0.0,0.0,0,0,0.0,0.0,0,0,0.0,825.0,4,2,825.0,159.0,2,1,159.0,0.0,0,0,0.0,0.0,0,0,0.0,0.0,0,0,0.0,0.0,0.0,0.0,0.0,0.0,0.0,0.0,0.1217712177121771,0.0234686346863468,0.0,0.0,0.0,0.6380887991145605,0.7290489292088043,0.8897357723577236,,,,,,,,80.0,17.0,,,0.0,,,,,,,,2.921125,2.904235294117647,,,,,,,,,,,15.643261657599744,14.974621775132258,,,
S020,R020,PUB,1,Image_001,84416,93549,9133,1096,1012,84,2838.959,995,84417,93542,1440.0,1080.0,4032.0,3024.0,2.8532251256281405,2.869,0.2187909795264623,1.4497878359264629,2.8250005047318614,0.1290026716703161,2.828,zhidaoyu,2.790302091713596,2.783,2486.0,2.255061704659438,3.0901904419691086,0.9233576642335768,0.0766423357664233,29,7924.0,273.2413793103448,83.0,692.0,84417.0,558.0,6391.026348657668,228.2509410234881,16,3.077819531114783,1.0,31,985.0,31.774193548387096,3.550570193698704,0.0,0,0,0.0,0.0,0,0,0.0,0.0,0,0,0.0,0.0,0,0,0.0,550.0,2,2,550.0,0.0,0,0,0.0,0.0,0,0,0.0,742.0,3,2,742.0,933.0,5,2,933.0,0.0,0,0,0.0,2024.0,5,4,2024.0,0.0,0,0,0.0,0.0,0.0,0.0,0.0,0.069409389197375,0.0,0.0,0.0936395759717314,0.117743563856638,0.0,0.2554265522463402,0.0,1.8113706170246957,0.3223733620043557,0.7571389346512905,,,,,66.0,,,89.0,112.0,,181.0,0.0,,,,,2.913242424242424,,,2.9573483146067416,2.893232142857143,,2.764171270718232,,,,,,4.405986466265647,,,5.986671600513276,3.688849728823983,,-0.9364871664958792,
S020,R020,PUB,2,Image_012,93549,97299,3750,450,439,11,1184.42,437,93550,97292,1440.0,1080.0,4032.0,3024.0,2.710343249427918,2.709,-0.8887975250385957,-4.2079207920792,2.8250005047318614,0.1290026716703161,2.828,zhidaoyu,2.790302091713596,2.783,2486.0,-2.8655980484383075,-2.659001077973405,0.9755555555555556,0.0244444444444444,13,3850.0,296.15384615384613,117.0,625.0,93550.0,558.0,3255.484425799448,271.2903688166206,6,1.9182958340544891,1.0,13,393.0,30.23076923076923,1.808602458777471,0.0,0,0,0.0,0.0,0,0,0.0,0.0,0,0,0.0,0.0,0,0,0.0,1566.0,5,2,1566.0,0.0,0,0,0.0,0.0,0,0,0.0,0.0,0,0,0.0,0.0,0,0,0.0,0.0,0,0,0.0,1375.0,3,2,1375.0,0.0,0,0,0.0,0.0,0.0,0.0,0.0,0.4067532467532467,0.0,0.0,0.0,0.0,0.0,0.3571428571428571,0.0,0.9969554232582224,0.5021088548549907,0.8387453247194832,,,,,188.0,,,,0.0,0.0,95.0,,,,,,2.704702127659574,,,,,,2.739115789473684,,,,,,-3.0677669026672354,,,,,,-1.834435862407891,
S020,R020,PUB,3,Image_023,97299,99933,2634,316,295,21,802.41,290,97300,99925,1440.0,1080.0,960.0,720.0,2.7669310344827585,2.767,-0.450141609450596,-2.157001414427155,2.8250005047318614,0.1290026716703161,2.828,zhidaoyu,2.790302091713596,2.783,2486.0,-0.837581611691538,-0.5749191519942514,0.9335443037974684,0.0664556962025316,8,2907.0,363.375,83.0,775.0,97300.0,625.0,1140.7583546512865,162.96547923589804,0,0.0,1.0,9,276.0,30.666666666666668,0.6337546414729368,0.0,0,0,0.0,0.0,0,0,0.0,0.0,0,0,0.0,0.0,0,0,0.0,0.0,0,0,0.0,0.0,0,0,0.0,0.0,0,0,0.0,0.0,0,0,0.0,0.0,0,0,0.0,0.0,0,0,0.0,0.0,0,0,0.0,0.0,0,0,0.0,0.0,0.0,0.0,0.0,0.0,0.0,0.0,0.0,0.0,0.0,0.0,0.0,0.0,0.0,0.0,,,,,,,,0.0,0.0,0.0,,0.0,,,,,,,,,,,,,,,,,,,,,,,,
S020,R020,PUB,4,Image_026,99933,102549,2616,314,300,14,814.451,299,99933,102542,1439.0,1080.0,1706.0,1280.0,2.7239163879598665,2.727,-0.7835815759717683,-3.5714285714285707,2.8250005047318614,0.1290026716703161,2.828,zhidaoyu,2.790302091713596,2.783,2486.0,-2.37915829798057,-2.01221703197988,0.9554140127388536,0.0445859872611464,11,2933.0,266.6363636363636,100.0,775.0,99933.0,775.0,3134.629739979373,313.4629739979373,0,0.0,0.0,11,344.0,31.272727272727277,1.742235196575362,0.0,0,0,0.0,0.0,0,0,0.0,0.0,0,0,0.0,0.0,0,0,0.0,0.0,0,0,0.0,0.0,0,0,0.0,0.0,0,0,0.0,0.0,0,0,0.0,0.0,0,0,0.0,0.0,0,0,0.0,0.0,0,0,0.0,0.0,0,0,0.0,0.0,0.0,0.0,0.0,0.0,0.0,0.0,0.0,0.0,0.0,0.0,0.0,0.0,0.0,0.0,,,,,0.0,,,0.0,0.0,,,,,,,,,,,,,,,,,,,,,,,,,,,
S020,R020,PUB,5,Image_027,102549,104749,2200,264,264,0,735.911,264,102550,104742,810.0,1080.0,1280.0,1706.0,2.787541666666667,2.756,-0.2903725758558374,-2.5459688826025486,2.8250005047318614,0.1290026716703161,2.828,zhidaoyu,2.790302091713596,2.783,2486.0,-0.0989292541164901,-0.9701760689903032,1.0,0.0,5,2458.0,491.6,233.0,658.0,102550.0,450.0,734.0106935672031,183.5026733918008,2,1.0,1.0,4,100.0,25.0,0.5437116248645949,0.0,0,0,0.0,0.0,0,0,0.0,1958.0,4,2,1958.0,0.0,0,0,0.0,0.0,0,0,0.0,0.0,0,0,0.0,0.0,0,0,0.0,0.0,0,0,0.0,0.0,0,0,0.0,0.0,0,0,0.0,0.0,0,0,0.0,0.0,0,0,0.0,0.0,0.0,0.7965825874694874,0.0,0.0,0.0,0.0,0.0,0.0,0.0,0.0,0.0,-0.0,1.0,0.9166666666666666,,,192.0,,,,,0.0,0.0,,,,,,2.80515625,,,,,,,,,,,,0.532349466049456,,,,,,,,,
S020,R020,PUB,6,Image_028,104749,107583,2834,340,322,18,880.452,315,104750,107575,1620.0,1080.0,5472.0,3648.0,2.7950857142857144,2.829,-0.23189279771351,0.0353606789250471,2.8250005047318614,0.1290026716703161,2.828,zhidaoyu,2.790302091713596,2.783,2486.0,0.1714374435056514,1.6528925619834804,0.9470588235294116,0.0529411764705882,12,2793.0,232.75,125.0,617.0,104750.0,617.0,3892.7330654999273,353.88482413635705,5,0.9709505944546686,1.0,13,384.0,29.53846153846154,1.999351662301155,0.0,0,0,0.0,0.0,0,0,0.0,0.0,0,0,0.0,0.0,0,0,0.0,0.0,0,0,0.0,0.0,0,0,0.0,0.0,0,0,0.0,0.0,0,0,0.0,1851.0,9,3,1851.0,0.0,0,0,0.0,0.0,0,0,0.0,0.0,0,0,0.0,0.0,0.0,0.0,0.0,0.0,0.0,0.0,0.0,0.6627282491944146,0.0,0.0,0.0,-0.0,1.0,0.9166666666666666,0.0,,,,,,,0.0,196.0,,,,,,,,,,,,2.783729591836735,,,,,,,,,,,,-0.235547967955853,,,
S020,R020,PUB,7,Image_029,107583,110749,3166,380,380,0,1072.0,380,107584,110742,1620.0,1080.0,6000.0,4000.0,2.8210526315789477,2.829,-0.0306030340441587,0.0353606789250471,2.8250005047318614,0.1290026716703161,2.828,zhidaoyu,2.790302091713596,2.783,2486.0,1.10205056135935,1.6528925619834804,1.0,0.0,12,3000.0,250.0,92.0,450.0,107584.0,225.0,3090.069785182396,280.91543501658145,6,2.2516291673878226,1.0,11,351.0,31.90909090909091,1.587094737213265,0.0,0,0,0.0,0.0,0,0,0.0,0.0,0,0,0.0,0.0,0,0,0.0,1458.0,4,2,1458.0,0.0,0,0,0.0,0.0,0,0,0.0,633.0,3,2,633.0,0.0,0,0,0.0,0.0,0,0,0.0,0.0,0,0,0.0,0.0,0,0,0.0,0.0,0.0,0.0,0.0,0.486,0.0,0.0,0.211,0.0,0.0,0.0,0.0,0.8845976212348139,0.5778340870589058,0.8662123385939742,,,,,155.0,,,76.0,0.0,,0.0,,,,,,2.833232258064516,,,2.7694473684210528,,,,,,,,,1.538549050957983,,,-0.7474001956446121,,,,
S020,R020,PUB,8,Image_030,110749,112149,1400,168,154,14,395.655,152,110750,112142,1920.0,1079.0,2275.0,1279.0,2.602993421052632,2.546,-1.7209495028645505,-9.971711456859971,2.8250005047318614,0.1290026716703161,2.828,zhidaoyu,2.790302091713596,2.783,2486.0,-6.712845581029288,-8.515989938914844,0.9166666666666666,0.0833333333333333,6,1358.0,226.33333333333331,117.0,358.0,110750.0,358.0,1767.0603331152645,353.4120666230529,0,0.0,1.0,6,176.0,29.33333333333333,0.802327746238058,0.0,0,0,0.0,0.0,0,0,0.0,0.0,0,0,0.0,0.0,0,0,0.0,0.0,0,0,0.0,0.0,0,0,0.0,0.0,0,0,0.0,0.0,0,0,0.0,0.0,0,0,0.0,0.0,0,0,0.0,0.0,0,0,0.0,0.0,0,0,0.0,0.0,0.0,0.0,0.0,0.0,0.0,0.0,0.0,0.0,0.0,0.0,0.0,0.0,0.0,0.0,0.0,,,,,0.0,,0.0,0.0,,,,,,,,,,,,,,,,,,,,,,,,,,,
S020,R020,PUB,9,Image_031,112149,114099,1950,234,234,0,656.054,234,112150,114092,1621.0,1080.0,2731.0,1820.0,2.803649572649573,2.8385,-0.1655076736461197,0.3712871287128697,2.8250005047318614,0.1290026716703161,2.828,zhidaoyu,2.790302091713596,2.783,2486.0,0.4783525402362521,1.9942508084800528,1.0,0.0,9,2141.0,237.88888888888889,100.0,325.0,112150.0,325.0,2203.002724456624,275.37534055707795,0,0.0,1.0,8,234.0,29.25,1.1310036965583934,0.0,0,0,0.0,0.0,0,0,0.0,0.0,0,0,0.0,0.0,0,0,0.0,0.0,0,0,0.0,0.0,0,0,0.0,0.0,0,0,0.0,0.0,0,0,0.0,0.0,0,0,0.0,0.0,0,0,0.0,0.0,0,0,0.0,0.0,0,0,0.0,0.0,0.0,0.0,0.0,0.0,0.0,0.0,0.0,0.0,0.0,0.0,0.0,0.0,0.0,0.0,,,0.0,,,,,,0.0,0.0,,,,,,,,,,,,,,,,,,,,,,,,,,
S020,R020,PUB,10,Image_002,114099,116032,1933,232,232,0,648.586,232,114100,116025,810.0,1080.0,3072.0,4096.0,2.7956293103448275,2.824,-0.2276789620458087,-0.1414427157001415,2.8250005047318614,0.1290026716703161,2.828,zhidaoyu,2.790302091713596,2.783,2486.0,0.190919063819361,1.4732303269852651,1.0,0.0,8,2107.0,263.375,133.0,575.0,114100.0,258.0,1062.4659327140466,151.7808475305781,2,1.0,1.0,7,151.0,21.571428571428573,0.7870118020104049,0.0,0,0,0.0,0.0,0,0,0.0,0.0,0,0,0.0,0.0,0,0,0.0,0.0,0,0,0.0,0.0,0,0,0.0,0.0,0,0,0.0,0.0,0,0,0.0,0.0,0,0,0.0,1516.0,5,1,1516.0,333.0,2,1,333.0,0.0,0,0,0.0,0.0,0.0,0.0,0.0,0.0,0.0,0.0,0.0,0.0,0.7195064072140485,0.1580446131941148,0.0,0.6802899647302612,0.7046754110578533,0.8866504416801875,,,,,,,,,0.0,153.0,40.0,,,,,,,,,,,2.7737385620915034,2.848425,,,,,,,,,,,-0.5936106227093291,2.083032817808953,
S020,R020,PUB,11,Image_003,116032,117849,1817,218,218,0,561.058,218,116034,117842,1620.0,1080.0,5472.0,3648.0,2.573660550458716,2.6135,-1.9483313873954409,-7.584865629420075,2.8250005047318614,0.1290026716703161,2.828,zhidaoyu,2.790302091713596,2.783,2486.0,-7.764089124910306,-6.090549766439087,1.0,0.0,7,1592.0,227.42857142857144,117.0,317.0,116034.0,275.0,1567.3107413845314,261.2184568974219,3,1.584962500721156,2.0,7,259.0,37.0,0.8049884961036193,0.0,0,0,0.0,0.0,0,0,0.0,0.0,0,0,0.0,0.0,0,0,0.0,0.0,0,0,0.0,0.0,0,0,0.0,0.0,0,0,0.0,275.0,1,1,275.0,0.0,0,0,0.0,0.0,0,0,0.0,0.0,0,0,0.0,142.0,1,1,142.0,0.0,0.0,0.0,0.0,0.0,0.0,0.0,0.1727386934673367,0.0,0.0,0.0,0.0891959798994974,0.925322666291256,0.5508629067968647,0.859912070343725,,,,,0.0,,,29.0,0.0,,,17.0,,,,,,,,2.6886896551724138,,,,2.644764705882353,,,,,,,,-3.641628511942925,,,,-5.215829005162117
S020,R020,PUB,12,Image_004,117849,122449,4600,552,552,0,1598.608,552,117850,122442,1439.0,1080.0,1706.0,1280.0,2.8960289855072467,2.9095,0.5505969748976076,2.881895332390387,2.8250005047318614,0.1290026716703161,2.828,zhidaoyu,2.790302091713596,2.783,2486.0,3.789084132059739,4.545454545454548,1.0,0.0,18,4117.0,228.72222222222223,67.0,400.0,117850.0,217.0,6465.2355195168375,380.30797173628457,11,2.663532754804255,1.0,18,650.0,36.11111111111112,3.593394375287702,0.0,0,0,0.0,0.0,0,0,0.0,308.0,1,1,308.0,0.0,0,0,0.0,692.0,3,3,692.0,0.0,0,0,0.0,0.0,0,0,0.0,0.0,0,0,0.0,2283.0,10,5,2283.0,0.0,0,0,0.0,0.0,0,0,0.0,0.0,0,0,0.0,0.0,0.0,0.0748117561331066,0.0,0.1680835559873694,0.0,0.0,0.0,0.5545299975710469,0.0,0.0,0.0,1.1581935937189944,0.5368128802796117,0.8502639861914916,,,37.0,,83.0,,,0.0,253.0,,,,,,2.715162162162162,,2.994421686746988,,,,2.915415019762846,,,,,,-2.692895861511838,,7.31532243908534,,,,4.483848842775836,,,
S020,R020,PUB,13,Image_005,122449,124132,1683,202,202,0,561.437,202,122450,124125,1920.0,1080.0,960.0,540.0,2.7793910891089117,2.764,-0.3535540390939431,-2.2630834512022497,2.8250005047318614,0.1290026716703161,2.828,zhidaoyu,2.790302091713596,2.783,2486.0,-0.3910330224489728,-0.6827164929931615,1.0,0.0,7,1708.0,244.0,75.0,458.0,122450.0,250.0,2328.4680774614635,388.0780129102439,2,1.0,1.0,6,217.0,36.16666666666666,1.05699782046398,0.0,0,0,0.0,0.0,0,0,0.0,0.0,0,0,0.0,0.0,0,0,0.0,0.0,0,0,0.0,0.0,0,0,0.0,0.0,0,0,0.0,242.0,1,1,242.0,0.0,0,0,0.0,0.0,0,0,0.0,0.0,0,0,0.0,0.0,0,0,0.0,0.0,0.0,0.0,0.0,0.0,0.0,0.0,0.1416861826697892,0.0,0.0,0.0,0.0,-0.0,1.0,0.9166666666666666,,,,,0.0,,0.0,29.0,,,,0.0,,,,,,,,2.828793103448276,,,,,,,,,,,,1.3794567924737366,,,,
S020,R020,PUB,14,Image_006,124132,125532,1400,168,168,0,472.207,168,124134,125525,1439.0,1080.0,1706.0,1280.0,2.810755952380952,2.813,-0.1104205995617908,-0.5304101838755192,2.8250005047318614,0.1290026716703161,2.828,zhidaoyu,2.790302091713596,2.783,2486.0,0.7330339151484164,1.077973409989229,1.0,0.0,6,1583.0,263.8333333333333,183.0,358.0,124134.0,358.0,1777.0177293237057,355.4035458647411,5,0.9709505944546686,2.0,5,217.0,43.4,0.9876709818323112,0.0,0,0,0.0,0.0,0,0,0.0,0.0,0,0,0.0,0.0,0,0,0.0,0.0,0,0,0.0,0.0,0,0,0.0,0.0,0,0,0.0,0.0,0,0,0.0,0.0,0,0,0.0,0.0,0,0,0.0,784.0,3,3,784.0,0.0,0,0,0.0,0.0,0.0,0.0,0.0,0.0,0.0,0.0,0.0,0.0,0.0,0.4952621604548326,0.0,-0.0,1.0,0.9166666666666666,,,,,0.0,,,,0.0,,69.0,,,,,,,,,,,,2.8239130434782607,,,,,,,,,,,,1.2045631856306795,
S020,R020,PUB,15,Image_007,125532,126982,1450,174,174,0,491.357,174,125534,126975,1439.0,1080.0,1706.0,1280.0,2.8238908045977014,2.8120000000000003,-0.0086021484655449,-0.5657708628005507,2.8250005047318614,0.1290026716703161,2.828,zhidaoyu,2.790302091713596,2.783,2486.0,1.2037661794346357,1.0420409629895926,1.0,0.0,4,1725.0,431.25,258.0,800.0,125534.0,300.0,861.9013660635545,287.3004553545182,0,0.0,2.0,3,108.0,36.0,0.4790469753988205,0.0,0,0,0.0,0.0,0,0,0.0,0.0,0,0,0.0,0.0,0,0,0.0,0.0,0,0,0.0,0.0,0,0,0.0,0.0,0,0,0.0,0.0,0,0,0.0,0.0,0,0,0.0,0.0,0,0,0.0,0.0,0,0,0.0,0.0,0,0,0.0,0.0,0.0,0.0,0.0,0.0,0.0,0.0,0.0,0.0,0.0,0.0,0.0,0.0,0.0,0.0,0.0,,,,,,,0.0,0.0,,,,,,,,,,,,,,,,,,,,,,,,,,,
S020,R020,PUB,16,Image_008,126982,127782,800,96,96,0,272.987,96,126984,127775,1440.0,1080.0,4096.0,3072.0,2.843614583333333,2.8425,0.1442921945759563,0.5127298444130269,2.8250005047318614,0.1290026716703161,2.828,zhidaoyu,2.790302091713596,2.783,2486.0,1.910635116464984,2.137980596478632,1.0,0.0,3,1483.0,494.3333333333333,333.0,800.0,126984.0,800.0,757.8513849696988,378.9256924848494,0,0.0,2.0,2,66.0,33.0,0.4210285472053882,0.0,0,0,0.0,0.0,0,0,0.0,0.0,0,0,0.0,0.0,0,0,0.0,0.0,0,0,0.0,0.0,0,0,0.0,0.0,0,0,0.0,0.0,0,0,0.0,0.0,0,0,0.0,0.0,0,0,0.0,0.0,0,0,0.0,0.0,0,0,0.0,0.0,0.0,0.0,0.0,0.0,0.0,0.0,0.0,0.0,0.0,0.0,0.0,0.0,0.0,0.0,,,,,,,,,0.0,,0.0,,,,,,,,,,,,,,,,,,,,,,,,,
S020,R020,PUB,17,Image_009,127782,128865,1083,130,130,0,374.396,130,127784,128859,1440.0,1080.0,4032.0,3024.0,2.8799692307692304,2.85,0.4261053304217533,0.7779349363507865,2.8250005047318614,0.1290026716703161,2.828,zhidaoyu,2.790302091713596,2.783,2486.0,3.213528001929269,2.407473948975932,1.0,0.0,5,1275.0,255.0,142.0,350.0,127784.0,350.0,1145.1738316382002,286.29345790955006,3,1.584962500721156,2.0,4,142.0,35.5,0.6362076842434445,0.0,0,0,0.0,0.0,0,0,0.0,0.0,0,0,0.0,0.0,0,0,0.0,0.0,0,0,0.0,0.0,0,0,0.0,0.0,0,0,0.0,292.0,1,1,292.0,633.0,2,2,633.0,0.0,0,0,0.0,0.0,0,0,0.0,0.0,0,0,0.0,0.0,0.0,0.0,0.0,0.0,0.0,0.0,0.2290196078431372,0.4964705882352941,0.0,0.0,0.0,0.8996167763754528,0.5679509130752374,0.864054054054054,,,,,0.0,,,35.0,36.0,,,0.0,,,,,,,,2.933885714285714,2.873972222222222,,,,,,,,,,,5.145809229707452,2.998604730186841,,,
S020,R020,PUB,18,Image_010,128865,130465,1600,192,184,8,524.376,180,128867,130459,1440.0,1080.0,1600.0,1200.0,2.9132,2.897,0.6837028576706086,2.439886845827438,2.8250005047318614,0.1290026716703161,2.828,zhidaoyu,2.790302091713596,2.783,2486.0,4.404466048725539,4.096298957959032,0.9583333333333334,0.0416666666666666,6,1600.0,266.6666666666667,142.0,500.0,128867.0,283.0,748.1059900755097,149.62119801510192,1,-0.0,2.0,6,175.0,29.166666666666668,0.4156144389308387,0.0,0,0,0.0,0.0,0,0,0.0,0.0,0,0,0.0,0.0,0,0,0.0,0.0,0,0,0.0,0.0,0,0,0.0,0.0,0,0,0.0,0.0,0,0,0.0,0.0,0,0,0.0,1317.0,5,1,1317.0,0.0,0,0,0.0,0.0,0,0,0.0,0.0,0.0,0.0,0.0,0.0,0.0,0.0,0.0,0.0,0.823125,0.0,0.0,-0.0,1.0,0.9166666666666666,,,,,,,,0.0,0.0,135.0,0.0,,,,,,,,,,,2.8952814814814816,,,,,,,,,,,,3.762294773732372,,
S020,R020,PUB,19,Image_011,130465,131682,1217,146,146,0,433.275,146,130467,131675,1440.0,1080.0,960.0,720.0,2.9676369863013696,2.924,1.105686260002701,3.394625176803398,2.8250005047318614,0.1290026716703161,2.828,zhidaoyu,2.790302091713596,2.783,2486.0,6.355401270507876,5.066475026949336,1.0,0.0,4,1459.0,364.75,150.0,692.0,130467.0,242.0,971.233691045421,323.744563681807,2,1.0,2.0,3,117.0,39.0,0.5395742728030116,0.0,0,0,0.0,0.0,0,0,0.0,0.0,0,0,0.0,0.0,0,0,0.0,0.0,0,0,0.0,0.0,0,0,0.0,0.0,0,0,0.0,0.0,0,0,0.0,0.0,0,0,0.0,0.0,0,0,0.0,0.0,0,0,0.0,375.0,1,1,375.0,0.0,0.0,0.0,0.0,0.0,0.0,0.0,0.0,0.0,0.0,0.0,0.2570253598355038,-0.0,1.0,0.9166666666666666,,,,,,,,0.0,0.0,,,45.0,,,,,,,,,,,,2.898577777777778,,,,,,,,,,,,3.8804288032371215
S020,R020,PUB,20,Image_013,131682,132349,667,80,80,0,241.187,80,131684,132342,1920.0,1080.0,3840.0,2160.0,3.0148375,3.0955000000000004,1.4715741372650983,9.458981612446978,2.8250005047318614,0.1290026716703161,2.828,zhidaoyu,2.790302091713596,2.783,2486.0,8.046992795267942,11.228889687387728,1.0,0.0,2,1250.0,625.0,558.0,692.0,131684.0,692.0,260.36320784627003,260.36320784627003,1,-0.0,2.0,1,25.0,25.0,0.1181907305865018,0.0,0,0,0.0,0.0,0,0,0.0,0.0,0,0,0.0,0.0,0,0,0.0,0.0,0,0,0.0,0.0,0,0,0.0,0.0,0,0,0.0,0.0,0,0,0.0,558.0,1,1,558.0,0.0,0,0,0.0,0.0,0,0,0.0,0.0,0,0,0.0,0.0,0.0,0.0,0.0,0.0,0.0,0.0,0.0,0.4464,0.0,0.0,0.0,-0.0,1.0,0.9166666666666666,,,,,0.0,,,0.0,40.0,,0.0,0.0,,,,,,,,,2.87795,,,,,,,,,,,,3.1411619747801955,,,
S020,R020,PUB,21,Image_014,132349,134349,2000,240,229,11,674.178,227,132350,134342,1440.0,1080.0,4032.0,3024.0,2.969947136563876,2.958,1.1235940306914385,4.596888260254609,2.8250005047318614,0.1290026716703161,2.828,zhidaoyu,2.790302091713596,2.783,2486.0,6.438193390736255,6.288178224937129,0.9541666666666668,0.0458333333333333,7,2176.0,310.85714285714283,142.0,558.0,132350.0,558.0,1530.2682846688792,255.04471411147983,6,2.584962500721156,1.0,7,201.0,28.714285714285715,0.8501490470382662,0.0,0,0,0.0,0.0,0,0,0.0,0.0,0,0,0.0,0.0,0,0,0.0,267.0,1,1,267.0,0.0,0,0,0.0,0.0,0,0,0.0,142.0,1,1,142.0,816.0,2,2,816.0,0.0,0,0,0.0,0.0,0,0,0.0,0.0,0,0,0.0,0.0,0.0,0.0,0.0,0.1227022058823529,0.0,0.0,0.0652573529411764,0.375,0.0,0.0,0.0,1.229856659376478,0.5046623906705539,0.8417006802721089,,,0.0,,32.0,0.0,,17.0,58.0,,,,,,,,3.00021875,,,2.939764705882353,2.968086206896552,,,,,,,,7.523079988715095,,,5.356502961188985,6.371500623926144,,,
S020,R020,PUB,22,Image_015,134349,135482,1133,136,136,0,402.901,136,134351,135476,1440.0,1080.0,4032.0,3024.0,2.9625073529411767,2.933,1.0659224838438446,3.7128712871287126,2.8250005047318614,0.1290026716703161,2.828,zhidaoyu,2.790302091713596,2.783,2486.0,6.171563349322696,5.3898670499460986,1.0,0.0,4,1258.0,314.5,192.0,533.0,134351.0,192.0,1100.7441622253766,366.9147207417922,1,-0.0,2.0,3,117.0,39.0,0.6115245345696537,0.0,0,0,0.0,0.0,0,0,0.0,0.0,0,0,0.0,0.0,0,0,0.0,533.0,1,1,533.0,0.0,0,0,0.0,0.0,0,0,0.0,0.0,0,0,0.0,0.0,0,0,0.0,0.0,0,0,0.0,0.0,0,0,0.0,0.0,0,0,0.0,0.0,0.0,0.0,0.0,0.4236883942766296,0.0,0.0,0.0,0.0,0.0,0.0,0.0,-0.0,1.0,0.9166666666666666,,,,,38.0,,,,0.0,0.0,0.0,,,,,,2.916157894736842,,,,,,,,,,,,4.510472303232046,,,,,,,
S020,R020,PUB,23,Image_016,135482,137099,1617,194,168,26,494.706,163,135484,137092,1440.0,1080.0,4032.0,3024.0,3.0350061349693247,3.04,1.627916906823149,7.496463932107504,2.8250005047318614,0.1290026716703161,2.828,zhidaoyu,2.790302091713596,2.783,2486.0,8.769804673925103,9.234638878907658,0.865979381443299,0.134020618556701,5,1250.0,250.0,75.0,533.0,135484.0,533.0,5800.9818638557535,1450.2454659639384,3,0.9182958340544896,2.0,11,375.0,34.09090909090909,3.222767702142085,0.0,0,0,0.0,0.0,0,0,0.0,0.0,0,0,0.0,0.0,0,0,0.0,0.0,0,0,0.0,0.0,0,0,0.0,0.0,0,0,0.0,0.0,0,0,0.0,0.0,0,0,0.0,0.0,0,0,0.0,500.0,2,2,500.0,0.0,0,0,0.0,0.0,0.0,0.0,0.0,0.0,0.0,0.0,0.0,0.0,0.0,0.4,0.0,-0.0,1.0,0.9166666666666666,,,,,,,,,0.0,,60.0,,,,,,,,,,,,3.055433333333333,,,,,,,,,,,,9.501883054422738,
S020,R020,PUB,24,Image_017,137099,138932,1833,220,220,0,631.014,220,137101,138926,1440.0,1080.0,4032.0,3024.0,2.868245454545455,2.851,0.3352252263744735,0.813295615275818,2.8250005047318614,0.1290026716703161,2.828,zhidaoyu,2.790302091713596,2.783,2486.0,2.79336646248192,2.443406395975568,1.0,0.0,5,1942.0,388.4,250.0,492.0,137117.0,250.0,556.8189865427896,139.2047466356974,2,1.0,18.0,5,142.0,28.4,0.3093438814126609,0.0,0,0,0.0,0.0,0,0,0.0,0.0,0,0,0.0,0.0,0,0,0.0,1200.0,3,1,1200.0,0.0,0,0,0.0,0.0,0,0,0.0,0.0,0,0,0.0,492.0,1,1,492.0,0.0,0,0,0.0,250.0,1,1,250.0,0.0,0,0,0.0,0.0,0.0,0.0,0.0,0.6179196704428425,0.0,0.0,0.0,0.2533470648815654,0.0,0.1287332646755921,0.0,1.3117179919137931,0.4625817078383312,0.8315310676278751,,,,,144.0,,,,30.0,,30.0,,,,,,2.846965277777778,,,,2.772366666666666,,3.0318666666666667,,,,,,2.030718689293741,,,,-0.6427771781483016,,8.657291110896162,
S020,R020,PUB,25,Image_018,138932,139832,900,108,108,0,300.924,108,138934,139826,1440.0,1080.0,3648.0,2736.0,2.786333333333334,2.786,-0.2997393069295988,-1.4851485148514787,2.8250005047318614,0.1290026716703161,2.828,zhidaoyu,2.790302091713596,2.783,2486.0,-0.1422340036961502,0.1077973409989261,1.0,0.0,5,1258.0,251.6,100.0,492.0,138934.0,492.0,1202.495612458812,300.623903114703,3,1.584962500721156,2.0,4,133.0,33.25,0.6680531180326733,0.0,0,0,0.0,400.0,2,2,400.0,0.0,0,0,0.0,0.0,0,0,0.0,0.0,0,0,0.0,0.0,0,0,0.0,0.0,0,0,0.0,0.0,0,0,0.0,675.0,2,1,675.0,0.0,0,0,0.0,0.0,0,0,0.0,0.0,0,0,0.0,0.0,0.3179650238473768,0.0,0.0,0.0,0.0,0.0,0.0,0.5365659777424483,0.0,0.0,0.0,0.9522656254366642,0.5327203893996755,0.8546511627906976,,19.0,0.0,,,,,,51.0,,0.0,,,2.7987894736842107,,,,,,,2.776607843137255,,,,,0.3041743041307226,,,,,,,-0.490780142301042,,,
S020,R020,PUB,26,Image_019,139832,140949,1117,134,134,0,376.455,134,139834,140942,1439.0,1080.0,1706.0,1280.0,2.8093656716417907,2.7805,-0.1211977464313884,-1.6796322489391753,2.8250005047318614,0.1290026716703161,2.828,zhidaoyu,2.790302091713596,2.783,2486.0,0.6832084592133686,-0.0898311174990997,1.0,0.0,5,1283.0,256.6,208.0,300.0,139834.0,300.0,471.01630030273424,117.75407507568356,1,-0.0,2.0,4,109.0,27.25,0.2617920598665454,0.0,0,0,0.0,0.0,0,0,0.0,0.0,0,0,0.0,0.0,0,0,0.0,983.0,4,1,983.0,0.0,0,0,0.0,0.0,0,0,0.0,0.0,0,0,0.0,0.0,0,0,0.0,0.0,0,0,0.0,0.0,0,0,0.0,0.0,0,0,0.0,0.0,0.0,0.0,0.0,0.7661730319563523,0.0,0.0,0.0,0.0,0.0,0.0,0.0,-0.0,1.0,0.9166666666666666,,,,,92.0,,,,0.0,,0.0,,,,,,2.786913043478261,,,,,,,,,,,,-0.121458111843847,,,,,,,
S020,R020,PUB,27,Image_020,140949,141815,866,104,104,0,285.127,104,140951,141809,1439.0,1080.0,1706.0,1280.0,2.74160576923077,2.75,-0.6464574293020683,-2.758132956152753,2.8250005047318614,0.1290026716703161,2.828,zhidaoyu,2.790302091713596,2.783,2486.0,-1.745198938403124,-1.1857707509881394,1.0,0.0,3,1200.0,400.0,133.0,767.0,140951.0,300.0,328.87687665751145,164.43843832875572,1,-0.0,2.0,2,50.0,25.0,0.1827906060306379,767.0,1,1,767.0,0.0,0,0,0.0,0.0,0,0,0.0,0.0,0,0,0.0,0.0,0,0,0.0,0.0,0,0,0.0,0.0,0,0,0.0,0.0,0,0,0.0,1200.0,3,1,1200.0,0.0,0,0,0.0,0.0,0,0,0.0,0.0,0,0,0.0,0.6391666666666667,0.0,0.0,0.0,0.0,0.0,0.0,0.0,1.0,0.0,0.0,0.0,0.9647568847443122,0.5242290885528867,0.8516776817488562,56.0,,,,,,,0.0,98.0,,,,2.7029642857142853,,,,,,,,2.7393877551020407,,,,-3.1300484008050278,,,,,,,,-1.8246890457759504,,,
S020,R020,PUB,28,Image_021,141815,142815,1000,120,120,0,327.359,120,141817,142809,1440.0,1080.0,4032.0,3024.0,2.727991666666667,2.7350000000000003,-0.7519909224292161,-3.2885431400282723,2.8250005047318614,0.1290026716703161,2.828,zhidaoyu,2.790302091713596,2.783,2486.0,-2.2331067747815943,-1.724757455982738,1.0,0.0,2,1675.0,837.5,767.0,908.0,141817.0,767.0,204.92193635626225,204.92193635626225,1,-0.0,2.0,1,25.0,25.0,0.1138455201979234,0.0,0,0,0.0,0.0,0,0,0.0,0.0,0,0,0.0,908.0,1,1,908.0,0.0,0,0,0.0,0.0,0,0,0.0,0.0,0,0,0.0,0.0,0,0,0.0,767.0,1,1,767.0,0.0,0,0,0.0,0.0,0,0,0.0,0.0,0,0,0.0,0.0,0.0,0.0,0.542089552238806,0.0,0.0,0.0,0.0,0.457910447761194,0.0,0.0,0.0,0.994882389704198,0.5035430608153264,0.8403482587064677,,,,81.0,,,,0.0,36.0,,,,,,,2.7471604938271605,,,,,2.6815833333333337,,,,,,,-1.5461264217431376,,,,,-3.896307812086944,,,
S020,R020,PUB,29,Image_022,142815,143732,917,110,89,21,234.36,87,142817,143726,1620.0,1080.0,5472.0,3648.0,2.693793103448276,2.712,-1.017090573278235,-4.10183875530409,2.8250005047318614,0.1290026716703161,2.828,zhidaoyu,2.790302091713596,2.783,2486.0,-3.458729022636099,-2.5512037369744784,0.8090909090909091,0.1909090909090909,4,1491.0,372.75,75.0,908.0,142817.0,908.0,522.0008223450793,174.00027411502643,2,1.0,2.0,2,50.0,25.0,0.2681055172079133,0.0,0,0,0.0,0.0,0,0,0.0,0.0,0,0,0.0,0.0,0,0,0.0,0.0,0,0,0.0,0.0,0,0,0.0,0.0,0,0,0.0,225.0,1,1,225.0,358.0,2,1,358.0,0.0,0,0,0.0,0.0,0,0,0.0,0.0,0,0,0.0,0.0,0.0,0.0,0.0,0.0,0.0,0.0,0.1509054325955734,0.2401073105298457,0.0,0.0,0.0,0.9621259732271908,0.5260217306238213,0.8523441966838193,,,,,,,,7.0,43.0,,,,,,,,,,,2.8368571428571427,2.709046511627907,,,,,,,,,,,1.6684591708475625,-2.9120710738451896,,,
S020,R020,PUB,30,Image_024,143732,148232,4500,540,540,0,1568.282,540,143734,148226,1440.0,1080.0,4032.0,3024.0,2.904225925925926,2.9175,0.6141378327150925,3.16478076379067,2.8250005047318614,0.1290026716703161,2.828,zhidaoyu,2.790302091713596,2.783,2486.0,4.082849471770512,4.832914121451673,1.0,0.0,16,4374.0,273.375,150.0,908.0,143734.0,225.0,4520.925992179519,301.39506614530126,6,1.4591479170272448,2.0,15,515.0,34.333333333333336,2.511625551210844,0.0,0,0,0.0,0.0,0,0,0.0,0.0,0,0,0.0,0.0,0,0,0.0,1516.0,3,3,1516.0,0.0,0,0,0.0,0.0,0,0,0.0,0.0,0,0,0.0,4149.0,15,1,4149.0,0.0,0,0,0.0,0.0,0,0,0.0,0.0,0,0,0.0,0.0,0.0,0.0,0.0,0.3465935070873343,0.0,0.0,0.0,0.948559670781893,0.0,0.0,0.0,0.8380114617682748,0.6080119717470509,0.8720653133274493,,,,,142.0,0.0,,0.0,458.0,,,0.0,,,,,2.867091549295775,,,,2.9048799126637554,,,,,,,,2.7520123290672323,,,,4.106287318868559,,,
S020,R020,PUB,31,Image_025,148232,153015,4783,574,543,31,1533.037,542,148234,153009,1620.0,1080.0,5472.0,3648.0,2.828481549815498,2.83,0.0269842867482074,0.0707213578500786,2.8250005047318614,0.1290026716703161,2.828,zhidaoyu,2.790302091713596,2.783,2486.0,1.3682912045718738,1.6888250089831174,0.945993031358885,0.0540069686411149,16,5065.0,316.5625,158.0,908.0,148234.0,908.0,2236.5274625068005,149.1018308337867,4,2.0,2.0,18,434.0,24.11111111111111,1.1487057614033669,0.0,0,0,0.0,0.0,0,0,0.0,0.0,0,0,0.0,0.0,0,0,0.0,0.0,0,0,0.0,0.0,0,0,0.0,0.0,0,0,0.0,908.0,1,1,908.0,550.0,2,1,550.0,0.0,0,0,0.0,0.0,0,0,0.0,158.0,1,1,158.0,0.0,0.0,0.0,0.0,0.0,0.0,0.0,0.179269496544916,0.1085883514313919,0.0,0.0,0.0311944718657453,1.3244790079382147,0.4411056514067249,0.8273514851485149,,,,,,,,40.0,66.0,,,19.0,,,,,,,,2.9064,2.8355151515151515,,,2.752157894736842,,,,,,,,4.160764837297797,1.620364330293325,,,-1.3670275017902684
S021,R021,PUB,1,Image_001,88366,96533,8167,980,964,16,2423.57,960,88366,96525,1440.0,1080.0,4032.0,3024.0,2.524552083333333,2.51,-0.5686838346193505,-3.0139103554868734,2.5997651465080414,0.1322581346541217,2.588,zhidaoyu,2.58949229738781,2.573,4479.0,-2.507835768424036,-2.448503692188114,0.9836734693877552,0.0163265306122449,21,7374.0,351.1428571428572,75.0,908.0,88366.0,192.0,5234.610337906447,261.73051689532235,6,2.584962500721156,0.0,26,743.0,28.57692307692308,2.9081168543924707,0.0,0,0,0.0,0.0,0,0,0.0,0.0,0,0,0.0,0.0,0,0,0.0,0.0,0,0,0.0,0.0,0,0,0.0,0.0,0,0,0.0,233.0,2,1,233.0,458.0,1,1,458.0,0.0,0,0,0.0,250.0,1,1,250.0,0.0,0,0,0.0,0.0,0.0,0.0,0.0,0.0,0.0,0.0,0.0315975047464062,0.0621101166259831,0.0,0.0339029020884187,0.0,1.5123157609555615,0.3687860044427831,0.7898512221041445,,,,,0.0,,,28.0,55.0,,30.0,0.0,,,,,,,,2.641142857142857,2.488090909090909,,2.5379666666666667,,,,,,,,,1.994621100327291,-3.915879124227986,,-1.989796639793847,
S021,R021,PUB,2,Image_012,96533,108466,11933,1432,1432,0,3575.582,1415,96533,108458,1440.0,1080.0,4032.0,3024.0,2.526913074204947,2.516,-0.5508324496910175,-2.7820710973724907,2.5997651465080414,0.1322581346541217,2.588,zhidaoyu,2.58949229738781,2.573,4479.0,-2.416659947047943,-2.215312864360666,1.0,0.0,30,11515.0,383.8333333333333,133.0,1308.0,96533.0,492.0,7682.447806310498,264.9119933210517,17,2.748940047005429,0.0,36,1031.0,28.63888888888889,4.268026559061388,0.0,0,0,0.0,0.0,0,0,0.0,0.0,0,0,0.0,0.0,0,0,0.0,3508.0,6,3,3508.0,0.0,0,0,0.0,0.0,0,0,0.0,0.0,0,0,0.0,841.0,3,1,841.0,1300.0,2,2,1300.0,1917.0,6,4,1917.0,0.0,0,0,0.0,0.0,0.0,0.0,0.0,0.3046461137646548,0.0,0.0,0.0,0.0730351715154146,0.1128962223187147,0.1664785062961354,0.0,1.80487356466435,0.3210488384217301,0.7615869239580579,,,,,419.0,,,,98.0,153.0,230.0,,,,,,2.5295178997613363,,,,2.619908163265306,2.496771241830065,2.4867000000000004,,,,,,-2.316067813253339,,,,1.1745880035317533,-3.5806654320338573,-3.9695927070917647,
S021,R021,PUB,3,Image_023,108466,117282,8816,1058,1058,0,2823.154,1056,108466,117275,1440.0,1080.0,960.0,720.0,2.6734412878787874,2.685,0.5570632125080408,3.748068006182379,2.5997651465080414,0.1322581346541217,2.588,zhidaoyu,2.58949229738781,2.573,4479.0,3.2419092567165557,4.352895452778862,1.0,0.0,22,8332.0,378.7272727272728,158.0,1050.0,108466.0,483.0,6680.942840749264,318.1401352737745,12,2.8553885422075336,0.0,21,803.0,38.23809523809524,3.711634911527369,0.0,0,0,0.0,0.0,0,0,0.0,0.0,0,0,0.0,0.0,0,0,0.0,0.0,0,0,0.0,0.0,0,0,0.0,0.0,0,0,0.0,1651.0,4,3,1651.0,1134.0,4,3,1134.0,1050.0,1,1,1050.0,0.0,0,0,0.0,358.0,1,1,358.0,0.0,0.0,0.0,0.0,0.0,0.0,0.0,0.1981517042726836,0.1361017762842054,0.1260201632261161,0.0,0.0429668746999519,1.8430055792303537,0.2981825125166022,0.7454288894188728,,,,,,,,198.0,136.0,125.0,,43.0,,,,,,,,2.758363636363636,2.715433823529412,2.648104,,2.8095348837209304,,,,,,,,6.521407271463129,4.86356056237925,2.2634437905575404,,8.497518473219321
S021,R021,PUB,4,Image_026,117282,125182,7900,948,929,19,2386.897,928,117283,125175,1439.0,1080.0,1706.0,1280.0,2.5720872844827585,2.5615,-0.2092715287242283,-1.0239567233385012,2.5997651465080414,0.1322581346541217,2.588,zhidaoyu,2.58949229738781,2.573,4479.0,-0.6721399759562497,-0.4469490866692688,0.979957805907173,0.020042194092827,22,7357.0,334.40909090909093,75.0,808.0,117283.0,475.0,5938.157705408295,282.76941454325214,7,2.5216406363433186,1.0,21,743.0,35.38095238095238,3.3004431832021086,0.0,0,0,0.0,0.0,0,0,0.0,0.0,0,0,0.0,0.0,0,0,0.0,1184.0,3,2,1184.0,0.0,0,0,0.0,0.0,0,0,0.0,2515.0,8,1,2515.0,233.0,1,1,233.0,0.0,0,0,0.0,0.0,0,0,0.0,0.0,0,0,0.0,0.0,0.0,0.0,0.0,0.1609351637895881,0.0,0.0,0.3418512980834579,0.0316705178741334,0.0,0.0,0.0,1.1753685604067703,0.5033024540277288,0.8467277043065445,,,,,119.0,,,354.0,28.0,,,,,,,,2.6299831932773112,,,2.5364604519774008,2.575964285714285,,,,,,,,1.5636615691171278,,,-2.0479630491237897,-0.5224194598752406,,,
S021,R021,PUB,5,Image_027,125182,132182,7000,840,821,19,2066.683,819,125183,132175,810.0,1080.0,1280.0,1706.0,2.5234224664224665,2.502,-0.5772248360013879,-3.3230293663060397,2.5997651465080414,0.1322581346541217,2.588,zhidaoyu,2.58949229738781,2.573,4479.0,-2.551458872150047,-2.7594247959580325,0.9773809523809524,0.0226190476190476,20,6426.0,321.3,108.0,883.0,125183.0,217.0,4206.648924621877,221.4025749800988,10,2.721928094887362,1.0,18,550.0,30.55555555555556,3.11603624046065,0.0,0,0,0.0,0.0,0,0,0.0,725.0,3,2,725.0,0.0,0,0,0.0,0.0,0,0,0.0,0.0,0,0,0.0,0.0,0,0,0.0,750.0,2,2,750.0,592.0,3,3,592.0,0.0,0,0,0.0,0.0,0,0,0.0,0.0,0,0,0.0,0.0,0.0,0.112822906940554,0.0,0.0,0.0,0.0,0.1167133520074696,0.0921257391845627,0.0,0.0,0.0,1.5774792092048688,0.3367098194986576,0.762739880664409,,,74.0,,,,,90.0,70.0,,,,,,2.4926351351351355,,,,,2.6082444444444444,2.5602142857142858,,,,,,-3.740391981485348,,,,,0.7241630753468951,-1.1306467952447168,,,
S021,R021,PUB,6,Image_028,132182,137532,5350,642,642,0,1728.623,642,132183,137525,1620.0,1080.0,5472.0,3648.0,2.6925591900311527,2.68,0.7016131277352742,3.554868624420405,2.5997651465080414,0.1322581346541217,2.588,zhidaoyu,2.58949229738781,2.573,4479.0,3.9801969191919673,4.158569762922666,1.0,0.0,16,4900.0,306.25,133.0,867.0,132183.0,133.0,5780.727650169141,385.3818433446094,9,2.5032583347756456,1.0,15,641.0,42.73333333333333,2.969047001734657,1317.0,3,3,1317.0,0.0,0,0,0.0,0.0,0,0,0.0,0.0,0,0,0.0,0.0,0,0,0.0,0.0,0,0,0.0,0.0,0,0,0.0,1642.0,5,3,1642.0,1308.0,5,1,1308.0,0.0,0,0,0.0,0.0,0,0,0.0,0.0,0,0,0.0,0.2687755102040816,0.0,0.0,0.0,0.0,0.0,0.0,0.3351020408163265,0.266938775510204,0.0,0.0,0.0,1.576552044852277,0.3373108978497567,0.7630458557925162,158.0,,,,,,,197.0,157.0,,,,2.7022974683544305,,,,,,,2.6964010152284263,2.668662420382166,,,,4.356265939868392,,,,,,,4.128559020950258,3.05736082220519,,,
S021,R021,PUB,7,Image_029,137532,146315,8783,1054,1054,0,2710.919,1054,137533,146309,1620.0,1080.0,6000.0,4000.0,2.5720294117647056,2.57,-0.209709102701846,-0.6955177743431313,2.5997651465080414,0.1322581346541217,2.588,zhidaoyu,2.58949229738781,2.573,4479.0,-0.6743748819303393,-0.1165954139137238,1.0,0.0,22,8373.0,380.59090909090907,142.0,1033.0,137533.0,358.0,8610.595929152854,410.02837757870736,8,2.1556390622295662,1.0,21,868.0,41.333333333333336,4.422499306960414,0.0,0,0,0.0,0.0,0,0,0.0,0.0,0,0,0.0,0.0,0,0,0.0,3182.0,7,3,3182.0,0.0,0,0,0.0,0.0,0,0,0.0,1208.0,3,1,1208.0,317.0,2,1,317.0,0.0,0,0,0.0,0.0,0,0,0.0,0.0,0,0,0.0,0.0,0.0,0.0,0.0,0.3800310521915681,0.0,0.0,0.1442732592857996,0.0378597874119192,0.0,0.0,0.0,1.1475665467497422,0.5273946848076099,0.8514446568939876,,,,,382.0,,,145.0,38.0,,0.0,,,,,,2.588,,,2.512303448275862,2.628921052631579,,,,,,,,-0.0576289564296112,,,-2.980848762895079,1.522644237387525,,,
S021,R021,PUB,8,Image_030,146315,156132,9817,1178,1178,0,3002.324,1177,146317,156125,1920.0,1079.0,2275.0,1279.0,2.5508275276125745,2.544,-0.3700159466443963,-1.700154559505411,2.5997651465080414,0.1322581346541217,2.588,zhidaoyu,2.58949229738781,2.573,4479.0,-1.4931409455914986,-1.127089001165951,1.0,0.0,28,9168.0,327.42857142857144,142.0,617.0,146317.0,542.0,12208.020949881113,452.1489240696708,10,2.6464393446710157,2.0,28,1135.0,40.535714285714285,5.543010474055045,525.0,2,1,525.0,0.0,0,0,0.0,0.0,0,0,0.0,0.0,0,0,0.0,0.0,0,0,0.0,0.0,0,0,0.0,0.0,0,0,0.0,658.0,2,2,658.0,3167.0,10,4,3167.0,0.0,0,0,0.0,0.0,0,0,0.0,0.0,0,0,0.0,0.0572643979057591,0.0,0.0,0.0,0.0,0.0,0.0,0.0717713787085514,0.3454406631762652,0.0,0.0,0.0,1.113723800983994,0.5674978464790592,0.8512260536398467,36.0,,,,,0.0,,79.0,353.0,,,,2.44575,,,,,,,2.6060759493670886,2.5079036827195464,,,,-5.5509837790524506,,,,,,,0.64042098120963,-3.150757187058141,,,
S021,R021,PUB,9,Image_031,156132,163715,7583,910,910,0,2306.379,910,156134,163709,1621.0,1080.0,2731.0,1820.0,2.5344824175824177,2.51,-0.4936008593826725,-3.0139103554868734,2.5997651465080414,0.1322581346541217,2.588,zhidaoyu,2.58949229738781,2.573,4479.0,-2.1243500071764743,-2.448503692188114,1.0,0.0,20,7057.0,352.85,142.0,1050.0,156134.0,342.0,6378.35248364132,335.70276229691154,9,2.5032583347756456,2.0,22,726.0,33.0,3.2745943329371414,0.0,0,0,0.0,0.0,0,0,0.0,1183.0,4,2,1183.0,0.0,0,0,0.0,0.0,0,0,0.0,0.0,0,0,0.0,0.0,0,0,0.0,0.0,0,0,0.0,1408.0,4,2,1408.0,258.0,1,1,258.0,0.0,0,0,0.0,0.0,0,0,0.0,0.0,0.0,0.1676349723678617,0.0,0.0,0.0,0.0,0.0,0.1995182088706249,0.0365594445231684,0.0,0.0,1.3428184964058154,0.4248615926397603,0.8172750672750673,,,142.0,,,,,,169.0,31.0,,,,,2.458161971830986,,,,,,2.6503491124260354,2.5976129032258064,,,,,-5.071663108992654,,,,,,2.350144663477696,0.3135983778051145,,
S021,R021,PUB,10,Image_002,163715,171265,7550,906,906,0,2283.111,906,163717,171259,810.0,1080.0,3072.0,4096.0,2.5199900662251653,2.508,-0.6031771164133074,-3.0911901081916566,2.5997651465080414,0.1322581346541217,2.588,zhidaoyu,2.58949229738781,2.573,4479.0,-2.6840099595104405,-2.5262339681305845,1.0,0.0,20,7925.0,396.25,142.0,1058.0,163717.0,1050.0,3719.0697709507785,195.7405142605673,8,2.5,2.0,21,643.0,30.61904761904762,2.7548664970005765,0.0,0,0,0.0,0.0,0,0,0.0,0.0,0,0,0.0,0.0,0,0,0.0,0.0,0,0,0.0,0.0,0,0,0.0,0.0,0,0,0.0,0.0,0,0,0.0,566.0,2,2,566.0,3524.0,8,1,3524.0,1459.0,4,2,1459.0,0.0,0,0,0.0,0.0,0.0,0.0,0.0,0.0,0.0,0.0,0.0,0.0714195583596214,0.4446687697160883,0.1841009463722397,0.0,1.2586343304569372,0.4828495137327464,0.838844836907551,,,,,,,,,68.0,423.0,175.0,,,,,,,,,,2.58925,2.5123924349881794,2.5038742857142857,,,,,,,,,,-0.0093569456860107,-2.9774123088686566,-3.306362863480714,
S021,R021,PUB,11,Image_003,171265,184081,12816,1538,1524,14,3988.313,1524,171267,184076,1620.0,1080.0,5472.0,3648.0,2.617003280839895,2.619,0.1303370441215904,1.1978361669242712,2.5997651465080414,0.1322581346541217,2.588,zhidaoyu,2.58949229738781,2.573,4479.0,1.0624083910130628,1.787796346677041,0.9908972691807544,0.0091027308192457,35,11844.0,338.4,175.0,858.0,171267.0,400.0,9884.54105178971,290.72179564087384,13,2.873140679513133,2.0,36,1266.0,35.166666666666664,5.0768119083556345,0.0,0,0,0.0,0.0,0,0,0.0,0.0,0,0,0.0,0.0,0,0,0.0,975.0,2,2,975.0,0.0,0,0,0.0,0.0,0,0,0.0,2968.0,7,3,2968.0,3734.0,12,3,3734.0,0.0,0,0,0.0,0.0,0,0,0.0,342.0,1,1,342.0,0.0,0.0,0.0,0.0,0.0823201621073961,0.0,0.0,0.2505910165484633,0.3152651131374536,0.0,0.0,0.0288753799392097,1.6079191777995994,0.3704160748910948,0.7931267406576048,,,,,117.0,,,304.0,448.0,,,41.0,,,,,2.583162393162393,,,2.6401940789473684,2.6195267857142857,,,2.672609756097561,,,,,-0.2444457638202568,,,1.9579815553305453,1.1598601145395786,,,3.209797487854944
S021,R021,PUB,12,Image_004,184081,192814,8733,1048,1033,15,2770.561,1033,184084,192809,1439.0,1080.0,1706.0,1280.0,2.682053242981606,2.677,0.6221779604616618,3.438948995363213,2.5997651465080414,0.1322581346541217,2.588,zhidaoyu,2.58949229738781,2.573,4479.0,3.5744823681139763,4.041974349008943,0.9856870229007634,0.0143129770992366,28,7715.0,275.5357142857143,150.0,517.0,184084.0,292.0,9907.922960615462,366.9601096524245,13,3.0269868333592878,3.0,30,1158.0,38.6,5.506848827081891,0.0,0,0,0.0,0.0,0,0,0.0,1475.0,5,2,1475.0,0.0,0,0,0.0,0.0,0,0,0.0,0.0,0,0,0.0,0.0,0,0,0.0,591.0,2,2,591.0,2050.0,8,4,2050.0,0.0,0,0,0.0,0.0,0,0,0.0,0.0,0,0,0.0,0.0,0.0,0.1911860012961762,0.0,0.0,0.0,0.0,0.0766040181464679,0.2657161373946857,0.0,0.0,0.0,1.4334561688724397,0.3970972742838631,0.8090783932620668,,,177.0,,0.0,,,71.0,246.0,,,,,,2.695322033898305,,,,,2.661211267605634,2.658617886178862,,,,,,4.086891342262442,,,,,2.7696151207003648,2.6694649318240304,,,
S021,R021,PUB,13,Image_005,192814,204447,11633,1396,1380,16,3887.741,1379,192818,204443,1920.0,1080.0,960.0,540.0,2.8192465554749817,2.826,1.6594926999456243,9.196290571870168,2.5997651465080414,0.1322581346541217,2.588,zhidaoyu,2.58949229738781,2.573,4479.0,8.872560011819305,9.832879906723674,0.988538681948424,0.0114613180515759,37,10141.0,274.0810810810811,108.0,758.0,192818.0,258.0,14193.927629895668,394.2757674971019,15,2.4662478973127318,4.0,39,1526.0,39.12820512820513,6.44327088434026,0.0,0,0,0.0,0.0,0,0,0.0,0.0,0,0,0.0,0.0,0,0,0.0,0.0,0,0,0.0,0.0,0,0,0.0,1826.0,7,5,1826.0,608.0,2,2,608.0,0.0,0,0,0.0,0.0,0,0,0.0,0.0,0,0,0.0,158.0,1,1,158.0,0.0,0.0,0.0,0.0,0.0,0.0,0.1800611379548368,0.0599546395818952,0.0,0.0,0.0,0.0155803175229267,1.0927506882021898,0.5550232910379516,0.8572530864197531,,,,,0.0,,219.0,73.0,,,,19.0,,,,,,,2.880009132420091,2.896109589041096,,,,2.817,,,,,,,11.219065425502311,11.840826557491251,,,,8.785803411799765
S021,R021,PUB,14,Image_006,204447,214414,9967,1196,1181,15,3197.329,1180,204451,214409,1439.0,1080.0,1706.0,1280.0,2.7096008474576267,2.7025,0.8304646155552177,4.424265842349289,2.5997651465080414,0.1322581346541217,2.588,zhidaoyu,2.58949229738781,2.573,4479.0,4.638304975495709,5.033035367275543,0.9874581939799332,0.0125418060200668,20,9432.0,471.6,75.0,2400.0,204451.0,242.0,6309.516478979782,332.0798146831464,9,2.197159723424149,4.0,19,701.0,36.89473684210526,3.5068453357821974,0.0,0,0,0.0,0.0,0,0,0.0,0.0,0,0,0.0,0.0,0,0,0.0,0.0,0,0,0.0,0.0,0,0,0.0,0.0,0,0,0.0,0.0,0,0,0.0,1091.0,4,2,1091.0,0.0,0,0,0.0,5583.0,6,3,5583.0,0.0,0,0,0.0,0.0,0.0,0.0,0.0,0.0,0.0,0.0,0.0,0.1156700593723494,0.0,0.5919211195928753,0.0,0.6425470750846999,0.7265046357307829,0.8894216362001798,,,,,0.0,,,,131.0,,670.0,,,,,,,,,,2.7486564885496185,,2.6828000000000003,,,,,,,,,,6.146540436608674,,3.603320338365789,
S021,R021,PUB,15,Image_007,214414,220947,6533,784,784,0,2041.497,780,214418,220943,1439.0,1080.0,1706.0,1280.0,2.6173038461538467,2.601,0.1326096099243508,0.5023183925811399,2.5997651465080414,0.1322581346541217,2.588,zhidaoyu,2.58949229738781,2.573,4479.0,1.0740155046644546,1.0882238631947154,1.0,0.0,20,6333.0,316.65,142.0,633.0,214418.0,633.0,7156.145859570272,376.6392557668564,4,2.0,4.0,19,817.0,43.0,3.9774041027417857,458.0,1,1,458.0,0.0,0,0,0.0,0.0,0,0,0.0,0.0,0,0,0.0,0.0,0,0,0.0,0.0,0,0,0.0,0.0,0,0,0.0,0.0,0,0,0.0,2267.0,7,1,2267.0,0.0,0,0,0.0,0.0,0,0,0.0,0.0,0,0,0.0,0.0723195957681983,0.0,0.0,0.0,0.0,0.0,0.0,0.0,0.3579662087478288,0.0,0.0,0.0,0.6532784878166925,0.7203505428835957,0.8886544342507645,55.0,,,,,,,0.0,269.0,,,,2.6084909090909094,,,,,,,,2.6037360594795538,,,,0.7336809505965597,,,,,,,,0.550060029377672,,,
S021,R021,PUB,16,Image_008,220947,233247,12300,1476,1451,25,3807.538,1449,220951,233243,1440.0,1080.0,4096.0,3072.0,2.6277004830917874,2.627,0.2112182865485125,1.5069551777434196,2.5997651465080414,0.1322581346541217,2.588,zhidaoyu,2.58949229738781,2.573,4479.0,1.4755087606370036,2.098717450446942,0.9830623306233064,0.0169376693766937,31,11315.0,365.0,67.0,1200.0,220951.0,275.0,8376.832095734715,279.2277365244905,11,1.676737030052133,4.0,29,1043.0,35.96551724137931,4.653795608741508,0.0,0,0,0.0,0.0,0,0,0.0,0.0,0,0,0.0,0.0,0,0,0.0,0.0,0,0,0.0,0.0,0,0,0.0,0.0,0,0,0.0,0.0,0,0,0.0,516.0,2,1,516.0,0.0,0,0,0.0,5825.0,13,5,5825.0,0.0,0,0,0.0,0.0,0.0,0.0,0.0,0.0,0.0,0.0,0.0,0.0456031816173221,0.0,0.5148033583738401,0.0,0.407006274524446,0.8504934841656127,0.9031041370971982,,,,,,,,,62.0,,699.0,,,,,,,,,,2.6241935483870966,,2.63031330472103,,,,,,,,,,1.3400793288434265,,1.5764096836433477,
S021,R021,PUB,17,Image_009,233247,239263,6016,722,722,0,1884.926,722,233251,239260,1440.0,1080.0,4032.0,3024.0,2.6107008310249307,2.632,0.0826844000596866,1.700154559505411,2.5997651465080414,0.1322581346541217,2.588,zhidaoyu,2.58949229738781,2.573,4479.0,0.8190228508698506,2.2930431403031544,1.0,0.0,20,5850.0,292.5,167.0,433.0,233251.0,433.0,3588.512734273596,188.8690912775577,2,1.0,4.0,19,607.0,31.94736842105263,1.9936181857075528,0.0,0,0,0.0,0.0,0,0,0.0,0.0,0,0,0.0,0.0,0,0,0.0,0.0,0,0,0.0,0.0,0,0,0.0,0.0,0,0,0.0,0.0,0,0,0.0,2767.0,9,2,2767.0,0.0,0,0,0.0,0.0,0,0,0.0,0.0,0,0,0.0,0.0,0.0,0.0,0.0,0.0,0.0,0.0,0.0,0.472991452991453,0.0,0.0,0.0,-0.0,1.0,0.9166666666666666,,,,,0.0,,,0.0,279.0,,,0.0,,,,,,,,,2.6358028673835125,,,,,,,,,,,,1.7884034659002157,,,
S021,R021,PUB,18,Image_010,239263,244597,5334,640,640,0,1668.861,640,239268,244593,1440.0,1080.0,1600.0,1200.0,2.6075953125,2.6,0.0592036626891486,0.4636785162287484,2.5997651465080414,0.1322581346541217,2.588,zhidaoyu,2.58949229738781,2.573,4479.0,0.6990951519899032,1.0493587252234795,1.0,0.0,13,4726.0,363.5384615384616,150.0,992.0,239268.0,167.0,5977.35598865762,498.1129990548016,8,2.75,5.0,13,617.0,47.46153846153846,3.32075332703201,0.0,0,0,0.0,0.0,0,0,0.0,0.0,0,0,0.0,0.0,0,0,0.0,0.0,0,0,0.0,0.0,0,0,0.0,0.0,0,0,0.0,258.0,1,1,258.0,450.0,2,2,450.0,567.0,2,2,567.0,0.0,0,0,0.0,0.0,0,0,0.0,0.0,0.0,0.0,0.0,0.0,0.0,0.0,0.0545916208209902,0.0952179432924248,0.1199746085484553,0.0,0.0,1.516623994186134,0.363277508650519,0.7903921568627451,,,,,,,,31.0,54.0,68.0,0.0,,,,,,,,,2.5437419354838706,2.5801296296296297,2.6516323529411765,,,,,,,,,,-1.766769569080804,-0.3615638388893804,2.399700343424516,,
S021,R021,PUB,19,Image_011,244597,261180,16583,1990,1952,38,5385.302,1944,244601,261177,1440.0,1080.0,960.0,720.0,2.7702170781893,2.788,1.2887822146215846,7.727975270479123,2.5997651465080414,0.1322581346541217,2.588,zhidaoyu,2.58949229738781,2.573,4479.0,6.979158848388896,8.35600466381655,0.9809045226130654,0.0190954773869346,37,15224.0,411.4594594594595,175.0,1883.0,244601.0,333.0,11971.475022680528,332.5409728522369,15,2.606238928653389,4.0,37,1327.0,35.86486486486486,6.650819457044737,0.0,0,0,0.0,0.0,0,0,0.0,0.0,0,0,0.0,0.0,0,0,0.0,0.0,0,0,0.0,0.0,0,0,0.0,0.0,0,0,0.0,367.0,1,1,367.0,1967.0,6,5,1967.0,0.0,0,0,0.0,0.0,0,0,0.0,1550.0,4,4,1550.0,0.0,0.0,0.0,0.0,0.0,0.0,0.0,0.0241066736731476,0.1292038885969521,0.0,0.0,0.1018129269574356,1.3475881487544632,0.4246658503395588,0.8186577411603159,,,,,,,,44.0,232.0,,,185.0,,,,,,,,2.7812954545454542,2.8018405172413794,,,2.793259459459459,,,,,,,,7.406979250377719,8.200380440126393,,,7.869000509374069
S021,R021,PUB,20,Image_013,261180,275713,14533,1744,1707,37,4631.281,1707,261185,275710,1920.0,1080.0,3840.0,2160.0,2.713111306385472,2.721,0.8570070958119175,5.139103554868624,2.5997651465080414,0.1322581346541217,2.588,zhidaoyu,2.58949229738781,2.573,4479.0,4.773870504359656,5.752040419743495,0.9787844036697247,0.0212155963302752,43,12590.0,292.7906976744186,108.0,592.0,261185.0,358.0,11671.54705287422,277.8939774493862,16,2.952819531114783,5.0,52,1610.0,30.96153846153846,5.298247339418385,0.0,0,0,0.0,0.0,0,0,0.0,0.0,0,0,0.0,0.0,0,0,0.0,1041.0,4,4,1041.0,0.0,0,0,0.0,0.0,0,0,0.0,242.0,1,1,242.0,2349.0,9,4,2349.0,0.0,0,0,0.0,392.0,1,1,392.0,0.0,0,0,0.0,0.0,0.0,0.0,0.0,0.0826846703733121,0.0,0.0,0.0192216044479745,0.1865766481334392,0.0,0.0311358220810166,0.0,1.5291450921840168,0.4207922198419819,0.8110089463220675,,,,,125.0,,,29.0,278.0,,47.0,0.0,,,,,2.631352,,,2.6044137931034483,2.6736618705035973,,2.7064468085106386,,,,,,1.6165216113759624,,,0.5762324811968272,3.2504276301842947,,4.516503533947886,
S021,R021,PUB,21,Image_014,275713,285929,10216,1226,1226,0,3169.555,1225,275719,285927,1440.0,1080.0,4032.0,3024.0,2.587391836734694,2.569,-0.093554243795329,-0.7341576506955226,2.5997651465080414,0.1322581346541217,2.588,zhidaoyu,2.58949229738781,2.573,4479.0,-0.0811147673709829,-0.1554605518849593,1.0,0.0,32,9551.0,298.46875,92.0,767.0,275719.0,325.0,8287.715939877859,267.34567547993095,13,2.815072410115944,6.0,34,1042.0,30.647058823529413,4.604286633265477,0.0,0,0,0.0,0.0,0,0,0.0,350.0,1,1,350.0,0.0,0,0,0.0,0.0,0,0,0.0,383.0,1,1,383.0,0.0,0,0,0.0,1459.0,4,3,1459.0,550.0,3,2,550.0,0.0,0,0,0.0,0.0,0,0,0.0,0.0,0,0,0.0,0.0,0.0,0.0366453774473877,0.0,0.0,0.0401005130352842,0.0,0.1527588734163961,0.0575855931316092,0.0,0.0,0.0,1.7249745889530448,0.3591603396606053,0.7728543642110381,,,42.0,,0.0,46.0,,175.0,66.0,,,,,,2.686809523809524,,,2.498521739130435,,2.5734742857142856,2.721363636363636,,,,,,3.7581585594938582,,,-3.5130654124417724,,-0.6185773052765073,5.092555753452274,,,
S021,R021,PUB,22,Image_015,285929,295212,9283,1114,1097,17,2693.817,1097,285935,295210,1440.0,1080.0,4032.0,3024.0,2.4556216955332726,2.448,-1.0898645391584365,-5.409582689335399,2.5997651465080414,0.1322581346541217,2.588,zhidaoyu,2.58949229738781,2.573,4479.0,-5.16976250478062,-4.858142246404975,0.9847396768402156,0.0152603231597845,27,8101.0,300.037037037037,117.0,617.0,285935.0,275.0,5824.372075743728,224.014310605528,11,2.663532754804255,6.0,33,899.0,27.24242424242424,3.235762264302071,0.0,0,0,0.0,0.0,0,0,0.0,0.0,0,0,0.0,0.0,0,0,0.0,1067.0,3,3,1067.0,0.0,0,0,0.0,0.0,0,0,0.0,0.0,0,0,0.0,992.0,3,1,992.0,0.0,0,0,0.0,1091.0,3,2,1091.0,0.0,0,0,0.0,0.0,0.0,0.0,0.0,0.1317121343044068,0.0,0.0,0.0,0.1224540180224663,0.0,0.1346747315146278,0.0,1.5837903081690865,0.3338708994708994,0.7552380952380953,,,,,128.0,,,,119.0,0.0,131.0,,,,,,2.427734375,,,,2.555840336134453,,2.4037251908396944,,,,,,-6.246704133894726,,,,-1.2995582681324551,,-7.173881410479996,
S021,R021,PUB,23,Image_016,295212,311079,15867,1904,1884,20,4576.335,1883,295219,311077,1440.0,1080.0,4032.0,3024.0,2.43034253850239,2.438,-1.2809995275430242,-5.795981452859348,2.5997651465080414,0.1322581346541217,2.588,zhidaoyu,2.58949229738781,2.573,4479.0,-6.1459830966079645,-5.246793626117364,0.9894957983193278,0.0105042016806722,39,14371.0,368.4871794871795,75.0,1442.0,295219.0,217.0,12396.705581243676,326.2290942432547,6,2.2516291673878226,7.0,42,1484.0,35.333333333333336,6.887058656246487,0.0,0,0,0.0,0.0,0,0,0.0,0.0,0,0,0.0,0.0,0,0,0.0,0.0,0,0,0.0,0.0,0,0,0.0,0.0,0,0,0.0,0.0,0,0,0.0,700.0,4,2,700.0,0.0,0,0,0.0,3241.0,7,2,3241.0,0.0,0,0,0.0,0.0,0.0,0.0,0.0,0.0,0.0,0.0,0.0,0.0487092060399415,0.0,0.2255236239649293,0.0,0.6748424789950396,0.7078578662266657,0.8870633510953226,,,,,,,,,78.0,,389.0,,,,,,,,,,2.471653846153846,,2.384830334190231,,,,,,,,,,-4.550639187181024,,-7.903555589025489,
S021,R021,PUB,24,Image_017,311079,318295,7216,866,827,39,2108.666,823,311086,318294,1440.0,1080.0,4032.0,3024.0,2.562170109356015,2.567,-0.2842550082106029,-0.8114374034003055,2.5997651465080414,0.1322581346541217,2.588,zhidaoyu,2.58949229738781,2.573,4479.0,-1.05511756336779,-0.2331908278274303,0.9549653579676676,0.0450346420323325,28,6276.0,224.14285714285717,67.0,358.0,311086.0,300.0,8895.159256821147,329.4503428452277,10,2.721928094887362,7.0,35,1001.0,28.6,4.941755142678415,0.0,0,0,0.0,0.0,0,0,0.0,0.0,0,0,0.0,0.0,0,0,0.0,1926.0,11,3,1926.0,0.0,0,0,0.0,0.0,0,0,0.0,0.0,0,0,0.0,267.0,1,1,267.0,0.0,0,0,0.0,2283.0,9,3,2283.0,0.0,0,0,0.0,0.0,0.0,0.0,0.0,0.3068833652007648,0.0,0.0,0.0,0.0425430210325047,0.0,0.3637667304015296,0.0,1.2615225925107834,0.448866699250336,0.8250670241286864,,,,,231.0,,,,32.0,,239.0,,,,,,2.605705627705628,,,,2.659375,,2.5130460251046025,,,,,,0.6261200442331288,,,,2.6987028570305163,,-2.952172221571143,
S021,R021,PUB,25,Image_018,318295,326712,8417,1010,963,47,2567.767,959,318302,326711,1440.0,1080.0,3648.0,2736.0,2.677546402502607,2.677,0.5881018675938315,3.438948995363213,2.5997651465080414,0.1322581346541217,2.588,zhidaoyu,2.58949229738781,2.573,4479.0,3.4004389664963623,4.041974349008943,0.9534653465346534,0.0465346534653465,22,7540.0,342.72727272727275,125.0,1083.0,318302.0,350.0,7048.404395226485,335.6383045345945,11,2.913977073182752,7.0,23,759.0,33.0,3.915780219570269,0.0,0,0,0.0,2000.0,4,3,2000.0,750.0,3,1,750.0,0.0,0,0,0.0,0.0,0,0,0.0,0.0,0,0,0.0,0.0,0,0,0.0,0.0,0,0,0.0,1767.0,6,3,1767.0,0.0,0,0,0.0,0.0,0,0,0.0,0.0,0,0,0.0,0.0,0.2652519893899204,0.0994694960212201,0.0,0.0,0.0,0.0,0.0,0.2343501326259947,0.0,0.0,0.0,1.480221548704438,0.3766446184240197,0.7961220574127371,,239.0,90.0,,,,,,210.0,,0.0,,,2.5921046025104606,2.7614444444444444,,,,,,2.637214285714286,,,,,0.1008809767569481,6.640380712083752,,,,,,1.842909066561682,,,
S021,R021,PUB,26,Image_019,326712,337695,10983,1318,1299,19,3417.025,1292,326719,337694,1439.0,1080.0,1706.0,1280.0,2.644756191950464,2.641,0.3401760168482809,2.047913446676968,2.5997651465080414,0.1322581346541217,2.588,zhidaoyu,2.58949229738781,2.573,4479.0,2.134159449649746,2.6428293820443085,0.9855842185128983,0.0144157814871016,33,9622.0,291.5757575757576,92.0,925.0,326719.0,358.0,10969.184619536583,342.7870193605183,7,2.5216406363433186,7.0,36,1251.0,34.75,6.096700761224678,0.0,0,0,0.0,0.0,0,0,0.0,0.0,0,0,0.0,0.0,0,0,0.0,275.0,2,1,275.0,0.0,0,0,0.0,0.0,0,0,0.0,0.0,0,0,0.0,550.0,2,1,550.0,0.0,0,0,0.0,1233.0,5,2,1233.0,0.0,0,0,0.0,0.0,0.0,0.0,0.0,0.0285803367283309,0.0,0.0,0.0,0.0571606734566618,0.0,0.1281438370401164,0.0,1.33958143258463,0.4482292431063777,0.8275834143181082,,,,,33.0,,,,66.0,,148.0,,,,,,2.5743030303030303,,,,2.5366060606060605,,2.569324324324324,,,,,,-0.5865731711232326,,,,-2.0423399920941687,,-0.7788388899179335,
S021,R021,PUB,27,Image_020,337695,349295,11600,1392,1335,57,3372.064,1331,337703,349295,1439.0,1080.0,1706.0,1280.0,2.533481592787378,2.536,-0.5011680672346285,-2.0092735703245768,2.5997651465080414,0.1322581346541217,2.588,zhidaoyu,2.58949229738781,2.573,4479.0,-2.162999467383377,-1.4380101049358696,0.959051724137931,0.0409482758620689,25,10892.0,435.68,117.0,1317.0,337703.0,683.0,7007.413450798695,291.9755604499456,11,2.7321588913645702,8.0,29,984.0,33.93103448275862,3.8947382509736017,1801.0,4,3,1801.0,0.0,0,0,0.0,0.0,0,0,0.0,0.0,0,0,0.0,0.0,0,0,0.0,0.0,0,0,0.0,0.0,0,0,0.0,1416.0,4,2,1416.0,1650.0,6,2,1650.0,0.0,0,0,0.0,0.0,0,0,0.0,0.0,0,0,0.0,0.1653507161219243,0.0,0.0,0.0,0.0,0.0,0.0,0.1300036724201248,0.1514873301505692,0.0,0.0,0.0,1.5780125616239982,0.3365105392932168,0.7631840284911993,216.0,,,,,,,170.0,122.0,,,,2.582356481481481,,,,,,,2.5412882352941177,2.546631147540984,,,,-0.275568145675775,,,,,,,-1.8615256026178837,-1.6551951087115695,,,
S021,R021,PUB,28,Image_021,349295,359828,10533,1263,1229,34,3197.716,1228,349303,359820,1440.0,1080.0,4032.0,3024.0,2.60400325732899,2.5905,0.0320442355552093,0.0965996908809871,2.5997651465080414,0.1322581346541217,2.588,zhidaoyu,2.58949229738781,2.573,4479.0,0.5603785713446201,0.6801399144966992,0.9730799683293744,0.0269200316706254,29,9434.0,325.3103448275862,67.0,658.0,349303.0,250.0,8437.978659620398,301.3563807007285,5,1.9219280948873625,8.0,30,977.0,32.56666666666667,4.687765922011332,0.0,0,0,0.0,0.0,0,0,0.0,0.0,0,0,0.0,0.0,0,0,0.0,0.0,0,0,0.0,0.0,0,0,0.0,0.0,0,0,0.0,834.0,3,2,834.0,100.0,1,1,100.0,0.0,0,0,0.0,0.0,0,0,0.0,0.0,0,0,0.0,0.0,0.0,0.0,0.0,0.0,0.0,0.0,0.0884036463854144,0.0105999576001696,0.0,0.0,0.0,0.4910033658013943,0.8087936576351855,0.8988222698072805,,,,0.0,,,,100.0,12.0,,,,,,,,,,,2.7196300000000004,2.6671666666666667,,,,,,,,,,,5.025606862915522,2.999598390665694,,,
S021,R021,PUB,29,Image_022,359828,372778,12950,1554,1522,32,3866.216,1520,359828,372770,1620.0,1080.0,5472.0,3648.0,2.543563157894737,2.5665,-0.4249416397734806,-0.8307573415765098,2.5997651465080414,0.1322581346541217,2.588,zhidaoyu,2.58949229738781,2.573,4479.0,-1.7736735320435009,-0.2526233968130567,0.9794079794079794,0.0205920205920205,37,11842.0,320.05405405405406,83.0,992.0,359828.0,250.0,11534.879715001362,320.4133254167045,6,1.9182958340544891,0.0,40,1310.0,32.75,5.9244444827274725,0.0,0,0,0.0,0.0,0,0,0.0,0.0,0,0,0.0,0.0,0,0,0.0,0.0,0,0,0.0,0.0,0,0,0.0,0.0,0,0,0.0,2650.0,10,3,2650.0,517.0,2,1,517.0,0.0,0,0,0.0,0.0,0,0,0.0,0.0,0,0,0.0,0.0,0.0,0.0,0.0,0.0,0.0,0.0,0.2237797669312616,0.0436581658503631,0.0,0.0,0.0,0.6420187110277733,0.7268065479089549,0.8894590043153352,,,,,,,,318.0,62.0,,,,,,,,,,,2.6607955974842765,2.6484838709677416,,,,,,,,,,,2.7535629346491968,2.278113498906347,,,
S021,R021,PUB,30,Image_024,372778,384094,11316,1358,1316,42,3310.913,1311,372778,384087,1440.0,1080.0,4032.0,3024.0,2.5254866514111365,2.52,-0.5616175919247327,-2.627511591962908,2.5997651465080414,0.1322581346541217,2.588,zhidaoyu,2.58949229738781,2.573,4479.0,-2.471744984190145,-2.059852312475707,0.9690721649484536,0.0309278350515463,31,9892.0,319.0967741935484,117.0,625.0,372778.0,442.0,9984.127706861238,332.8042568953746,12,2.792481250360578,0.0,35,1191.0,34.02857142857143,5.54673761492291,0.0,0,0,0.0,0.0,0,0,0.0,0.0,0,0,0.0,0.0,0,0,0.0,0.0,0,0,0.0,0.0,0,0,0.0,0.0,0,0,0.0,1125.0,5,4,1125.0,1000.0,4,2,1000.0,0.0,0,0,0.0,0.0,0,0,0.0,292.0,1,1,292.0,0.0,0.0,0.0,0.0,0.0,0.0,0.0,0.1137282652648604,0.1010917913465426,0.0,0.0,0.0295188030731904,1.4086806974749324,0.402419320189069,0.807440353054751,,,,,0.0,0.0,,133.0,119.0,,,34.0,,,,,,,,2.5975714285714284,2.545731092436975,,,2.6739411764705885,,,,,,,,0.3119967258357373,-1.6899530844320216,,,3.261213758695778
S021,R021,PUB,31,Image_025,384094,396377,12283,1474,1420,54,3552.007,1418,384095,396370,1620.0,1080.0,5472.0,3648.0,2.504941466854725,2.4935,-0.7169591488742585,-3.651468315301392,2.5997651465080414,0.1322581346541217,2.588,zhidaoyu,2.58949229738781,2.573,4479.0,-3.265150879899376,-3.0897784687135603,0.9633649932157394,0.0366350067842605,35,11083.0,316.65714285714284,83.0,608.0,384095.0,492.0,8870.144128944552,260.8865920277809,10,1.9219280948873625,1.0,35,1233.0,35.22857142857143,4.555806193399636,0.0,0,0,0.0,0.0,0,0,0.0,0.0,0,0,0.0,0.0,0,0,0.0,0.0,0,0,0.0,0.0,0,0,0.0,0.0,0,0,0.0,2157.0,8,4,2157.0,0.0,0,0,0.0,0.0,0,0,0.0,0.0,0,0,0.0,783.0,2,2,783.0,0.0,0.0,0.0,0.0,0.0,0.0,0.0,0.1946223946584859,0.0,0.0,0.0,0.0706487413155282,0.8361439097570653,0.6092065805914202,0.8722789115646259,,,,,,,,259.0,0.0,,,94.0,,,,,,,,2.4961312741312742,,,,2.5941063829787234,,,,,,,,-3.605379454139137,,,,0.1781849513732138
S022,R022,PUB,1,Image_001,82363,95662,13299,1596,1525,71,4730.44,1514,82365,95657,1440.0,1080.0,4032.0,3024.0,3.12446499339498,3.1385,0.5503823670834838,4.512154512154496,3.003416670421266,0.219934958336615,3.003,zhidaoyu,2.9510447392780006,2.924,3241.0,5.876571500552986,7.3358413132694835,0.9555137844611528,0.0444862155388471,31,11767.0,379.5806451612903,75.0,1067.0,82365.0,392.0,6717.89398773487,223.92979959116235,14,2.807354922057604,2.0,42,1161.0,27.642857142857142,3.732163326519372,0.0,0,0,0.0,0.0,0,0,0.0,0.0,0,0,0.0,0.0,0,0,0.0,0.0,0,0,0.0,0.0,0,0,0.0,0.0,0,0,0.0,567.0,2,2,567.0,2416.0,6,4,2416.0,0.0,0,0,0.0,1000.0,2,2,1000.0,0.0,0,0,0.0,0.0,0.0,0.0,0.0,0.0,0.0,0.0,0.0481856038072575,0.2053199626072915,0.0,0.0849834282314948,0.0,1.338440837094861,0.451236421625955,0.8273704912544982,,,,,0.0,,,68.0,290.0,,120.0,0.0,,,,,,,,3.0849705882352945,3.2892689655172416,,3.078725,,,,,,,,,4.5382520696741455,11.461169047609578,,4.326612166281066,
S022,R022,PUB,2,Image_012,95662,113912,18250,2190,2140,50,6362.098,2140,95665,113907,1440.0,1080.0,4032.0,3024.0,2.972942990654205,3.018,-0.138557689953136,0.4995004995004888,3.003416670421266,0.219934958336615,3.003,zhidaoyu,2.9510447392780006,2.924,3241.0,0.7420508094893383,3.2147742818057408,0.9771689497716894,0.0228310502283105,38,16915.0,445.1315789473685,92.0,1717.0,95665.0,392.0,8863.250861097515,239.5473205702031,14,2.985228136034252,3.0,38,1258.0,33.10526315789474,4.924028256165286,0.0,0,0,0.0,0.0,0,0,0.0,0.0,0,0,0.0,0.0,0,0,0.0,1933.0,4,4,1933.0,0.0,0,0,0.0,0.0,0,0,0.0,0.0,0,0,0.0,1758.0,4,1,1758.0,3032.0,7,3,3032.0,842.0,3,1,842.0,0.0,0,0,0.0,0.0,0.0,0.0,0.0,0.1142772686964233,0.0,0.0,0.0,0.1039314218149571,0.1792491871120307,0.0497783032811114,0.0,1.873472823689284,0.2923163995318825,0.7409671733862084,,,,,232.0,,,,211.0,364.0,101.0,,,,,,3.1884094827586207,,,,3.0356872037914693,3.070395604395604,3.173178217821782,,,,,,8.043413924612118,,,,2.8682203081128894,4.0443597323029215,7.527282646285069,
S022,R022,PUB,3,Image_023,113912,123395,9483,1138,1055,83,3246.306,1049,113915,123391,1440.0,1080.0,960.0,720.0,3.094667302192565,3.06,0.4148982611106228,1.898101898101896,3.003416670421266,0.219934958336615,3.003,zhidaoyu,2.9510447392780006,2.924,3241.0,4.86683786941512,4.651162790697678,0.9270650263620388,0.0729349736379613,21,8641.0,411.4761904761905,108.0,883.0,113915.0,633.0,5684.972955349094,284.2486477674547,2,1.0,3.0,23,860.0,37.391304347826086,3.158318308527275,0.0,0,0,0.0,0.0,0,0,0.0,0.0,0,0,0.0,0.0,0,0,0.0,0.0,0,0,0.0,0.0,0,0,0.0,0.0,0,0,0.0,0.0,0,0,0.0,0.0,0,0,0.0,667.0,2,1,667.0,0.0,0,0,0.0,0.0,0,0,0.0,0.0,0.0,0.0,0.0,0.0,0.0,0.0,0.0,0.0,0.0771901400300891,0.0,0.0,-0.0,1.0,0.9166666666666666,,,,,,,,0.0,0.0,80.0,,0.0,,,,,,,,,,3.2804,,,,,,,,,,,,11.1606325833806,,
S022,R022,PUB,4,Image_026,123395,129262,5867,704,615,89,1962.009,610,123399,129257,1439.0,1080.0,1706.0,1280.0,3.216408196721312,3.1995,0.968429611694824,6.54345654345654,3.003416670421266,0.219934958336615,3.003,zhidaoyu,2.9510447392780006,2.924,3241.0,8.992186865599148,9.422024623803011,0.8735795454545454,0.1264204545454545,15,5064.0,337.6,83.0,750.0,123399.0,750.0,4656.6848863703335,332.6203490264524,6,1.9182958340544891,4.0,18,643.0,35.72222222222222,2.5881973251642543,0.0,0,0,0.0,0.0,0,0,0.0,0.0,0,0,0.0,0.0,0,0,0.0,633.0,1,1,633.0,0.0,0,0,0.0,0.0,0,0,0.0,1199.0,3,2,1199.0,0.0,0,0,0.0,0.0,0,0,0.0,0.0,0,0,0.0,0.0,0,0,0.0,0.0,0.0,0.0,0.0,0.125,0.0,0.0,0.2367693522906793,0.0,0.0,0.0,0.0,0.9300069728339558,0.5477256583589176,0.8590793304221251,,,,,76.0,,,144.0,0.0,,,,,,,,3.273605263157895,,,3.1558333333333337,,,,,,,,,10.930384063198296,,,6.939528612685026,,,,
S022,R022,PUB,5,Image_027,129262,139162,9900,1188,1068,120,3378.138,1057,129266,139157,810.0,1080.0,1280.0,1706.0,3.195967833491012,3.216,0.8754913931192442,7.092907092907096,3.003416670421266,0.219934958336615,3.003,zhidaoyu,2.9510447392780006,2.924,3241.0,8.299538497438512,9.986320109439134,0.898989898989899,0.101010101010101,26,8192.0,315.0769230769231,108.0,617.0,129266.0,250.0,6416.257186726715,256.6502874690686,14,1.5916727785823277,4.0,31,1011.0,32.61290322580645,4.752783101279048,0.0,0,0,0.0,0.0,0,0,0.0,3192.0,10,6,3192.0,0.0,0,0,0.0,0.0,0,0,0.0,0.0,0,0,0.0,0.0,0,0,0.0,692.0,2,1,692.0,0.0,0,0,0.0,0.0,0,0,0.0,0.0,0,0,0.0,0.0,0,0,0.0,0.0,0.0,0.3896484375,0.0,0.0,0.0,0.0,0.08447265625,0.0,0.0,0.0,0.0,0.6760503046915041,0.7071531679254508,0.88697219361483,,,383.0,,,,,83.0,0.0,,,,,,3.14467362924282,,,,,3.2870722891566264,,,,,,,6.561367484119965,,,,,11.386731804033507,,,,
S022,R022,PUB,6,Image_028,139162,146161,6999,840,779,61,2354.568,775,139166,146158,1620.0,1080.0,5472.0,3648.0,3.0381522580645166,3.002,0.1579357274803349,-0.0333000333000444,3.003416670421266,0.219934958336615,3.003,zhidaoyu,2.9510447392780006,2.924,3241.0,2.9517518872935704,2.66757865937072,0.9273809523809524,0.0726190476190476,14,6358.0,454.1428571428572,158.0,1175.0,139166.0,400.0,4870.248779108077,374.6345214698521,7,2.235926350629033,4.0,16,492.0,30.75,2.501414771700864,1175.0,1,1,1175.0,0.0,0,0,0.0,0.0,0,0,0.0,0.0,0,0,0.0,0.0,0,0,0.0,0.0,0,0,0.0,0.0,0,0,0.0,1575.0,2,2,1575.0,3808.0,9,4,3808.0,0.0,0,0,0.0,0.0,0,0,0.0,0.0,0,0,0.0,0.1848065429380308,0.0,0.0,0.0,0.0,0.0,0.0,0.2477194086190626,0.5989304812834224,0.0,0.0,0.0,1.394055687339884,0.4269527888293735,0.8169157263393311,141.0,,,,,,,179.0,420.0,,,,2.9763191489361702,,,,,,,3.0802067039106142,3.0213714285714284,,,,0.8564563363533837,,,,,,,4.3768216358595184,2.3831115929009545,,,
S022,R022,PUB,7,Image_029,146161,152911,6750,810,737,73,2260.698,729,146166,152908,1620.0,1080.0,6000.0,4000.0,3.101094650205761,3.07,0.4441221192085193,2.2311022311022217,3.003416670421266,0.219934958336615,3.003,zhidaoyu,2.9510447392780006,2.924,3241.0,5.084636939949324,4.993160054719559,0.9098765432098764,0.0901234567901234,17,5699.0,335.2352941176471,133.0,975.0,146166.0,417.0,5763.525968186583,360.2203730116614,8,2.25,5.0,18,701.0,38.94444444444444,2.960212023613242,0.0,0,0,0.0,0.0,0,0,0.0,0.0,0,0,0.0,0.0,0,0,0.0,417.0,2,2,417.0,0.0,0,0,0.0,0.0,0,0,0.0,1274.0,5,2,1274.0,0.0,0,0,0.0,0.0,0,0,0.0,233.0,1,1,233.0,0.0,0,0,0.0,0.0,0.0,0.0,0.0,0.073170731707317,0.0,0.0,0.2235479908755922,0.0,0.0,0.0408843656781891,0.0,1.2407747344221216,0.5000988714606178,0.8401767151767152,,,,,50.0,,,153.0,0.0,,28.0,,,,,,3.1755,,,3.136274509803921,,,3.01025,,,,,,7.605959263664514,,,6.276752367069808,,,2.0062474802223638,
S022,R022,PUB,8,Image_030,152911,160211,7300,876,811,65,2366.703,809,152916,160208,1920.0,1079.0,2275.0,1279.0,2.9254672435105067,2.9,-0.3544203590929652,-3.4299034299034368,3.003416670421266,0.219934958336615,3.003,zhidaoyu,2.9510447392780006,2.924,3241.0,-0.8667268044791374,-0.8207934336525314,0.9257990867579908,0.0742009132420091,21,6342.0,302.0,125.0,617.0,152916.0,417.0,6091.402115440567,304.57010577202834,9,2.5032583347756456,5.0,24,818.0,34.083333333333336,2.7657804541936786,0.0,0,0,0.0,0.0,0,0,0.0,0.0,0,0,0.0,0.0,0,0,0.0,0.0,0,0,0.0,383.0,2,2,383.0,0.0,0,0,0.0,133.0,1,1,133.0,516.0,2,2,516.0,0.0,0,0,0.0,0.0,0,0,0.0,0.0,0,0,0.0,0.0,0.0,0.0,0.0,0.0,0.0603910438347524,0.0,0.020971302428256,0.0813623462630085,0.0,0.0,0.0,1.4116675164723669,0.4043420617751337,0.8118540051679587,0.0,,,,,46.0,,16.0,62.0,,,,,,,,,2.8303478260869563,,2.9935625,2.851258064516129,,,,,,,,,-4.089972326904601,,1.440769777431489,-3.3814016247779874,,,
S022,R022,PUB,9,Image_031,160211,166644,6433,772,686,86,2144.3,679,160216,166641,1621.0,1080.0,2731.0,1820.0,3.1580265095729017,3.149,0.7029798278589341,4.861804861804859,3.003416670421266,0.219934958336615,3.003,zhidaoyu,2.9510447392780006,2.924,3241.0,7.013847250094249,7.694938440492479,0.8886010362694301,0.1113989637305699,17,5234.0,307.88235294117646,125.0,592.0,160216.0,417.0,4387.688993117885,274.2305620698678,6,1.9182958340544891,5.0,25,749.0,29.96,2.252603873555769,0.0,0,0,0.0,0.0,0,0,0.0,917.0,3,2,917.0,0.0,0,0,0.0,0.0,0,0,0.0,0.0,0,0,0.0,0.0,0,0,0.0,0.0,0,0,0.0,0.0,0,0,0.0,417.0,1,1,417.0,0.0,0,0,0.0,0.0,0,0,0.0,0.0,0.0,0.1752006113870844,0.0,0.0,0.0,0.0,0.0,0.0,0.0796713794421092,0.0,0.0,0.8961447907175014,0.5702422401992406,0.8645677161419291,,,110.0,,,,,,0.0,50.0,,,,,3.212718181818182,,,,,,,3.1687,,,,,8.86714589776779,,,,,,,7.375532394512276,,
S022,R022,PUB,10,Image_002,166644,173444,6800,816,767,49,2437.328,755,166650,173441,810.0,1080.0,3072.0,4096.0,3.2282490066225167,3.23,1.0222673916946845,7.559107559107554,3.003416670421266,0.219934958336615,3.003,zhidaoyu,2.9510447392780006,2.924,3241.0,9.39342815291701,10.46511627906977,0.9399509803921569,0.0600490196078431,17,6092.0,358.3529411764706,208.0,725.0,166650.0,317.0,4131.492680723295,258.21829254520594,8,2.5,6.0,18,643.0,35.72222222222222,3.0603649486839224,0.0,0,0,0.0,0.0,0,0,0.0,0.0,0,0,0.0,0.0,0,0,0.0,0.0,0,0,0.0,0.0,0,0,0.0,0.0,0,0,0.0,0.0,0,0,0.0,225.0,1,1,225.0,1175.0,3,1,1175.0,3200.0,8,4,3200.0,0.0,0,0,0.0,0.0,0.0,0.0,0.0,0.0,0.0,0.0,0.0,0.0369336835193696,0.1928759028233749,0.525279054497702,0.0,1.0801108634383727,0.551571361058601,0.8577898550724637,,,,,,,,,27.0,141.0,337.0,,,,,,,,,,3.1214074074074074,3.4038794326241133,3.170890207715133,,,,,,,,,,5.772961211394157,15.34489421047892,7.449750439599219,
S022,R022,PUB,11,Image_003,173444,180194,6750,810,755,55,2264.493,750,173450,180191,1620.0,1080.0,5472.0,3648.0,3.019324,3.0135,0.0723274267039779,0.3496503496503333,3.003416670421266,0.219934958336615,3.003,zhidaoyu,2.9510447392780006,2.924,3241.0,2.313731805323448,3.0608755129958856,0.9320987654320988,0.0679012345679012,16,6136.0,383.5,142.0,817.0,173450.0,642.0,5371.019758868094,358.0679839245396,7,2.5216406363433186,6.0,18,759.0,42.16666666666666,2.758616402012698,0.0,0,0,0.0,0.0,0,0,0.0,0.0,0,0,0.0,0.0,0,0,0.0,0.0,0,0,0.0,0.0,0,0,0.0,0.0,0,0,0.0,926.0,3,2,926.0,325.0,1,1,325.0,0.0,0,0,0.0,0.0,0,0,0.0,983.0,2,2,983.0,0.0,0.0,0.0,0.0,0.0,0.0,0.0,0.1509126466753585,0.0529661016949152,0.0,0.0,0.1602020860495436,1.4523812010095412,0.3865927326441124,0.7990898239331543,,,,,0.0,,,111.0,39.0,,,82.0,,,,,,,,2.9860900900900904,3.137230769230769,,,3.092841463414634,,,,,,,,1.1875574214664049,6.309156464985379,,,4.804966941006981
S022,R022,PUB,12,Image_004,180194,186877,6683,802,712,90,2169.174,703,180200,186875,1439.0,1080.0,1706.0,1280.0,3.085596017069701,3.054,0.3736529529910296,1.6983016983016888,3.003416670421266,0.219934958336615,3.003,zhidaoyu,2.9510447392780006,2.924,3241.0,4.559445541466783,4.445964432284538,0.8877805486284289,0.112219451371571,19,5667.0,298.2631578947368,125.0,658.0,180200.0,500.0,4839.066337444595,268.837018746922,10,2.4464393446710155,6.0,22,708.0,32.18181818181818,2.689565400382655,0.0,0,0,0.0,0.0,0,0,0.0,1867.0,6,3,1867.0,0.0,0,0,0.0,142.0,1,1,142.0,0.0,0,0,0.0,0.0,0,0,0.0,0.0,0,0,0.0,817.0,4,2,817.0,0.0,0,0,0.0,0.0,0,0,0.0,0.0,0,0,0.0,0.0,0.0,0.3294512087524263,0.0,0.0250573495676724,0.0,0.0,0.0,0.1441679901182283,0.0,0.0,0.0,1.1294975294312477,0.5225642089003686,0.8517338995046001,,,200.0,,17.0,,,0.0,97.0,,,,,,3.05627,,3.0383529411764707,,,,3.1660103092783505,,,,,,3.5656952035143914,,2.958552296290528,,,,7.284388716280294,,,
S022,R022,PUB,13,Image_005,186877,191611,4734,568,533,35,1663.848,532,186883,191608,1920.0,1080.0,960.0,540.0,3.1275338345864663,3.1525,0.5643357704655401,4.978354978354969,3.003416670421266,0.219934958336615,3.003,zhidaoyu,2.9510447392780006,2.924,3241.0,5.980563186976464,7.814637482900134,0.9383802816901408,0.0616197183098591,10,4508.0,450.8,150.0,883.0,186883.0,492.0,3370.734633155562,374.526070350618,5,1.9219280948873625,6.0,11,434.0,39.45454545454545,1.530130129373375,0.0,0,0,0.0,0.0,0,0,0.0,0.0,0,0,0.0,0.0,0,0,0.0,0.0,0,0,0.0,0.0,0,0,0.0,0.0,0,0,0.0,333.0,1,1,333.0,0.0,0,0,0.0,0.0,0,0,0.0,0.0,0,0,0.0,675.0,2,2,675.0,0.0,0.0,0.0,0.0,0.0,0.0,0.0,0.073868677905945,0.0,0.0,0.0,0.1497338065661047,0.9152908478124058,0.5575573979591837,0.8616071428571429,,,,,0.0,,0.0,40.0,,,,81.0,,,,,,,,3.184625,,,,2.990271604938272,,,,,,,,7.915171790284241,,,,1.3292535059928636
S022,R022,PUB,14,Image_006,191611,198177,6566,788,731,57,2316.297,726,191617,198175,1439.0,1080.0,1706.0,1280.0,3.190491735537191,3.1845,0.850592677629731,6.043956043956037,3.003416670421266,0.219934958336615,3.003,zhidaoyu,2.9510447392780006,2.924,3241.0,8.113973775869395,8.909028727770178,0.9276649746192892,0.0723350253807106,16,6051.0,378.1875,175.0,817.0,191617.0,725.0,5691.444636450291,379.4296424300194,6,1.9182958340544891,6.0,18,659.0,36.61111111111112,3.163319430845766,0.0,0,0,0.0,0.0,0,0,0.0,0.0,0,0,0.0,0.0,0,0,0.0,0.0,0,0,0.0,0.0,0,0,0.0,0.0,0,0,0.0,0.0,0,0,0.0,467.0,2,2,467.0,0.0,0,0,0.0,1059.0,2,1,1059.0,0.0,0,0,0.0,0.0,0.0,0.0,0.0,0.0,0.0,0.0,0.0,0.0771773260618079,0.0,0.1750123946455131,0.0,0.8885361203585826,0.5752496268265744,0.8656618610747051,,,,,0.0,,,,56.0,,126.0,,,,,,,,,,3.148767857142857,,3.148420634920635,,,,,,,,,,6.700105736561321,,6.688339658683865,
S022,R022,PUB,15,Image_007,198177,203327,5150,618,558,60,1708.577,557,198183,203325,1439.0,1080.0,1706.0,1280.0,3.067463195691203,3.055,0.2912066628894537,1.731601731601733,3.003416670421266,0.219934958336615,3.003,zhidaoyu,2.9510447392780006,2.924,3241.0,3.9449912386514714,4.480164158686739,0.9029126213592232,0.0970873786407767,15,4542.0,302.8,192.0,542.0,198183.0,442.0,3492.400832910023,249.45720235071596,3,1.584962500721156,6.0,19,543.0,28.57894736842105,1.9410852816336104,492.0,2,1,492.0,0.0,0,0,0.0,0.0,0,0,0.0,0.0,0,0,0.0,0.0,0,0,0.0,0.0,0,0,0.0,0.0,0,0,0.0,0.0,0,0,0.0,767.0,3,1,767.0,0.0,0,0,0.0,0.0,0,0,0.0,0.0,0,0,0.0,0.1083223249669749,0.0,0.0,0.0,0.0,0.0,0.0,0.0,0.1688683399383531,0.0,0.0,0.0,0.9653051258590832,0.5238552477759812,0.8515356102727032,59.0,,,,,,,0.0,92.0,,,,3.162813559322034,,,,,,,,3.123173913043478,,,,7.176062674530797,,,,,,,,5.832821558902915,,,
S022,R022,PUB,16,Image_008,203327,209377,6050,726,689,37,1988.904,682,203333,209375,1440.0,1080.0,4096.0,3072.0,2.9162815249266862,2.908,-0.3961859731331011,-3.16350316350317,3.003416670421266,0.219934958336615,3.003,zhidaoyu,2.9510447392780006,2.924,3241.0,-1.177996859506084,-0.5471956224350211,0.9490358126721764,0.0509641873278236,14,5533.0,395.2142857142857,175.0,642.0,203333.0,542.0,4208.906284928636,323.76202191758733,3,0.9182958340544896,6.0,15,561.0,37.4,2.3382812694047974,0.0,0,0,0.0,0.0,0,0,0.0,0.0,0,0,0.0,0.0,0,0,0.0,0.0,0,0,0.0,0.0,0,0,0.0,0.0,0,0,0.0,0.0,0,0,0.0,0.0,0,0,0.0,0.0,0,0,0.0,1958.0,5,2,1958.0,0.0,0,0,0.0,0.0,0.0,0.0,0.0,0.0,0.0,0.0,0.0,0.0,0.0,0.3538767395626243,0.0,-0.0,1.0,0.9166666666666666,,,,,,,,,0.0,,211.0,,,,,,,,,,,,2.994383886255924,,,,,,,,,,,,1.4686035220369615,
S022,R022,PUB,17,Image_009,209377,214577,5200,624,609,15,1793.171,606,209383,214575,1440.0,1080.0,4032.0,3024.0,2.9590280528052806,2.962,-0.2018261123729491,-1.3653013653013628,3.003416670421266,0.219934958336615,3.003,zhidaoyu,2.9510447392780006,2.924,3241.0,0.2705249914046772,1.2995896032831826,0.9759615384615384,0.0240384615384615,15,5217.0,347.8,158.0,667.0,209383.0,600.0,3651.7777922408695,260.8412708743478,9,2.725480556997868,6.0,16,491.0,30.6875,2.0287654401338164,0.0,0,0,0.0,0.0,0,0,0.0,0.0,0,0,0.0,0.0,0,0,0.0,0.0,0,0,0.0,0.0,0,0,0.0,0.0,0,0,0.0,392.0,1,1,392.0,1542.0,3,2,1542.0,0.0,0,0,0.0,0.0,0,0,0.0,859.0,3,3,859.0,0.0,0.0,0.0,0.0,0.0,0.0,0.0,0.07513896875599,0.2955721679125934,0.0,0.0,0.1646540157178455,1.3939273585591891,0.4190965624382679,0.8186239408043919,,,,,0.0,,,47.0,137.0,,,103.0,,,,,,,,2.9745957446808515,3.019,,,2.964135922330097,,,,,,,,0.798056535347983,2.30275264273443,,,0.4436118123813741
S022,R022,PUB,18,Image_010,214577,219627,5050,606,589,17,1664.106,587,214583,219625,1440.0,1080.0,1600.0,1200.0,2.834933560477001,2.837,-0.7660587985580629,-5.527805527805525,3.003416670421266,0.219934958336615,3.003,zhidaoyu,2.9510447392780006,2.924,3241.0,-3.9345787359837536,-2.975376196990416,0.971947194719472,0.028052805280528,13,4799.0,369.1538461538461,167.0,658.0,214583.0,400.0,3160.603200540384,263.383600045032,6,2.584962500721156,6.0,12,450.0,37.5,1.7558906669668797,0.0,0,0,0.0,0.0,0,0,0.0,0.0,0,0,0.0,0.0,0,0,0.0,0.0,0,0,0.0,0.0,0,0,0.0,0.0,0,0,0.0,400.0,2,2,400.0,950.0,2,1,950.0,600.0,2,1,600.0,0.0,0,0,0.0,0.0,0,0,0.0,0.0,0.0,0.0,0.0,0.0,0.0,0.0,0.0833506980620962,0.1979579078974786,0.1250260470931444,0.0,0.0,1.497449071065274,0.3740959894806048,0.7970085470085471,,,,,,,,48.0,114.0,72.0,0.0,,,,,,,,,2.87575,2.854070175438596,2.859347222222222,,,,,,,,,,-2.551460446391677,-3.286109578370204,-3.1072899653230324,,
S022,R022,PUB,19,Image_011,219627,223660,4033,517,484,0,1503.097,484,219634,223659,1440.0,1080.0,960.0,720.0,3.105572314049587,3.0515,0.4644811557059031,1.6150516150516072,3.003416670421266,0.219934958336615,3.003,zhidaoyu,2.9510447392780006,2.924,3241.0,5.236368419456519,4.360465116279068,0.9361702127659576,0.0,12,4325.0,360.4166666666667,167.0,1067.0,219634.0,658.0,4257.932479493723,387.0847708630657,5,1.9219280948873625,7.0,12,452.0,37.66666666666666,2.36551804416318,0.0,0,0,0.0,0.0,0,0,0.0,0.0,0,0,0.0,0.0,0,0,0.0,0.0,0,0,0.0,0.0,0,0,0.0,0.0,0,0,0.0,0.0,0,0,0.0,483.0,2,2,483.0,0.0,0,0,0.0,0.0,0,0,0.0,384.0,2,1,384.0,0.0,0.0,0.0,0.0,0.0,0.0,0.0,0.0,0.1116763005780346,0.0,0.0,0.08878612716763,0.9905740652811172,0.5065193184947498,0.8428489042675894,,,,,,,,0.0,58.0,,,46.0,,,,,,,,,3.090603448275862,,,3.1894782608695653,,,,,,,,,4.729128879015425,,,8.079630864894973
S022,R022,PUB,20,Image_013,223660,228443,4783,642,564,14,1681.089,562,223667,228442,1920.0,1080.0,3840.0,2160.0,2.991261565836299,2.897,-0.0552668146842014,-3.52980352980354,3.003416670421266,0.219934958336615,3.003,zhidaoyu,2.9510447392780006,2.924,3241.0,1.3627996222157477,-0.9233926128591018,0.8785046728971962,0.0218068535825545,14,5151.0,367.9285714285714,142.0,1067.0,223667.0,1067.0,4269.6248522826245,328.43268094481726,7,1.8423709931771088,7.0,15,508.0,33.86666666666667,1.9381773822648716,0.0,0,0,0.0,0.0,0,0,0.0,0.0,0,0,0.0,0.0,0,0,0.0,1150.0,3,1,1150.0,0.0,0,0,0.0,0.0,0,0,0.0,0.0,0,0,0.0,1208.0,4,3,1208.0,0.0,0,0,0.0,0.0,0,0,0.0,0.0,0,0,0.0,0.0,0.0,0.0,0.0,0.223257619879635,0.0,0.0,0.0,0.2345175694039992,0.0,0.0,0.0,0.9995635276569494,0.5003025090626824,0.8353830930166808,,,,,138.0,,,0.0,145.0,,0.0,0.0,,,,,3.102007246376812,,,,3.0277103448275864,,,,,,,,5.115561451492787,,,,2.5979140380075267,,,
S022,R022,PUB,21,Image_014,228443,235377,6934,898,821,11,2232.689,817,228450,235375,1440.0,1080.0,4032.0,3024.0,2.7327894736842104,2.735,-1.230487407658291,-8.924408924408931,3.003416670421266,0.219934958336615,3.003,zhidaoyu,2.9510447392780006,2.924,3241.0,-7.395864342171521,-6.463748290013682,0.9142538975501112,0.0122494432071269,18,6376.0,354.22222222222223,142.0,583.0,228450.0,425.0,5184.485684089378,304.9697461229046,12,2.5220552088742005,7.0,20,658.0,32.9,2.880269824494099,0.0,0,0,0.0,0.0,0,0,0.0,2533.0,5,4,2533.0,0.0,0,0,0.0,192.0,1,1,192.0,292.0,1,1,292.0,0.0,0,0,0.0,0.0,0,0,0.0,525.0,2,1,525.0,0.0,0,0,0.0,0.0,0,0,0.0,0.0,0,0,0.0,0.0,0.0,0.3972710163111669,0.0,0.0301129234629861,0.0457967377666248,0.0,0.0,0.0823400250941028,0.0,0.0,0.0,1.2789340537423797,0.543118936399569,0.8373800112930547,,,304.0,,23.0,35.0,,0.0,63.0,,,,,,2.770832236842105,,2.662,2.4737714285714287,,,2.9763968253968254,,,,,,-6.106735693881285,,-9.794657987757857,-16.17302863471128,,,0.8590885045350886,,,
S022,R022,PUB,22,Image_015,235377,241293,5916,710,710,0,1958.772,710,235384,241292,1440.0,1080.0,4032.0,3024.0,2.758833802816901,2.7635,-1.112069083760779,-7.975357975357991,3.003416670421266,0.219934958336615,3.003,zhidaoyu,2.9510447392780006,2.924,3241.0,-6.513318280227945,-5.489056087551311,1.0,0.0,19,5593.0,294.3684210526316,142.0,425.0,235384.0,233.0,6089.962868793691,338.3312704885384,6,1.9182958340544891,7.0,18,609.0,33.833333333333336,3.383312704885384,0.0,0,0,0.0,0.0,0,0,0.0,0.0,0,0,0.0,0.0,0,0,0.0,392.0,1,1,392.0,0.0,0,0,0.0,0.0,0,0,0.0,0.0,0,0,0.0,716.0,2,1,716.0,0.0,0,0,0.0,1217.0,4,2,1217.0,0.0,0,0,0.0,0.0,0.0,0.0,0.0,0.0700876095118898,0.0,0.0,0.0,0.1280171643125335,0.0,0.2175934203468621,0.0,1.445144279434594,0.3972545265348595,0.8091397849462365,,,,,13.0,,,,86.0,0.0,146.0,,,,,,2.692230769230769,,,,2.7493953488372096,,2.8031986301369862,,,,,,-8.770248942771113,,,,-6.83315260378351,,-5.009958242015207,
S022,R022,PUB,23,Image_016,241293,246540,5247,629,616,13,1625.657,612,241300,246534,1440.0,1080.0,4032.0,3024.0,2.6563022875816995,2.657,-1.5782592520298695,-11.521811521811523,3.003416670421266,0.219934958336615,3.003,zhidaoyu,2.9510447392780006,2.924,3241.0,-9.987732404504731,-9.131326949384402,0.9793322734499204,0.0206677265500794,17,4884.0,287.29411764705884,92.0,758.0,241300.0,392.0,4685.273225524397,292.82957659527483,1,-0.0,7.0,19,593.0,31.210526315789476,2.6029295697357764,0.0,0,0,0.0,0.0,0,0,0.0,0.0,0,0,0.0,0.0,0,0,0.0,0.0,0,0,0.0,0.0,0,0,0.0,0.0,0,0,0.0,0.0,0,0,0.0,0.0,0,0,0.0,0.0,0,0,0.0,1158.0,5,1,1158.0,0.0,0,0,0.0,0.0,0.0,0.0,0.0,0.0,0.0,0.0,0.0,0.0,0.0,0.2371007371007371,0.0,-0.0,1.0,0.9166666666666666,,,,,,,,,0.0,,125.0,,,,,,,,,,,,2.684632,,,,,,,,,,,,-9.027743149132355,
S022,R022,PUB,24,Image_017,246540,251826,5286,635,615,20,1682.445,613,246542,251826,1440.0,1080.0,4032.0,3024.0,2.7446084828711257,2.728,-1.1767487511195427,-9.157509157509152,3.003416670421266,0.219934958336615,3.003,zhidaoyu,2.9510447392780006,2.924,3241.0,-6.99536180049176,-6.703146374828993,0.968503937007874,0.0314960629921259,15,4994.0,332.93333333333334,83.0,575.0,246542.0,367.0,3376.890625371476,241.2064732408197,9,2.4193819456463714,2.0,15,483.0,32.2,1.8760503474285977,0.0,0,0,0.0,0.0,0,0,0.0,0.0,0,0,0.0,0.0,0,0,0.0,1325.0,3,2,1325.0,0.0,0,0,0.0,0.0,0,0,0.0,0.0,0,0,0.0,0.0,0,0,0.0,0.0,0,0,0.0,1668.0,6,4,1668.0,0.0,0,0,0.0,0.0,0.0,0.0,0.0,0.2653183820584701,0.0,0.0,0.0,0.0,0.0,0.3340008009611533,0.0,0.9905054595042996,0.5065666642368221,0.8428833945873705,,,,,159.0,,,,0.0,,186.0,,,,,,2.689496855345912,,,,,,2.7636182795698927,,,,,,-8.862891180568095,,,,,,-6.351190045121561,
S022,R022,PUB,25,Image_018,251826,257260,5434,652,635,17,1936.007,631,251834,257259,1440.0,1080.0,3648.0,2736.0,3.0681568938193347,3.112,0.2943607686913612,3.629703629703629,3.003416670421266,0.219934958336615,3.003,zhidaoyu,2.9510447392780006,2.924,3241.0,3.9684981045047314,6.429548563611497,0.9739263803680982,0.0260736196319018,16,5109.0,319.3125,158.0,700.0,251834.0,367.0,5180.853129357828,345.3902086238552,10,3.121928094887362,8.0,17,584.0,34.35294117647059,2.8782517385321267,0.0,0,0,0.0,934.0,3,2,934.0,467.0,1,1,467.0,0.0,0,0,0.0,0.0,0,0,0.0,0.0,0,0,0.0,0.0,0,0,0.0,0.0,0,0,0.0,583.0,2,2,583.0,0.0,0,0,0.0,441.0,2,1,441.0,0.0,0,0,0.0,0.0,0.182814640829908,0.091407320414954,0.0,0.0,0.0,0.0,0.0,0.1141123507535721,0.0,0.0863182618907809,0.0,1.9294153247865975,0.2762997130407057,0.7214776632302405,,112.0,56.0,,,,,,70.0,,53.0,,,3.1293214285714286,3.0357142857142856,,,,,,3.0507285714285715,,3.15922641509434,,,6.0411381406926745,2.8691380143901224,,,,,,3.3779166687577704,,7.054507613709461,
S022,R022,PUB,26,Image_019,257260,262009,4749,570,570,0,1775.112,570,257267,262009,1439.0,1080.0,1706.0,1280.0,3.1142315789473685,3.131,0.5038530907692162,4.262404262404251,3.003416670421266,0.219934958336615,3.003,zhidaoyu,2.9510447392780006,2.924,3241.0,5.529798904685293,7.079343365253073,1.0,0.0,11,5084.0,462.1818181818182,250.0,850.0,257267.0,700.0,2842.77457132102,284.27745713210203,5,1.9219280948873625,7.0,10,310.0,31.0,1.5800213501826563,0.0,0,0,0.0,0.0,0,0,0.0,0.0,0,0,0.0,0.0,0,0,0.0,567.0,2,2,567.0,0.0,0,0,0.0,0.0,0,0,0.0,0.0,0,0,0.0,0.0,0,0,0.0,0.0,0,0,0.0,1167.0,3,1,1167.0,0.0,0,0,0.0,0.0,0.0,0.0,0.0,0.1115263571990558,0.0,0.0,0.0,0.0,0.0,0.229543666404406,0.0,0.9118210693909704,0.5598651836065182,0.8621683967704729,,,,,68.0,,,,0.0,,140.0,,,,,,3.1254411764705883,,,,,,3.0498857142857143,,,,,,5.909650737292967,,,,,,3.349355355144363,
S022,R022,PUB,27,Image_020,262009,266026,4017,482,474,8,1341.87,470,262017,266026,1439.0,1080.0,1706.0,1280.0,2.855042553191489,2.866,-0.6746272550391343,-4.562104562104563,3.003416670421266,0.219934958336615,3.003,zhidaoyu,2.9510447392780006,2.924,3241.0,-3.253159289953674,-1.983584131326944,0.983402489626556,0.0165975103734439,8,4459.0,557.375,125.0,1792.0,262017.0,725.0,2883.90482540434,411.9864036291914,7,2.235926350629033,8.0,8,300.0,37.5,1.6028816502028171,1950.0,2,2,1950.0,0.0,0,0,0.0,0.0,0,0,0.0,0.0,0,0,0.0,0.0,0,0,0.0,0.0,0,0,0.0,0.0,0,0,0.0,1909.0,3,3,1909.0,350.0,2,1,350.0,0.0,0,0,0.0,0.0,0,0,0.0,0.0,0,0,0.0,0.4373177842565597,0.0,0.0,0.0,0.0,0.0,0.0,0.4281228975106526,0.0784929356357927,0.0,0.0,0.0,1.329970315477304,0.4272644669996034,0.8133562999920805,234.0,,,,,,,129.0,42.0,,,,2.824273504273504,,,,,,,2.9038759689922484,2.872880952380952,,,,-4.295808644212971,,,,,,,-1.598375302750999,-2.648681867024892,,,
S022,R022,PUB,28,Image_021,266026,270009,3983,478,454,24,1276.216,448,266034,270009,1440.0,1080.0,4032.0,3024.0,2.8486964285714285,2.824,-0.7034818067123058,-5.96070596070597,3.003416670421266,0.219934958336615,3.003,zhidaoyu,2.9510447392780006,2.924,3241.0,-3.4682059998728643,-3.419972640218881,0.9497907949790796,0.0502092050209205,8,4167.0,520.875,142.0,875.0,266034.0,717.0,3110.469441781906,444.3527773974152,2,1.0,8.0,9,366.0,40.66666666666666,1.7280385787677257,0.0,0,0,0.0,0.0,0,0,0.0,0.0,0,0,0.0,0.0,0,0,0.0,0.0,0,0,0.0,0.0,0,0,0.0,0.0,0,0,0.0,0.0,0,0,0.0,509.0,2,1,509.0,0.0,0,0,0.0,0.0,0,0,0.0,0.0,0,0,0.0,0.0,0.0,0.0,0.0,0.0,0.0,0.0,0.0,0.1221502279817614,0.0,0.0,0.0,-0.0,1.0,0.9166666666666666,,,,0.0,,,,0.0,61.0,,,,,,,,,,,,2.9358360655737705,,,,,,,,,,,,-0.5153657449446533,,,
S022,R022,PUB,29,Image_022,270009,273576,3567,428,414,14,1186.505,411,270017,273576,1620.0,1080.0,5472.0,3648.0,2.886873479318735,2.9,-0.5298984389928562,-3.4299034299034368,3.003416670421266,0.219934958336615,3.003,zhidaoyu,2.9510447392780006,2.924,3241.0,-2.1745268414658367,-0.8207934336525314,0.9672897196261684,0.0327102803738317,8,3725.0,465.625,192.0,875.0,270017.0,875.0,2211.512737586196,315.9303910837422,0,0.0,8.0,8,258.0,32.25,1.13585791619783,0.0,0,0,0.0,0.0,0,0,0.0,0.0,0,0,0.0,0.0,0,0,0.0,0.0,0,0,0.0,0.0,0,0,0.0,0.0,0,0,0.0,0.0,0,0,0.0,0.0,0,0,0.0,0.0,0,0,0.0,0.0,0,0,0.0,0.0,0,0,0.0,0.0,0.0,0.0,0.0,0.0,0.0,0.0,0.0,0.0,0.0,0.0,0.0,0.0,0.0,0.0,,,,,,,,0.0,0.0,,,,,,,,,,,,,,,,,,,,,,,,,,,
S022,R022,PUB,30,Image_024,273576,276676,3100,372,327,45,871.166,322,273584,276676,1440.0,1080.0,4032.0,3024.0,2.7054844720496893,2.7075,-1.354637755747703,-9.840159840159842,3.003416670421266,0.219934958336615,3.003,zhidaoyu,2.9510447392780006,2.924,3241.0,-8.321129936118481,-7.404240766073869,0.8790322580645161,0.1209677419354838,12,3009.0,250.75,117.0,517.0,273584.0,517.0,3586.497746737615,326.0452497034196,4,2.0,8.0,14,435.0,31.071428571428573,1.992498748187564,0.0,0,0,0.0,0.0,0,0,0.0,0.0,0,0,0.0,0.0,0,0,0.0,0.0,0,0,0.0,509.0,3,1,509.0,0.0,0,0,0.0,0.0,0,0,0.0,217.0,1,1,217.0,0.0,0,0,0.0,0.0,0,0,0.0,0.0,0,0,0.0,0.0,0.0,0.0,0.0,0.0,0.1691591890993685,0.0,0.0,0.0721169823861748,0.0,0.0,0.0,0.8799397364902672,0.5808839711920103,0.8668503213957759,,,,,0.0,61.0,,0.0,26.0,,,0.0,,,,,,2.6339016393442622,,,2.727307692307692,,,,,,,,,-10.74680758690667,,,-7.5816216539315375,,,
S022,R022,PUB,31,Image_025,276676,279193,2517,301,290,11,779.05,285,276684,279184,1620.0,1080.0,5472.0,3648.0,2.733508771929825,2.72,-1.2272169032734754,-9.42390942390942,3.003416670421266,0.219934958336615,3.003,zhidaoyu,2.9510447392780006,2.924,3241.0,-7.371489982947469,-6.976744186046504,0.9634551495016612,0.0365448504983388,9,2350.0,261.1111111111111,133.0,350.0,276684.0,342.0,2427.997420963524,303.4996776204405,2,1.0,8.0,9,299.0,33.22222222222222,1.2470468942989046,0.0,0,0,0.0,0.0,0,0,0.0,0.0,0,0,0.0,0.0,0,0,0.0,0.0,0,0,0.0,0.0,0,0,0.0,0.0,0,0,0.0,258.0,1,1,258.0,200.0,1,1,200.0,0.0,0,0,0.0,0.0,0,0,0.0,0.0,0,0,0.0,0.0,0.0,0.0,0.0,0.0,0.0,0.0,0.1097872340425532,0.0851063829787234,0.0,0.0,0.0,0.9884005788084188,0.5080185351156538,0.8438864628820961,,,,,,,,12.0,24.0,,,0.0,,,,,,,,2.8095,2.784958333333333,,,,,,,,,,,-4.796428105411607,-5.62805448979068,,,
S023,R023,PUB,1,Image_001,59120,62153,3033,364,364,0,1525.9,363,59123,62148,1440.0,1080.0,4032.0,3024.0,4.20358126721763,4.206,0.0759409380097993,0.8149568552253285,4.184754018691589,0.247919620424125,4.172,zhidaoyu,4.195833333333333,3.9955,1452.0,0.1846578085631899,5.268426980352912,1.0,0.0,9,3016.0,335.1111111111111,175.0,733.0,59123.0,450.0,2113.095674200318,264.13695927503977,0,0.0,3.0,8,300.0,37.5,1.173942041222399,0.0,0,0,0.0,0.0,0,0,0.0,0.0,0,0,0.0,0.0,0,0,0.0,0.0,0,0,0.0,0.0,0,0,0.0,0.0,0,0,0.0,0.0,0,0,0.0,0.0,0,0,0.0,0.0,0,0,0.0,0.0,0,0,0.0,0.0,0,0,0.0,0.0,0.0,0.0,0.0,0.0,0.0,0.0,0.0,0.0,0.0,0.0,0.0,0.0,0.0,0.0,,,,,0.0,,,0.0,0.0,,0.0,0.0,,,,,,,,,,,,,,,,,,,,,,,,
S023,R023,PUB,2,Image_012,62153,65336,3183,382,382,0,1475.882,382,62156,65331,1440.0,1080.0,4032.0,3024.0,3.863565445026178,3.933,-1.2955351138241566,-5.728667305848512,4.184754018691589,0.247919620424125,4.172,zhidaoyu,4.195833333333333,3.9955,1452.0,-7.9189963449570175,-1.5642597922662995,1.0,0.0,12,3125.0,260.4166666666667,83.0,617.0,62156.0,492.0,3665.2356811454943,333.2032437404995,6,1.0,3.0,12,441.0,36.75,2.0362420450808303,0.0,0,0,0.0,0.0,0,0,0.0,0.0,0,0,0.0,0.0,0,0,0.0,1192.0,3,3,1192.0,0.0,0,0,0.0,0.0,0,0,0.0,0.0,0,0,0.0,0.0,0,0,0.0,0.0,0,0,0.0,0.0,0,0,0.0,0.0,0,0,0.0,0.0,0.0,0.0,0.0,0.38144,0.0,0.0,0.0,0.0,0.0,0.0,0.0,-0.0,1.0,0.9166666666666666,,,,,143.0,,,,0.0,0.0,0.0,,,,,,3.8690699300699305,,,,,,,,,,,,-7.787807029117832,,,,,,,
S023,R023,PUB,3,Image_023,65336,73919,8583,1030,1030,0,4225.434,1020,65340,73915,1440.0,1080.0,960.0,720.0,4.142582352941177,4.033,-0.1701021713338673,-3.3317353787152504,4.184754018691589,0.247919620424125,4.172,zhidaoyu,4.195833333333333,3.9955,1452.0,-1.26913955254394,0.9385558753597708,1.0,0.0,21,8152.0,388.1904761904762,67.0,1758.0,65340.0,250.0,6440.2077370739535,322.0103868536977,0,0.0,4.0,20,801.0,40.05,3.5778931872633075,0.0,0,0,0.0,0.0,0,0,0.0,0.0,0,0,0.0,0.0,0,0,0.0,0.0,0,0,0.0,0.0,0,0,0.0,0.0,0,0,0.0,0.0,0,0,0.0,0.0,0,0,0.0,0.0,0,0,0.0,0.0,0,0,0.0,0.0,0,0,0.0,0.0,0.0,0.0,0.0,0.0,0.0,0.0,0.0,0.0,0.0,0.0,0.0,0.0,0.0,0.0,,,,,,,,0.0,0.0,0.0,,0.0,,,,,,,,,,,,,,,,,,,,,,,,
S023,R023,PUB,4,Image_026,73919,80169,6250,750,738,12,3009.929,735,73923,80165,1439.0,1080.0,1706.0,1280.0,4.09514149659864,4.073,-0.3614579674639939,-2.3729626078619206,4.184754018691589,0.247919620424125,4.172,zhidaoyu,4.195833333333333,3.9955,1452.0,-2.399805443527946,1.9396821424102255,0.984,0.016,17,5708.0,335.7647058823529,125.0,942.0,73923.0,300.0,3404.078408168624,212.75490051053896,5,1.9219280948873625,4.0,19,625.0,32.89473684210526,1.8919954529151608,0.0,0,0,0.0,0.0,0,0,0.0,0.0,0,0,0.0,0.0,0,0,0.0,550.0,2,1,550.0,0.0,0,0,0.0,0.0,0,0,0.0,3067.0,8,2,3067.0,0.0,0,0,0.0,0.0,0,0,0.0,0.0,0,0,0.0,0.0,0,0,0.0,0.0,0.0,0.0,0.0,0.0963559915907498,0.0,0.0,0.5373160476524177,0.0,0.0,0.0,0.0,0.6149708374076235,0.7421248796787878,0.8913233803336098,,,,,66.0,,,343.0,0.0,,,,,,,,4.055,,,4.101355685131195,,,,,,,,,-3.356504468718964,,,-2.2517016453339664,,,,
S023,R023,PUB,5,Image_027,80169,87936,7767,932,931,1,4004.947,903,80173,87932,810.0,1080.0,1280.0,1706.0,4.4351572535991135,4.454,1.0100178214178896,6.759348034515821,4.184754018691589,0.247919620424125,4.172,zhidaoyu,4.195833333333333,3.9955,1452.0,5.703847156284743,11.475409836065571,0.9989270386266096,0.0010729613733905,25,7227.0,289.08,67.0,725.0,80173.0,650.0,10997.99762226306,458.2499009276275,12,2.251629167387823,4.0,25,1085.0,43.4,8.146664905380044,0.0,0,0,0.0,0.0,0,0,0.0,1609.0,6,5,1609.0,0.0,0,0,0.0,0.0,0,0,0.0,0.0,0,0,0.0,0.0,0,0,0.0,450.0,3,2,450.0,0.0,0,0,0.0,0.0,0,0,0.0,0.0,0,0,0.0,0.0,0,0,0.0,0.0,0.0,0.2226373322263733,0.0,0.0,0.0,0.0,0.062266500622665,0.0,0.0,0.0,0.0,0.7575159481914131,0.6584251704394948,0.8802412174194593,,,193.0,,,,,54.0,0.0,,,,,,4.473761658031088,,,,,4.134518518518519,,,,,,,6.623912405904789,,,,,-1.461326271653962,,,,
S023,R023,PUB,6,Image_028,87936,95002,7066,848,848,0,3619.639,848,87940,94998,1620.0,1080.0,5472.0,3648.0,4.268442216981132,4.251,0.3375618200220499,1.8935762224352977,4.184754018691589,0.247919620424125,4.172,zhidaoyu,4.195833333333333,3.9955,1452.0,1.7304997095801191,6.394694030784645,1.0,0.0,19,6866.0,361.3684210526316,83.0,1900.0,87940.0,442.0,6463.47858471664,359.0821435953689,15,2.789898095464287,4.0,19,705.0,37.10526315789474,3.319715591888784,4741.0,8,6,4741.0,0.0,0,0,0.0,0.0,0,0,0.0,0.0,0,0,0.0,0.0,0,0,0.0,0.0,0,0,0.0,0.0,0,0,0.0,4891.0,9,6,4891.0,1476.0,7,6,1476.0,0.0,0,0,0.0,0.0,0,0,0.0,0.0,0,0,0.0,0.6905039324206234,0.0,0.0,0.0,0.0,0.0,0.0,0.7123507136615206,0.2149723274104282,0.0,0.0,0.0,1.4322475531892895,0.3936984980929698,0.8012393470171648,542.0,,,,,,,560.0,142.0,,,,4.263112546125461,,,,,,,4.273701785714286,4.261760563380282,,,,1.6034767696237062,,,,,,,1.8558518938856663,1.5712547379610462,,,
S023,R023,PUB,7,Image_029,95002,101636,6634,796,783,13,3232.281,783,95007,101632,1620.0,1080.0,6000.0,4000.0,4.128072796934866,4.068,-0.2286274142391631,-2.4928092042186023,4.184754018691589,0.247919620424125,4.172,zhidaoyu,4.195833333333333,3.9955,1452.0,-1.6149482359118208,1.814541359028902,0.9836683417085428,0.0163316582914572,17,5891.0,346.52941176470586,108.0,967.0,95007.0,308.0,6542.7593690428575,408.9224605651786,9,2.197159723424149,5.0,18,826.0,45.888888888888886,3.3604350980208606,0.0,0,0,0.0,0.0,0,0,0.0,0.0,0,0,0.0,0.0,0,0,0.0,0.0,0,0,0.0,0.0,0,0,0.0,0.0,0,0,0.0,1517.0,3,3,1517.0,0.0,0,0,0.0,0.0,0,0,0.0,400.0,2,2,400.0,0.0,0,0,0.0,0.0,0.0,0.0,0.0,0.0,0.0,0.0,0.2575114581565099,0.0,0.0,0.0679001867255135,0.0,0.7389123355050626,0.6697587328488016,0.8818901060685098,,,,,0.0,,,182.0,0.0,,48.0,,,,,,,,,4.113390109890109,,,4.074020833333333,,,,,,,,,-1.9648831803747413,,,-2.903177755710028,
S023,R023,PUB,8,Image_030,101636,109986,8350,1002,988,14,3902.933,986,101640,109982,1920.0,1079.0,2275.0,1279.0,3.9583498985801215,3.9285,-0.9132158226289204,-5.8365292425695126,4.184754018691589,0.247919620424125,4.172,zhidaoyu,4.195833333333333,3.9955,1452.0,-5.659982556183786,-1.6768864973094777,0.9860279441117764,0.0139720558882235,20,7634.0,381.7,92.0,1808.0,101640.0,467.0,9063.660505065527,477.0347634245014,10,2.721928094887362,4.0,21,1060.0,50.47619047619048,4.115324287131611,700.0,2,2,700.0,0.0,0,0,0.0,0.0,0,0,0.0,0.0,0,0,0.0,0.0,0,0,0.0,92.0,1,1,92.0,0.0,0,0,0.0,642.0,2,2,642.0,1592.0,5,4,1592.0,0.0,0,0,0.0,0.0,0,0,0.0,0.0,0,0,0.0,0.0916950484673827,0.0,0.0,0.0,0.0,0.0120513492271417,0.0,0.0840974587372282,0.2085407388001048,0.0,0.0,0.0,1.6038143803205434,0.3762382768594193,0.7921899096717339,84.0,,,,,11.0,,77.0,155.0,,,,3.883190476190476,,,,,3.752636363636363,,4.192246753246753,4.037677419354839,,,,-7.451269683643067,,,,,-10.562787758418349,,-0.0854795651220648,-3.7693564404010393,,,
S023,R023,PUB,9,Image_031,109986,115802,5816,698,698,0,2763.289,698,109990,115799,1621.0,1080.0,2731.0,1820.0,3.95886676217765,3.996,-0.9111310195115062,-4.218600191754548,4.184754018691589,0.247919620424125,4.172,zhidaoyu,4.195833333333333,3.9955,1452.0,-5.647664059321144,0.0125140783381345,1.0,0.0,21,5192.0,247.23809523809524,117.0,467.0,109990.0,267.0,6972.140074946551,348.60700374732755,4,2.0,4.0,21,841.0,40.04761904761905,3.579440057039624,0.0,0,0,0.0,0.0,0,0,0.0,608.0,2,1,608.0,0.0,0,0,0.0,0.0,0,0,0.0,0.0,0,0,0.0,0.0,0,0,0.0,0.0,0,0,0.0,208.0,1,1,208.0,0.0,0,0,0.0,0.0,0,0,0.0,0.0,0,0,0.0,0.0,0.0,0.1171032357473035,0.0,0.0,0.0,0.0,0.0,0.0400616332819722,0.0,0.0,0.0,0.8189555018403103,0.6201460976547482,0.8741830065359477,,,73.0,,,,,,25.0,0.0,,,,,4.101424657534246,,,,,,4.02964,,,,,,-2.25005781447674,,,,,,-3.9609136047666302,,,
S023,R023,PUB,10,Image_002,115802,121035,5233,628,628,0,2616.559,628,115807,121032,810.0,1080.0,3072.0,4096.0,4.166495222929937,4.134,-0.073648046614526,-0.9108341323106274,4.184754018691589,0.247919620424125,4.172,zhidaoyu,4.195833333333333,3.9955,1452.0,-0.6992201089190668,3.466399699662133,1.0,0.0,15,5173.0,344.8666666666667,108.0,833.0,115807.0,308.0,3118.509560576593,222.75068289832805,7,1.8423709931771088,5.0,14,533.0,38.07142857142857,2.310007081908587,0.0,0,0,0.0,0.0,0,0,0.0,0.0,0,0,0.0,0.0,0,0,0.0,0.0,0,0,0.0,0.0,0,0,0.0,0.0,0,0,0.0,0.0,0,0,0.0,0.0,0,0,0.0,933.0,2,2,933.0,1691.0,6,4,1691.0,0.0,0,0,0.0,0.0,0.0,0.0,0.0,0.0,0.0,0.0,0.0,0.0,0.1803595592499516,0.3268896191764933,0.0,0.938939276454222,0.5417235021006841,0.8574059959349594,,,,,,,,,0.0,70.0,146.0,,,,,,,,,,,4.157542857142857,4.092657534246576,,,,,,,,,,,-0.9125833451553232,-2.4590061351362147,
S023,R023,PUB,11,Image_003,121035,128152,7117,854,854,0,3588.935,854,121041,128149,1620.0,1080.0,5472.0,3648.0,4.2025,4.173,0.0715795759853633,0.0239693192713407,4.184754018691589,0.247919620424125,4.172,zhidaoyu,4.195833333333333,3.9955,1452.0,0.1588877855014932,4.442497810036296,1.0,0.0,15,6768.0,451.2,117.0,2292.0,121041.0,600.0,5460.780463010917,390.0557473579226,9,2.5032583347756456,6.0,18,710.0,39.44444444444444,2.804718513310234,0.0,0,0,0.0,0.0,0,0,0.0,0.0,0,0,0.0,0.0,0,0,0.0,425.0,1,1,425.0,0.0,0,0,0.0,0.0,0,0,0.0,0.0,0,0,0.0,1142.0,3,2,1142.0,0.0,0,0,0.0,0.0,0,0,0.0,576.0,3,3,576.0,0.0,0.0,0.0,0.0,0.0627955082742316,0.0,0.0,0.0,0.1687352245862884,0.0,0.0,0.0851063829787234,1.4562805354227957,0.3955547464980014,0.8057629491367242,,,,,51.0,,,0.0,107.0,,,69.0,,,,,4.188627450980392,,,,4.358056074766355,,,4.307289855072463,,,,,-0.1717390034464549,,,,3.866281821641051,,,2.656361987824364
S023,R023,PUB,12,Image_004,128152,136835,8683,1042,1042,0,4504.0,1042,128157,136832,1439.0,1080.0,1706.0,1280.0,4.322456813819578,4.336,0.5554332282875235,3.930968360498576,4.184754018691589,0.247919620424125,4.172,zhidaoyu,4.195833333333333,3.9955,1452.0,3.017838661042581,8.522087348266812,1.0,0.0,25,8157.0,326.28,75.0,908.0,128157.0,550.0,7396.091609528134,308.1704837303389,15,3.240223928941852,5.0,30,1008.0,33.6,4.110766561954595,0.0,0,0,0.0,0.0,0,0,0.0,425.0,1,1,425.0,0.0,0,0,0.0,2066.0,5,5,2066.0,0.0,0,0,0.0,0.0,0,0,0.0,158.0,1,1,158.0,1366.0,4,4,1366.0,0.0,0,0,0.0,0.0,0,0,0.0,0.0,0,0,0.0,0.0,0.0,0.0521024886600465,0.0,0.2532793919333088,0.0,0.0,0.0193698663724408,0.1674635282579379,0.0,0.0,0.0,1.549068830517476,0.393288617249449,0.8050020755500208,,,51.0,,248.0,,,19.0,164.0,,,,,,4.426392156862745,,4.3485120967741935,,,4.463,4.265542682926829,,,,,,5.494947134762552,,3.63881859243362,,,6.367428003972209,1.6613946278489604,,,
S023,R023,PUB,13,Image_005,136835,143218,6383,766,766,0,3279.983,766,136841,143216,1920.0,1080.0,960.0,540.0,4.281962140992167,4.243,0.3920953175641415,1.7018216682646363,4.184754018691589,0.247919620424125,4.172,zhidaoyu,4.195833333333333,3.9955,1452.0,2.052722327519392,6.194468777374559,1.0,0.0,20,5198.0,259.9,67.0,825.0,136841.0,408.0,4518.272295651215,237.8038050342745,6,2.2516291673878226,6.0,42,1177.0,28.02380952380953,2.051049793206864,0.0,0,0,0.0,0.0,0,0,0.0,0.0,0,0,0.0,0.0,0,0,0.0,0.0,0,0,0.0,0.0,0,0,0.0,233.0,1,1,233.0,366.0,2,2,366.0,0.0,0,0,0.0,0.0,0,0,0.0,0.0,0,0,0.0,158.0,1,1,158.0,0.0,0.0,0.0,0.0,0.0,0.0,0.0448249326664101,0.070411696806464,0.0,0.0,0.0,0.0303963062716429,1.501931695100145,0.372060678929725,0.7957948040510788,,,,,0.0,,28.0,44.0,,,,19.0,,,,,,,4.134178571428572,4.106136363636364,,,,4.020631578947368,,,,,,,-1.4694282877003706,-2.1377629322018423,,,,-4.175612815554274
S023,R023,PUB,14,Image_006,143218,146968,3750,450,450,0,1906.144,450,143224,146966,1439.0,1080.0,1706.0,1280.0,4.235875555555555,4.226,0.2062020616864101,1.294343240651972,4.184754018691589,0.247919620424125,4.172,zhidaoyu,4.195833333333333,3.9955,1452.0,0.954333002317121,5.768990113878117,1.0,0.0,6,3891.0,648.5,142.0,1525.0,143224.0,358.0,1165.6634789497348,233.13269578994692,4,1.0,6.0,5,167.0,33.4,0.6478787317324678,0.0,0,0,0.0,0.0,0,0,0.0,0.0,0,0,0.0,0.0,0,0,0.0,0.0,0,0,0.0,0.0,0,0,0.0,0.0,0,0,0.0,0.0,0,0,0.0,0.0,0,0,0.0,0.0,0,0,0.0,1667.0,2,2,1667.0,0.0,0,0,0.0,0.0,0.0,0.0,0.0,0.0,0.0,0.0,0.0,0.0,0.0,0.4284245695194038,0.0,-0.0,1.0,0.9166666666666666,,,,,0.0,,,,0.0,,200.0,,,,,,,,,,,,4.18867,,,,,,,,,,,,-0.1707249255213365,
S023,R023,PUB,15,Image_007,146968,150585,3617,434,434,0,1795.205,434,146974,150583,1439.0,1080.0,1706.0,1280.0,4.136417050691244,4.15,-0.1949703210970269,-0.5273250239693038,4.184754018691589,0.247919620424125,4.172,zhidaoyu,4.195833333333333,3.9955,1452.0,-1.416078235759817,3.866850206482306,1.0,0.0,9,4100.0,455.55555555555554,175.0,1008.0,146974.0,1008.0,2717.6003181506408,339.7000397688301,2,1.0,6.0,9,385.0,42.77777777777778,1.5104491813242364,0.0,0,0,0.0,0.0,0,0,0.0,0.0,0,0,0.0,0.0,0,0,0.0,0.0,0,0,0.0,0.0,0,0,0.0,0.0,0,0,0.0,658.0,1,1,658.0,0.0,0,0,0.0,0.0,0,0,0.0,0.0,0,0,0.0,0.0,0,0,0.0,0.0,0.0,0.0,0.0,0.0,0.0,0.0,0.1604878048780487,0.0,0.0,0.0,0.0,-0.0,1.0,0.9166666666666666,0.0,,,,,,,79.0,0.0,,,,,,,,,,,4.0217341772151896,,,,,,,,,,,,-4.149334405993486,,,,
S023,R023,PUB,16,Image_008,150585,155168,4583,550,529,21,2027.191,529,150591,155166,1440.0,1080.0,4096.0,3072.0,3.832119092627599,3.876,-1.422376032444404,-7.094918504314474,4.184754018691589,0.247919620424125,4.172,zhidaoyu,4.195833333333333,3.9955,1452.0,-8.66846253916347,-2.9908647228131637,0.9618181818181818,0.0381818181818181,17,3784.0,222.58823529411765,108.0,517.0,150608.0,192.0,5277.876293599931,329.8672683499957,2,1.0,23.0,20,767.0,38.35,2.932153496444406,0.0,0,0,0.0,0.0,0,0,0.0,0.0,0,0,0.0,0.0,0,0,0.0,0.0,0,0,0.0,0.0,0,0,0.0,0.0,0,0,0.0,0.0,0,0,0.0,0.0,0,0,0.0,0.0,0,0,0.0,200.0,1,1,200.0,0.0,0,0,0.0,0.0,0.0,0.0,0.0,0.0,0.0,0.0,0.0,0.0,0.0,0.0528541226215644,0.0,-0.0,1.0,0.9166666666666666,,,,,,,,,0.0,,24.0,,,,,,,,,,,,3.618791666666666,,,,,,,,,,,,-13.752730883813296,
S023,R023,PUB,17,Image_009,155168,159101,3933,472,472,0,1968.511,472,155174,159099,1440.0,1080.0,4032.0,3024.0,4.170574152542373,4.1665,-0.0571954173088755,-0.1318312559923206,4.184754018691589,0.247919620424125,4.172,zhidaoyu,4.195833333333333,3.9955,1452.0,-0.6020062949186127,4.279814791640602,1.0,0.0,12,3767.0,313.9166666666667,142.0,633.0,155174.0,200.0,3694.743780647808,335.8857982407098,7,2.5216406363433186,6.0,11,457.0,41.54545454545455,2.0526354336932267,0.0,0,0,0.0,0.0,0,0,0.0,0.0,0,0,0.0,0.0,0,0,0.0,0.0,0,0,0.0,0.0,0,0,0.0,0.0,0,0,0.0,317.0,1,1,317.0,250.0,1,1,250.0,0.0,0,0,0.0,0.0,0,0,0.0,775.0,2,2,775.0,0.0,0.0,0.0,0.0,0.0,0.0,0.0,0.0841518449694717,0.0663658083355455,0.0,0.0,0.2057340058401911,1.4008394246465667,0.4240029228790802,0.8152011922503726,,,,,0.0,,,38.0,30.0,,,93.0,,,,,,,,4.142131578947368,4.1324,,,4.148774193548388,,,,,,,,-1.2798829247896226,-1.511817279046671,,,-1.121568376205252
S023,R023,PUB,18,Image_010,159101,162651,3550,426,426,0,1770.549,426,159108,162649,1440.0,1080.0,1600.0,1200.0,4.156218309859155,4.144,-0.1151006474744367,-0.6711409395973055,4.184754018691589,0.247919620424125,4.172,zhidaoyu,4.195833333333333,3.9955,1452.0,-0.9441515028602424,3.716681266424735,1.0,0.0,11,3391.0,308.27272727272725,100.0,658.0,159108.0,350.0,4004.844519795896,400.4844519795896,5,1.9219280948873625,7.0,10,450.0,45.0,2.2249136221088315,0.0,0,0,0.0,0.0,0,0,0.0,0.0,0,0,0.0,0.0,0,0,0.0,0.0,0,0,0.0,0.0,0,0,0.0,0.0,0,0,0.0,133.0,1,1,133.0,100.0,1,1,100.0,1300.0,5,2,1300.0,0.0,0,0,0.0,0.0,0,0,0.0,0.0,0.0,0.0,0.0,0.0,0.0,0.0,0.0392214685933353,0.0294898260100265,0.383367738130345,0.0,0.0,0.7645797747509546,0.7309038083238549,0.8804631441617743,,,,,,,,16.0,12.0,156.0,0.0,,,,,,,,,4.2759375,4.161416666666667,4.117615384615385,,,,,,,,,,1.9091360476663355,-0.8202581926514263,-1.86418149873958,,
S023,R023,PUB,19,Image_011,162651,166785,4134,496,496,0,2174.723,496,162658,166783,1440.0,1080.0,960.0,720.0,4.384522177419354,4.4205000000000005,0.8057779307100227,5.956375838926195,4.184754018691589,0.247919620424125,4.172,zhidaoyu,4.195833333333333,3.9955,1452.0,4.49705288784957,10.636966587410855,1.0,0.0,13,4250.0,326.9230769230769,108.0,742.0,162658.0,658.0,4907.294150465064,408.941179205422,2,1.0,7.0,12,524.0,43.66666666666666,2.726274528036147,0.0,0,0,0.0,0.0,0,0,0.0,0.0,0,0,0.0,0.0,0,0,0.0,0.0,0,0,0.0,0.0,0,0,0.0,0.0,0,0,0.0,0.0,0,0,0.0,0.0,0,0,0.0,0.0,0,0,0.0,0.0,0,0,0.0,517.0,1,1,517.0,0.0,0.0,0.0,0.0,0.0,0.0,0.0,0.0,0.0,0.0,0.0,0.1216470588235294,-0.0,1.0,0.9166666666666666,,,,,,,,0.0,0.0,,,62.0,,,,,,,,,,,,4.48491935483871,,,,,,,,,,,,6.889835666463807
S023,R023,PUB,20,Image_013,166785,171051,4266,512,494,18,2165.158,494,166791,171050,1920.0,1080.0,3840.0,2160.0,4.382910931174089,4.3895,0.7992788636232422,5.213326941514867,4.184754018691589,0.247919620424125,4.172,zhidaoyu,4.195833333333333,3.9955,1452.0,4.458651785678395,9.861093730446756,0.96484375,0.03515625,13,3532.0,271.6923076923077,92.0,683.0,166791.0,225.0,6229.394283114891,519.1161902595742,4,2.0,6.0,14,643.0,45.92857142857143,2.8278060772221134,0.0,0,0,0.0,0.0,0,0,0.0,0.0,0,0,0.0,0.0,0,0,0.0,0.0,0,0,0.0,0.0,0,0,0.0,0.0,0,0,0.0,458.0,1,1,458.0,300.0,1,1,300.0,0.0,0,0,0.0,0.0,0,0,0.0,0.0,0,0,0.0,0.0,0.0,0.0,0.0,0.0,0.0,0.0,0.1296715741789354,0.0849377123442808,0.0,0.0,0.0,0.9684274654835396,0.5217242987726345,0.8507036059806509,,,,,0.0,,,55.0,36.0,,0.0,0.0,,,,,,,,4.711763636363636,4.5105,,,,,,,,,,,12.2962534982396,7.499503475670307,,,
S023,R023,PUB,21,Image_014,171051,174618,3567,428,428,0,1841.637,428,171058,174616,1440.0,1080.0,4032.0,3024.0,4.302890186915889,4.312,0.4765099592448563,3.355704697986591,4.184754018691589,0.247919620424125,4.172,zhidaoyu,4.195833333333333,3.9955,1452.0,2.5515039582734254,7.921411588036554,1.0,0.0,13,3236.0,248.92307692307693,125.0,567.0,171058.0,292.0,5323.091067743784,443.590922311982,6,2.2516291673878226,7.0,13,617.0,47.46153846153846,2.957272815413213,0.0,0,0,0.0,0.0,0,0,0.0,559.0,3,2,559.0,0.0,0,0,0.0,175.0,1,1,175.0,0.0,0,0,0.0,0.0,0,0,0.0,567.0,1,1,567.0,0.0,0,0,0.0,0.0,0,0,0.0,0.0,0,0,0.0,0.0,0,0,0.0,0.0,0.0,0.17274412855377,0.0,0.0540791100123609,0.0,0.0,0.1752163164400494,0.0,0.0,0.0,0.0,1.435140114256424,0.3926471743783679,0.8002177811939534,,,67.0,,21.0,0.0,,68.0,0.0,,,,,,4.1198208955223885,,4.210619047619048,,,4.326426470588236,,,,,,,-1.8116171871525968,,0.3523904099872456,,,3.1124481570185365,,,,
S023,R023,PUB,22,Image_015,174618,178701,4083,490,490,0,1968.272,490,174625,178700,1440.0,1080.0,4032.0,3024.0,4.016881632653061,3.986,-0.6771242459606143,-4.458293384467869,4.184754018691589,0.247919620424125,4.172,zhidaoyu,4.195833333333333,3.9955,1452.0,-4.264985914922066,-0.237767488424468,1.0,0.0,14,3692.0,263.7142857142857,117.0,567.0,174625.0,242.0,5047.795350209601,388.2919500161231,6,2.584962500721156,7.0,13,533.0,41.0,2.8043307501164447,0.0,0,0,0.0,0.0,0,0,0.0,0.0,0,0,0.0,0.0,0,0,0.0,325.0,1,1,325.0,0.0,0,0,0.0,0.0,0,0,0.0,0.0,0,0,0.0,567.0,1,1,567.0,0.0,0,0,0.0,492.0,2,2,492.0,0.0,0,0,0.0,0.0,0.0,0.0,0.0,0.0880281690140845,0.0,0.0,0.0,0.1535752979414951,0.0,0.133261105092091,0.0,1.548733358314622,0.3493570199472083,0.7791425818882466,,,,,39.0,,,,68.0,0.0,88.0,,,,,,4.007025641025641,,,,4.057279411764705,,4.092011363636363,,,,,,-4.499885417462367,,,,-3.302178865587946,,-2.474406427733143,
S023,R023,PUB,23,Image_016,178701,183051,4350,522,522,0,2028.3,506,178708,183050,1440.0,1080.0,4032.0,3024.0,4.008498023715415,4.019,-0.7109400807997618,-3.667305848513892,4.184754018691589,0.247919620424125,4.172,zhidaoyu,4.195833333333333,3.9955,1452.0,-4.464793873714034,0.5881616818921361,1.0,0.0,12,4259.0,354.9166666666667,142.0,850.0,178708.0,300.0,3196.486872085125,290.58971564410234,3,1.584962500721156,7.0,12,434.0,36.16666666666666,1.7758260400472918,0.0,0,0,0.0,0.0,0,0,0.0,0.0,0,0,0.0,0.0,0,0,0.0,0.0,0,0,0.0,0.0,0,0,0.0,0.0,0,0,0.0,0.0,0,0,0.0,358.0,1,1,358.0,0.0,0,0,0.0,300.0,1,1,300.0,0.0,0,0,0.0,0.0,0.0,0.0,0.0,0.0,0.0,0.0,0.0,0.0840572904437661,0.0,0.0704390702042733,0.0,0.9943880664261716,0.5038848495486923,0.8406788247213779,,,,,,,,,27.0,,17.0,,,,,,,,,,3.988407407407408,,4.078235294117647,,,,,,,,,,-4.943616903894947,,-2.802733804544649,
S023,R023,PUB,24,Image_017,183051,188884,5833,700,696,1,2674.636,668,183058,188883,1440.0,1080.0,4032.0,3024.0,4.003946107784432,4.0045,-0.729300531348999,-4.014860977948215,4.184754018691589,0.247919620424125,4.172,zhidaoyu,4.195833333333333,3.9955,1452.0,-4.573280450023455,0.2252534100863556,0.9942857142857144,0.0014285714285714,23,5607.0,243.7826086956522,75.0,642.0,183058.0,642.0,7483.957139430387,340.1798699741085,12,2.188721875540867,7.0,29,948.0,32.689655172413794,4.157753966350215,0.0,0,0,0.0,0.0,0,0,0.0,0.0,0,0,0.0,0.0,0,0,0.0,1192.0,6,3,1192.0,0.0,0,0,0.0,0.0,0,0,0.0,0.0,0,0,0.0,0.0,0,0,0.0,0.0,0,0,0.0,2566.0,8,5,2566.0,0.0,0,0,0.0,0.0,0.0,0.0,0.0,0.2125914036026395,0.0,0.0,0.0,0.0,0.0,0.4576422329231318,0.0,0.901299464738038,0.5668389960916446,0.8638016675536633,,,,,131.0,,,,0.0,,210.0,,,,,,3.891740458015267,,,,,,4.0451,,,,,,-7.247496531910209,,,,,,-3.592452830188676,
S023,R023,PUB,25,Image_018,188884,196551,7667,920,920,0,3875.735,881,188891,196550,1440.0,1080.0,3648.0,2736.0,4.399245175936436,4.373,0.8651641079391351,4.817833173537884,4.184754018691589,0.247919620424125,4.172,zhidaoyu,4.195833333333333,3.9955,1452.0,4.847948582397685,9.44812914528846,1.0,0.0,21,6741.0,321.0,92.0,1392.0,188891.0,408.0,6975.302815131086,348.7651407565544,13,2.623516641218015,7.0,22,993.0,45.13636363636363,3.875168230628381,0.0,0,0,0.0,3466.0,7,3,3466.0,267.0,1,1,267.0,0.0,0,0,0.0,0.0,0,0,0.0,0.0,0,0,0.0,0.0,0,0,0.0,0.0,0,0,0.0,1117.0,5,5,1117.0,0.0,0,0,0.0,383.0,1,1,383.0,0.0,0,0,0.0,0.0,0.5141670375315235,0.0396083667111704,0.0,0.0,0.0,0.0,0.0,0.1657024180388666,0.0,0.0568164960688325,0.0,1.3643569276588874,0.4922100770993177,0.8311835148735588,,412.0,32.0,,,,,,116.0,,46.0,,,4.35367718446602,4.5755,,,,,,4.357198275862069,,4.527217391304348,,,3.7619189942249074,9.048659384309842,,,,,,3.845837756394895,,7.897931868226784,
S023,R023,PUB,26,Image_019,196551,206201,9650,1158,1144,14,4672.773,1061,196558,206200,1439.0,1080.0,1706.0,1280.0,4.404121583411875,4.394,0.8848334163508584,5.321188878235868,4.184754018691589,0.247919620424125,4.172,zhidaoyu,4.195833333333333,3.9955,1452.0,4.964168820144009,9.973720435489934,0.9879101899827288,0.0120898100172711,30,8332.0,277.7333333333333,67.0,833.0,196592.0,100.0,8977.951651917905,309.58453972130707,18,2.657742726504889,41.0,36,1361.0,37.80555555555556,4.989968404123613,0.0,0,0,0.0,0.0,0,0,0.0,0.0,0,0,0.0,0.0,0,0,0.0,2774.0,9,6,2774.0,0.0,0,0,0.0,0.0,0,0,0.0,0.0,0,0,0.0,491.0,2,2,491.0,0.0,0,0,0.0,359.0,2,2,359.0,0.0,0,0,0.0,0.0,0.0,0.0,0.0,0.3329332693230917,0.0,0.0,0.0,0.0589294287085933,0.0,0.0430868939030244,0.0,1.0163053705659195,0.6140871928131807,0.8610651214128036,,,,,309.0,,,,45.0,,43.0,,,,,,4.361886731391586,,,,4.677955555555556,,4.356325581395349,,,,,,3.957578503870971,,,,11.490499834491915,,3.825038682709416,
S023,R023,PUB,27,Image_020,206201,213517,7316,878,855,23,3566.503,849,206208,213517,1439.0,1080.0,1706.0,1280.0,4.2008280329799765,4.161,0.0648355876831755,-0.2636625119846625,4.184754018691589,0.247919620424125,4.172,zhidaoyu,4.195833333333333,3.9955,1452.0,0.1190395149150428,4.142159929921156,0.9738041002277904,0.0261958997722095,17,6901.0,405.9411764705882,108.0,1067.0,206208.0,500.0,4646.739104699604,290.4211940437252,13,2.4116022179746714,7.0,17,691.0,40.64705882352941,2.582669434369626,1125.0,2,2,1125.0,0.0,0,0,0.0,0.0,0,0,0.0,0.0,0,0,0.0,0.0,0,0,0.0,0.0,0,0,0.0,0.0,0,0,0.0,3792.0,7,6,3792.0,925.0,2,2,925.0,0.0,0,0,0.0,0.0,0,0,0.0,0.0,0,0,0.0,0.163019852195334,0.0,0.0,0.0,0.0,0.0,0.0,0.5494855817997392,0.1340385451383857,0.0,0.0,0.0,1.2833697709637135,0.4834753847201457,0.8317927650348055,135.0,,,,,,,398.0,111.0,,,,4.4616444444444445,,,,,,,4.152195979899497,4.531081081081081,,,,6.335120820920238,,,,,,,-1.0400163678371908,7.990015835100252,,,
S023,R023,PUB,28,Image_021,213517,220517,7000,840,825,15,3632.684,820,213525,220517,1440.0,1080.0,4032.0,3024.0,4.43010243902439,4.468,0.9896288963054838,7.094918504314485,4.184754018691589,0.247919620424125,4.172,zhidaoyu,4.195833333333333,3.9955,1452.0,5.583374912199971,11.825804029533227,0.9821428571428572,0.0178571428571428,21,6559.0,312.3333333333333,117.0,1183.0,213525.0,592.0,7989.140075518055,399.4570037759028,9,2.5032583347756456,8.0,22,867.0,39.40909090909091,4.438411153065586,0.0,0,0,0.0,0.0,0,0,0.0,0.0,0,0,0.0,558.0,2,1,558.0,0.0,0,0,0.0,0.0,0,0,0.0,0.0,0,0,0.0,508.0,2,2,508.0,409.0,2,2,409.0,0.0,0,0,0.0,0.0,0,0,0.0,0.0,0,0,0.0,0.0,0.0,0.0,0.0850739441988108,0.0,0.0,0.0,0.0774508309193474,0.06235706662601,0.0,0.0,0.0,1.573293856523602,0.3386194771617351,0.7668361581920904,,,,67.0,,,,61.0,49.0,,,,,,,4.495791044776119,,,,4.515918032786885,4.269306122448979,,,,,,,7.148942477285876,,,,7.628632360362721,1.75108931358045,,,
S023,R023,PUB,29,Image_022,220517,228800,8283,993,975,18,4094.07,974,220525,228792,1620.0,1080.0,5472.0,3648.0,4.2033572895277205,4.243,0.0750375093520496,1.7018216682646363,4.184754018691589,0.247919620424125,4.172,zhidaoyu,4.195833333333333,3.9955,1452.0,0.1793197106904695,6.194468777374559,0.9818731117824774,0.0181268882175226,29,7227.0,249.20689655172413,75.0,617.0,220525.0,417.0,9257.837967861922,330.6370702807829,5,1.521928094887362,8.0,32,1252.0,39.125,4.754930127217023,0.0,0,0,0.0,0.0,0,0,0.0,0.0,0,0,0.0,0.0,0,0,0.0,0.0,0,0,0.0,0.0,0,0,0.0,0.0,0,0,0.0,691.0,3,2,691.0,267.0,1,1,267.0,0.0,0,0,0.0,0.0,0,0,0.0,0.0,0,0,0.0,0.0,0.0,0.0,0.0,0.0,0.0,0.0,0.0956136709561367,0.0369447903694479,0.0,0.0,0.0,0.8536811495682642,0.5979423904184518,0.8702157272094642,,,,,,,,83.0,9.0,,,,,,,,,,,4.360457831325301,3.815444444444444,,,,,,,,,,,3.923523288785743,-9.065872227739154,,,
S023,R023,PUB,30,Image_024,228800,236167,7367,884,884,0,3459.438,875,228800,236159,1440.0,1080.0,4032.0,3024.0,3.9536434285714286,4.016,-0.9321996771566152,-3.739213806327893,4.184754018691589,0.247919620424125,4.172,zhidaoyu,4.195833333333333,3.9955,1452.0,-5.772152645765346,0.5130772118633509,1.0,0.0,18,6857.0,380.94444444444446,83.0,1725.0,228800.0,267.0,5527.220162651128,325.1305978030075,8,2.4056390622295662,0.0,18,684.0,38.0,3.0706778681395157,0.0,0,0,0.0,0.0,0,0,0.0,0.0,0,0,0.0,0.0,0,0,0.0,108.0,1,1,108.0,2058.0,2,1,2058.0,0.0,0,0,0.0,2442.0,7,3,2442.0,375.0,2,2,375.0,0.0,0,0,0.0,0.0,0,0,0.0,0.0,0,0,0.0,0.0,0.0,0.0,0.0,0.015750328131836,0.300131252734432,0.0,0.3561324194254047,0.054688639346653,0.0,0.0,0.0,1.4318224251375968,0.4168705809263839,0.8119104956853301,,,,,13.0,247.0,,293.0,36.0,,,0.0,,,,,4.245230769230769,3.689757085020243,,4.06577133105802,4.004972222222222,,,,,,,,1.1772973798793158,-12.06140015840532,,-3.0997895279121264,-4.548824892419714,,,
S023,R023,PUB,31,Image_025,236167,240817,4650,558,540,18,2182.496,539,236167,240809,1620.0,1080.0,5472.0,3648.0,4.0491576994434135,4.075,-0.5469366200876137,-2.3250239693192603,4.184754018691589,0.247919620424125,4.172,zhidaoyu,4.195833333333333,3.9955,1452.0,-3.495744998369478,1.9897384557627416,0.967741935483871,0.032258064516129,14,4042.0,288.7142857142857,75.0,525.0,236167.0,417.0,5550.47439016296,426.9595684740738,5,1.9219280948873625,0.0,16,725.0,45.3125,2.8507863271912064,0.0,0,0,0.0,0.0,0,0,0.0,0.0,0,0,0.0,0.0,0,0,0.0,0.0,0,0,0.0,0.0,0,0,0.0,0.0,0,0,0.0,784.0,2,2,784.0,708.0,2,1,708.0,0.0,0,0,0.0,0.0,0,0,0.0,0.0,0,0,0.0,0.0,0.0,0.0,0.0,0.0,0.0,0.0,0.193963384463137,0.1751608114794656,0.0,0.0,0.0,0.998127499045395,0.5012973571289954,0.8375781948168007,,,,,,,,61.0,85.0,,,0.0,,,,,,,,4.003327868852459,3.953552941176471,,,,,,,,,,,-4.5880150422452575,-5.774309247035444,,,
S024,R024,PUB,1,Image_001,78789,90889,12100,1452,1438,13,4735.032,1426,78797,90889,1440.0,1080.0,4032.0,3024.0,3.3204992987377278,3.214,0.7388091833358368,2.4872448979591786,3.169335989991196,0.2046039926899742,3.136,zhidaoyu,2.974103102779573,2.893,3094.0,11.64708095137707,11.09574835810578,0.990358126721763,0.0089531680440771,33,11288.0,342.06060606060606,75.0,975.0,78797.0,217.0,8549.08906955761,267.15903342367534,13,1.95006375643621,8.0,32,950.0,29.6875,4.749493927532006,0.0,0,0,0.0,0.0,0,0,0.0,0.0,0,0,0.0,0.0,0,0,0.0,0.0,0,0,0.0,0.0,0,0,0.0,0.0,0,0,0.0,0.0,0,0,0.0,658.0,3,3,658.0,0.0,0,0,0.0,2057.0,6,4,2057.0,0.0,0,0,0.0,0.0,0.0,0.0,0.0,0.0,0.0,0.0,0.0,0.0582919914953933,0.0,0.1822289156626506,0.0,0.7989384176296326,0.6327595481076755,0.8762737875997545,,,,,0.0,,,0.0,73.0,,247.0,0.0,,,,,,,,,3.3923150684931507,,3.245174089068826,,,,,,,,,,14.061784385441104,,9.1143775760804,
S024,R024,PUB,2,Image_012,90889,101689,10800,1296,1280,6,3758.18,1255,90897,101689,1440.0,1080.0,4032.0,3024.0,2.9945657370517926,2.953,-0.8541878906743698,-5.8354591836734775,3.169335989991196,0.2046039926899742,3.136,zhidaoyu,2.974103102779573,2.893,3094.0,0.6880270644650879,2.073971655720707,0.9876543209876544,0.0046296296296296,36,10570.0,293.6111111111111,67.0,717.0,90897.0,650.0,8563.648036321309,244.6756581806088,12,1.0,8.0,37,997.0,26.945945945945947,4.757582242400727,0.0,0,0,0.0,0.0,0,0,0.0,0.0,0,0,0.0,0.0,0,0,0.0,0.0,0,0,0.0,0.0,0,0,0.0,0.0,0,0,0.0,0.0,0,0,0.0,0.0,0,0,0.0,0.0,0,0,0.0,2742.0,9,6,2742.0,0.0,0,0,0.0,0.0,0.0,0.0,0.0,0.0,0.0,0.0,0.0,0.0,0.0,0.2594134342478713,0.0,-0.0,1.0,0.9166666666666666,,,,,0.0,,,,0.0,0.0,329.0,,,,,,,,,,,,3.033598784194529,,,,,,,,,,,,2.000457931648417,
S024,R024,PUB,3,Image_023,101689,109172,7483,897,861,36,2699.372,844,101697,109164,1440.0,1080.0,960.0,720.0,3.198308056872038,3.1375,0.1416006916577725,0.047831632653063,3.169335989991196,0.2046039926899742,3.136,zhidaoyu,2.974103102779573,2.893,3094.0,7.538573692449487,8.451434497061888,0.959866220735786,0.040133779264214,22,6685.0,303.8636363636364,83.0,617.0,101697.0,617.0,6928.749017913354,329.9404294244454,7,2.5216406363433186,8.0,22,815.0,37.04545454545455,3.849305009951863,0.0,0,0,0.0,0.0,0,0,0.0,0.0,0,0,0.0,0.0,0,0,0.0,0.0,0,0,0.0,0.0,0,0,0.0,0.0,0,0,0.0,83.0,1,1,83.0,83.0,1,1,83.0,317.0,1,1,317.0,0.0,0,0,0.0,717.0,2,2,717.0,0.0,0.0,0.0,0.0,0.0,0.0,0.0,0.0124158563949139,0.0124158563949139,0.0474195961106955,0.0,0.1072550486163051,1.484368996748341,0.4363583333333333,0.815,,,,,,,,10.0,10.0,38.0,,86.0,,,,,,,,3.2866,3.2866,3.530342105263158,,3.1003837209302323,,,,,,,,10.507265095428926,10.507265095428926,18.702747795250545,,4.2460067383890685
S024,R024,PUB,4,Image_026,109172,117089,7917,950,924,26,2818.974,909,109172,117081,1439.0,1080.0,1706.0,1280.0,3.101181518151815,3.061,-0.3331043101522052,-2.391581632653067,3.169335989991196,0.2046039926899742,3.136,zhidaoyu,2.974103102779573,2.893,3094.0,4.272831538808304,5.80712063601798,0.9726315789473684,0.0273684210526315,23,7015.0,305.0,108.0,733.0,109172.0,400.0,6294.69726808939,286.12260309497225,4,2.0,0.0,25,951.0,38.04,3.4986087806096924,0.0,0,0,0.0,0.0,0,0,0.0,0.0,0,0,0.0,0.0,0,0,0.0,142.0,1,1,142.0,0.0,0,0,0.0,0.0,0,0,0.0,700.0,3,1,700.0,0.0,0,0,0.0,0.0,0,0,0.0,0.0,0,0,0.0,0.0,0,0,0.0,0.0,0.0,0.0,0.0,0.0202423378474697,0.0,0.0,0.0997861724875267,0.0,0.0,0.0,0.0,0.6545981935506062,0.7195908395912909,0.8885589865399842,,,,,17.0,,,84.0,0.0,,,,,,,,2.985294117647059,,,3.0965238095238097,,,,,,,,,0.3762820077429933,,,4.116222690122041,,,,
S024,R024,PUB,5,Image_027,117089,124938,7849,942,917,25,2741.6,898,117089,124931,810.0,1080.0,1280.0,1706.0,3.0530066815144763,3.03,-0.5685583499486608,-3.3801020408163365,3.169335989991196,0.2046039926899742,3.136,zhidaoyu,2.974103102779573,2.893,3094.0,2.65302096155175,4.735568613895611,0.9734607218683652,0.0265392781316348,21,7157.0,340.8095238095238,133.0,533.0,117089.0,342.0,4612.828918903749,230.64144594518743,6,2.584962500721156,0.0,22,736.0,33.45454545454545,3.416910310299073,0.0,0,0,0.0,0.0,0,0,0.0,4941.0,14,3,4941.0,0.0,0,0,0.0,0.0,0,0,0.0,0.0,0,0,0.0,0.0,0,0,0.0,1024.0,3,2,1024.0,0.0,0,0,0.0,0.0,0,0,0.0,0.0,0,0,0.0,0.0,0,0,0.0,0.0,0.0,0.6903730613385497,0.0,0.0,0.0,0.0,0.1430767081179265,0.0,0.0,0.0,0.0,0.6615064143426654,0.7156037207825194,0.8880553227158424,,,549.0,,,,,123.0,0.0,,,,,,3.0560601092896174,,,,,2.9848048780487804,,,,,,,2.755688141189448,,,,,0.3598320199190583,,,,
S024,R024,PUB,6,Image_028,124938,129238,4300,516,515,1,1482.193,469,124939,129231,1620.0,1080.0,5472.0,3648.0,3.1603262260127924,3.191,-0.044035132745701,1.7538265306122358,3.169335989991196,0.2046039926899742,3.136,zhidaoyu,2.974103102779573,2.893,3094.0,6.261488482331918,10.300725890079503,0.998062015503876,0.001937984496124,15,4091.0,272.7333333333333,92.0,492.0,124939.0,408.0,6074.861139153316,433.9186527966654,6,1.0,1.0,13,575.0,44.23076923076923,3.1201172832679287,0.0,0,0,0.0,0.0,0,0,0.0,0.0,0,0,0.0,0.0,0,0,0.0,0.0,0,0,0.0,0.0,0,0,0.0,0.0,0,0,0.0,0.0,0,0,0.0,1599.0,6,3,1599.0,0.0,0,0,0.0,0.0,0,0,0.0,0.0,0,0,0.0,0.0,0.0,0.0,0.0,0.0,0.0,0.0,0.0,0.390857980933757,0.0,0.0,0.0,-0.0,1.0,0.9166666666666666,0.0,,,,,,,0.0,192.0,,,,,,,,,,,,3.1963854166666668,,,,,,,,,,,,7.473927641558567,,,
S024,R024,PUB,7,Image_029,129238,132522,3284,394,394,0,1255.06,388,129239,132514,1620.0,1080.0,6000.0,4000.0,3.234690721649484,3.198,0.3194206075798184,1.9770408163265247,3.169335989991196,0.2046039926899742,3.136,zhidaoyu,2.974103102779573,2.893,3094.0,8.761889210443574,10.542689249913591,1.0,0.0,11,3176.0,288.72727272727275,167.0,467.0,129239.0,292.0,5207.696898280186,520.7696898280186,5,2.321928094887362,1.0,10,424.0,42.4,2.674731936442164,0.0,0,0,0.0,0.0,0,0,0.0,0.0,0,0,0.0,0.0,0,0,0.0,467.0,1,1,467.0,0.0,0,0,0.0,0.0,0,0,0.0,167.0,1,1,167.0,0.0,0,0,0.0,0.0,0,0,0.0,358.0,1,1,358.0,0.0,0,0,0.0,0.0,0.0,0.0,0.0,0.1470403022670025,0.0,0.0,0.0525818639798488,0.0,0.0,0.11272040302267,0.0,1.4750593783826589,0.3802008812434964,0.8004032258064516,,,,,56.0,,,20.0,0.0,,43.0,,,,,,3.272392857142857,,,3.5042,,,3.0861860465116275,,,,,,10.02957006044964,,,17.823756571350952,,,3.768630066230806,
S024,R024,PUB,8,Image_030,132522,139855,7333,880,859,21,2666.528,847,132523,139848,1920.0,1079.0,2275.0,1279.0,3.148203069657615,3.138,-0.1032869400823602,0.0637755102040746,3.169335989991196,0.2046039926899742,3.136,zhidaoyu,2.974103102779573,2.893,3094.0,5.853864538701741,8.468717594192883,0.9761363636363636,0.0238636363636363,22,6583.0,299.22727272727275,158.0,708.0,132523.0,342.0,5154.741519760231,245.46388189334436,2,1.0,1.0,22,827.0,37.59090909090909,2.340492890074508,0.0,0,0,0.0,0.0,0,0,0.0,0.0,0,0,0.0,0.0,0,0,0.0,0.0,0,0,0.0,0.0,0,0,0.0,0.0,0,0,0.0,0.0,0,0,0.0,242.0,1,1,242.0,0.0,0,0,0.0,0.0,0,0,0.0,0.0,0,0,0.0,0.0,0.0,0.0,0.0,0.0,0.0,0.0,0.0,0.0367613550053167,0.0,0.0,0.0,-0.0,1.0,0.9166666666666666,0.0,,,,,0.0,,0.0,29.0,,,,,,,,,,,,3.274448275862069,,,,,,,,,,,,10.09868060060849,,,
S024,R024,PUB,9,Image_031,139855,145388,5533,664,654,5,1965.931,633,139856,145381,1621.0,1080.0,2731.0,1820.0,3.105736176935229,3.114,-0.3108434601876828,-0.7015306122449056,3.169335989991196,0.2046039926899742,3.136,zhidaoyu,2.974103102779573,2.893,3094.0,4.425975482579353,7.639128931904601,0.9849397590361446,0.0075301204819277,20,5109.0,255.45,108.0,492.0,139856.0,492.0,7786.989507983377,409.8415530517567,2,1.0,1.0,19,776.0,40.8421052631579,3.997777134280632,0.0,0,0,0.0,0.0,0,0,0.0,0.0,0,0,0.0,0.0,0,0,0.0,0.0,0,0,0.0,0.0,0,0,0.0,0.0,0,0,0.0,0.0,0,0,0.0,233.0,1,1,233.0,0.0,0,0,0.0,0.0,0,0,0.0,0.0,0,0,0.0,0.0,0.0,0.0,0.0,0.0,0.0,0.0,0.0,0.0456057936973967,0.0,0.0,0.0,-0.0,1.0,0.9166666666666666,,,0.0,,,,,,28.0,0.0,,,,,,,,,,,3.2112857142857143,,,,,,,,,,,,7.974929022617679,,,
S024,R024,PUB,10,Image_002,145388,150521,5133,616,580,36,1811.603,574,145389,150515,810.0,1080.0,3072.0,4096.0,3.156102787456446,3.116,-0.0646771471112076,-0.6377551020408169,3.169335989991196,0.2046039926899742,3.136,zhidaoyu,2.974103102779573,2.893,3094.0,6.119481349075535,7.708261320428631,0.9415584415584416,0.0584415584415584,14,4766.0,340.42857142857144,200.0,783.0,145389.0,367.0,2425.590847204054,186.5839113233888,7,0.9852281360342516,1.0,14,476.0,34.0,1.796733960891892,0.0,0,0,0.0,0.0,0,0,0.0,0.0,0,0,0.0,0.0,0,0,0.0,0.0,0,0,0.0,0.0,0,0,0.0,0.0,0,0,0.0,0.0,0,0,0.0,0.0,0,0,0.0,0.0,0,0,0.0,2583.0,7,4,2583.0,0.0,0,0,0.0,0.0,0.0,0.0,0.0,0.0,0.0,0.0,0.0,0.0,0.0,0.5419639110365086,0.0,-0.0,1.0,0.9166666666666666,,,,,,,,,0.0,0.0,275.0,,,,,,,,,,,,3.138516363636364,,,,,,,,,,,,5.528162783029654,
S024,R024,PUB,11,Image_003,150521,155588,5067,608,592,10,1794.78,568,150523,155581,1620.0,1080.0,5472.0,3648.0,3.159823943661972,3.134,-0.0464900327904992,-0.0637755102040887,3.169335989991196,0.2046039926899742,3.136,zhidaoyu,2.974103102779573,2.893,3094.0,6.244599950446421,8.330452817144836,0.9736842105263158,0.0164473684210526,17,4599.0,270.52941176470586,125.0,483.0,150523.0,483.0,7503.044608846593,468.9402880529121,6,2.2516291673878226,2.0,16,724.0,45.25,3.853648441494308,0.0,0,0,0.0,0.0,0,0,0.0,0.0,0,0,0.0,0.0,0,0,0.0,0.0,0,0,0.0,0.0,0,0,0.0,0.0,0,0,0.0,333.0,1,1,333.0,817.0,3,2,817.0,0.0,0,0,0.0,0.0,0,0,0.0,483.0,1,1,483.0,0.0,0.0,0.0,0.0,0.0,0.0,0.0,0.0724070450097847,0.177647314633616,0.0,0.0,0.1050228310502283,1.4874439075963355,0.3793719477599374,0.799397836293121,,,,,0.0,,,40.0,98.0,,,35.0,,,,,,,,3.118425,3.1455102040816327,,,3.548085714285714,,,,,,,,4.852619167289272,5.763320751787783,,,19.29935149086463
S024,R024,PUB,12,Image_004,155588,162188,6600,792,755,37,2358.201,747,155590,162181,1439.0,1080.0,1706.0,1280.0,3.156895582329317,3.135,-0.0608023699749056,-0.0318877551020514,3.169335989991196,0.2046039926899742,3.136,zhidaoyu,2.974103102779573,2.893,3094.0,6.146137952611918,8.365019011406845,0.9532828282828284,0.0467171717171717,19,5933.0,312.2631578947368,125.0,467.0,155590.0,325.0,5684.038927799389,315.7799404332994,9,1.7527152789797045,2.0,19,682.0,35.89473684210526,3.159203319107712,0.0,0,0,0.0,0.0,0,0,0.0,225.0,1,1,225.0,0.0,0,0,0.0,0.0,0,0,0.0,0.0,0,0,0.0,0.0,0,0,0.0,0.0,0,0,0.0,1192.0,4,4,1192.0,0.0,0,0,0.0,0.0,0,0,0.0,0.0,0,0,0.0,0.0,0.0,0.0379234788471262,0.0,0.0,0.0,0.0,0.0,0.200910163492331,0.0,0.0,0.0,0.6313977589273834,0.7328537583501877,0.8902023053399201,,,27.0,,0.0,,,0.0,112.0,,,,,,3.202555555555555,,,,,,3.241517857142857,,,,,,7.681389813368342,,,,,,8.991441961556752,,,
S024,R024,PUB,13,Image_005,162188,170671,8483,1018,976,42,2989.443,959,162190,170665,1920.0,1080.0,960.0,540.0,3.117250260688217,3.097,-0.2545684891980657,-1.2436224489795966,3.169335989991196,0.2046039926899742,3.136,zhidaoyu,2.974103102779573,2.893,3094.0,4.81312022353427,7.051503629450405,0.9587426326129664,0.0412573673870334,28,7209.0,257.4642857142857,142.0,425.0,162190.0,350.0,11035.111372050937,408.7078285944791,0,0.0,2.0,31,1204.0,38.83870967741935,5.009340167356519,0.0,0,0,0.0,0.0,0,0,0.0,0.0,0,0,0.0,0.0,0,0,0.0,0.0,0,0,0.0,0.0,0,0,0.0,0.0,0,0,0.0,0.0,0,0,0.0,0.0,0,0,0.0,0.0,0,0,0.0,0.0,0,0,0.0,0.0,0,0,0.0,0.0,0.0,0.0,0.0,0.0,0.0,0.0,0.0,0.0,0.0,0.0,0.0,0.0,0.0,0.0,,,,,0.0,,0.0,0.0,,,,0.0,,,,,,,,,,,,,,,,,,,,,,,,
S024,R024,PUB,14,Image_006,170671,178704,8033,964,914,50,2876.069,907,170673,178698,1439.0,1080.0,1706.0,1280.0,3.1709691289966924,3.159,0.0079819508115418,0.7334183673469288,3.169335989991196,0.2046039926899742,3.136,zhidaoyu,2.974103102779573,2.893,3094.0,6.61934100512957,9.194607673695128,0.9481327800829876,0.0518672199170124,20,7242.0,362.1,83.0,958.0,170673.0,425.0,6690.826487062829,352.148762476991,6,1.0,2.0,20,774.0,38.7,3.718778409859741,0.0,0,0,0.0,0.0,0,0,0.0,0.0,0,0,0.0,0.0,0,0,0.0,0.0,0,0,0.0,0.0,0,0,0.0,0.0,0,0,0.0,0.0,0,0,0.0,0.0,0,0,0.0,0.0,0,0,0.0,1051.0,3,3,1051.0,0.0,0,0,0.0,0.0,0.0,0.0,0.0,0.0,0.0,0.0,0.0,0.0,0.0,0.1451256558961612,0.0,-0.0,1.0,0.9166666666666666,,,,,0.0,,,,0.0,,126.0,,,,,,,,,,,,3.1633174603174603,,,,,,,,,,,,6.362064494705945,
S024,R024,PUB,15,Image_007,178704,187504,8800,1056,1025,31,3452.067,1008,178707,187498,1439.0,1080.0,1706.0,1280.0,3.424669642857143,3.4555,1.2479407146899653,10.18813775510203,3.169335989991196,0.2046039926899742,3.136,zhidaoyu,2.974103102779573,2.893,3094.0,15.149661074509272,19.44348427238161,0.9706439393939394,0.0293560606060606,26,7734.0,297.46153846153845,158.0,483.0,178707.0,408.0,8370.172019572645,334.8068807829058,0,0.0,3.0,29,1092.0,37.6551724137931,4.65216293583232,0.0,0,0,0.0,0.0,0,0,0.0,0.0,0,0,0.0,0.0,0,0,0.0,0.0,0,0,0.0,0.0,0,0,0.0,0.0,0,0,0.0,0.0,0,0,0.0,0.0,0,0,0.0,0.0,0,0,0.0,0.0,0,0,0.0,0.0,0,0,0.0,0.0,0.0,0.0,0.0,0.0,0.0,0.0,0.0,0.0,0.0,0.0,0.0,0.0,0.0,0.0,0.0,,,,,,,0.0,0.0,,,,,,,,,,,,,,,,,,,,,,,,,,,
S024,R024,PUB,16,Image_008,187504,194087,6583,790,763,27,2345.457,741,187507,194082,1440.0,1080.0,4096.0,3072.0,3.1652591093117413,3.153,-0.0199257141850215,0.5420918367346909,3.169335989991196,0.2046039926899742,3.136,zhidaoyu,2.974103102779573,2.893,3094.0,6.427349689172347,8.987210508123065,0.9658227848101266,0.0341772151898734,20,5757.0,287.85,92.0,467.0,187507.0,408.0,7456.50364860211,392.4475604527426,4,1.0,3.0,23,841.0,36.56521739130435,4.142502027001172,0.0,0,0,0.0,0.0,0,0,0.0,0.0,0,0,0.0,0.0,0,0,0.0,0.0,0,0,0.0,0.0,0,0,0.0,0.0,0,0,0.0,0.0,0,0,0.0,0.0,0,0,0.0,0.0,0,0,0.0,1100.0,3,2,1100.0,0.0,0,0,0.0,0.0,0.0,0.0,0.0,0.0,0.0,0.0,0.0,0.0,0.0,0.1910717387528226,0.0,-0.0,1.0,0.9166666666666666,,,,,,,,,0.0,,132.0,,,,,,,,,,,,3.2375,,,,,,,,,,,,8.856347211845412,
S024,R024,PUB,17,Image_009,194087,196621,2534,304,269,35,855.789,254,194090,196615,1440.0,1080.0,4032.0,3024.0,3.369248031496063,3.364,0.9770681347738078,7.270408163265298,3.169335989991196,0.2046039926899742,3.136,zhidaoyu,2.974103102779573,2.893,3094.0,13.286187972003738,16.280677497407538,0.8848684210526315,0.1151315789473684,8,2026.0,253.25,150.0,375.0,194090.0,225.0,2550.263983329861,364.3234261899801,4,2.0,3.0,8,382.0,47.75,1.416813324072145,0.0,0,0,0.0,0.0,0,0,0.0,0.0,0,0,0.0,0.0,0,0,0.0,0.0,0,0,0.0,0.0,0,0,0.0,0.0,0,0,0.0,0.0,0,0,0.0,275.0,1,1,275.0,0.0,0,0,0.0,0.0,0,0,0.0,267.0,1,1,267.0,0.0,0.0,0.0,0.0,0.0,0.0,0.0,0.0,0.1357354392892399,0.0,0.0,0.131786771964462,0.9998428401105453,0.5001089309786086,0.8345633456334564,,,,,0.0,,,0.0,33.0,,,32.0,,,,,,,,,3.351424242424242,,,3.4748125,,,,,,,,,12.686888335916386,,,16.835643550906752
S024,R024,PUB,18,Image_010,196621,200887,4266,512,507,4,1487.232,477,196623,200882,1440.0,1080.0,1600.0,1200.0,3.11788679245283,3.059,-0.2514574464650074,-2.455357142857141,3.169335989991196,0.2046039926899742,3.136,zhidaoyu,2.974103102779573,2.893,3094.0,4.834522701613055,5.7379882474939645,0.990234375,0.0078125,14,3910.0,279.2857142857143,175.0,533.0,196623.0,317.0,6781.7098496542985,521.669988434946,2,1.0,2.0,14,650.0,46.42857142857143,3.767616583141277,0.0,0,0,0.0,0.0,0,0,0.0,0.0,0,0,0.0,0.0,0,0,0.0,0.0,0,0,0.0,0.0,0,0,0.0,0.0,0,0,0.0,0.0,0,0,0.0,0.0,0,0,0.0,417.0,2,1,417.0,0.0,0,0,0.0,0.0,0,0,0.0,0.0,0.0,0.0,0.0,0.0,0.0,0.0,0.0,0.0,0.1066496163682864,0.0,0.0,-0.0,1.0,0.9166666666666666,,,,,,,,0.0,0.0,50.0,0.0,,,,,,,,,,,3.3913,,,,,,,,,,,,14.027654146573385,,
S024,R024,PUB,19,Image_011,200887,204987,4100,492,464,28,1587.982,462,200890,204982,1440.0,1080.0,960.0,720.0,3.437190476190476,3.462,1.3091361643423358,10.395408163265309,3.169335989991196,0.2046039926899742,3.136,zhidaoyu,2.974103102779573,2.893,3094.0,15.570656342683789,19.668164535084703,0.943089430894309,0.056910569105691,13,3675.0,282.6923076923077,133.0,467.0,200890.0,292.0,3516.358350696829,293.02986255806906,2,1.0,3.0,14,532.0,38.0,1.9535324170537935,0.0,0,0,0.0,0.0,0,0,0.0,0.0,0,0,0.0,0.0,0,0,0.0,0.0,0,0,0.0,0.0,0,0,0.0,0.0,0,0,0.0,0.0,0,0,0.0,342.0,1,1,342.0,0.0,0,0,0.0,0.0,0,0,0.0,0.0,0,0,0.0,0.0,0.0,0.0,0.0,0.0,0.0,0.0,0.0,0.0930612244897959,0.0,0.0,0.0,-0.0,1.0,0.9166666666666666,,,,,,,,0.0,41.0,,,0.0,,,,,,,,,3.3271219512195125,,,,,,,,,,,,11.86975825115177,,,
S024,R024,PUB,20,Image_013,204987,210970,5983,718,675,43,2187.724,663,204990,210965,1920.0,1080.0,3840.0,2160.0,3.299734539969834,3.317,0.6373216292813225,5.771683673469389,3.169335989991196,0.2046039926899742,3.136,zhidaoyu,2.974103102779573,2.893,3094.0,10.948895379112052,14.656066367092995,0.9401114206128134,0.0598885793871866,19,4959.0,261.0,108.0,517.0,204990.0,350.0,7342.219085453654,407.9010603029808,7,2.5216406363433186,3.0,20,761.0,38.05,3.332967991192909,0.0,0,0,0.0,0.0,0,0,0.0,0.0,0,0,0.0,0.0,0,0,0.0,891.0,3,2,891.0,0.0,0,0,0.0,0.0,0,0,0.0,0.0,0,0,0.0,233.0,1,1,233.0,0.0,0,0,0.0,242.0,1,1,242.0,0.0,0,0,0.0,0.0,0.0,0.0,0.0,0.1796733212341197,0.0,0.0,0.0,0.0469852792901794,0.0,0.0488001613228473,0.0,1.279665487249877,0.4859353596762196,0.830283064909712,,,,,107.0,,,0.0,28.0,,29.0,0.0,,,,,3.2942242990654207,,,,3.3414642857142858,,3.3242413793103447,,,,,,10.76362134139414,,,,12.351998913264966,,11.7729031049238,
S024,R024,PUB,21,Image_014,210970,215087,4117,494,394,100,1132.77,385,210974,215082,1440.0,1080.0,4032.0,3024.0,2.94225974025974,2.917,-1.109832935056808,-6.983418367346948,3.169335989991196,0.2046039926899742,3.136,zhidaoyu,2.974103102779573,2.893,3094.0,-1.0706879156298432,0.8295886622882829,0.7975708502024291,0.2024291497975708,12,3091.0,257.5833333333333,142.0,400.0,210974.0,217.0,4232.564025999709,384.77854781815535,6,2.584962500721156,4.0,13,541.0,41.61538461538461,2.351424458888727,0.0,0,0,0.0,0.0,0,0,0.0,150.0,1,1,150.0,0.0,0,0,0.0,0.0,0,0,0.0,283.0,1,1,283.0,0.0,0,0,0.0,250.0,1,1,250.0,0.0,0,0,0.0,0.0,0,0,0.0,0.0,0,0,0.0,0.0,0,0,0.0,0.0,0.0,0.0485279844710449,0.0,0.0,0.0915561307020381,0.0,0.0808799741184082,0.0,0.0,0.0,0.0,1.5376932214945902,0.3538968764536784,0.7824548560273304,,,18.0,,0.0,34.0,,30.0,0.0,,,,,,2.8786666666666663,,,2.8798529411764706,,2.9039,,,,,,,-3.20891484978153,,,-3.1690280513482256,,-2.360479793520333,,,,
S024,R024,PUB,22,Image_015,215087,221337,6250,750,724,26,2226.593,717,215090,221332,1440.0,1080.0,4032.0,3024.0,3.1054295676429566,3.098,-0.3123420100851763,-1.211734693877559,3.169335989991196,0.2046039926899742,3.136,zhidaoyu,2.974103102779573,2.893,3094.0,4.415666179852566,7.086069823712412,0.9653333333333334,0.0346666666666666,18,5401.0,300.05555555555554,158.0,542.0,215090.0,367.0,5205.474166720294,306.2043627482526,4,2.0,3.0,18,693.0,38.5,2.8919300926223857,0.0,0,0,0.0,0.0,0,0,0.0,0.0,0,0,0.0,0.0,0,0,0.0,0.0,0,0,0.0,0.0,0,0,0.0,0.0,0,0,0.0,0.0,0,0,0.0,158.0,1,1,158.0,0.0,0,0,0.0,500.0,1,1,500.0,0.0,0,0,0.0,0.0,0.0,0.0,0.0,0.0,0.0,0.0,0.0,0.0292538418811331,0.0,0.0925754489909276,0.0,0.7952424051288194,0.635073585794662,0.8766464032421479,,,,,0.0,,,,19.0,0.0,60.0,,,,,,,,,,3.1983684210526317,,3.06525,,,,,,,,,,7.540603352434603,,3.0646851864429783,
S024,R024,PUB,23,Image_016,221337,227653,6316,758,682,76,2033.119,653,221341,227649,1440.0,1080.0,4032.0,3024.0,3.113505359877488,3.112,-0.272871655042944,-0.7653061224489802,3.169335989991196,0.2046039926899742,3.136,zhidaoyu,2.974103102779573,2.893,3094.0,4.687203243479714,7.569996543380585,0.899736147757256,0.100263852242744,18,4815.0,267.5,133.0,425.0,221341.0,200.0,5932.712924845556,348.9831132262092,9,1.3921472236645345,4.0,26,1040.0,40.0,3.295951624914198,0.0,0,0,0.0,0.0,0,0,0.0,0.0,0,0,0.0,0.0,0,0,0.0,0.0,0,0,0.0,0.0,0,0,0.0,0.0,0,0,0.0,0.0,0,0,0.0,200.0,1,1,200.0,0.0,0,0,0.0,1982.0,6,5,1982.0,0.0,0,0,0.0,0.0,0.0,0.0,0.0,0.0,0.0,0.0,0.0,0.0415368639667705,0.0,0.4116303219106957,0.0,0.4419833286340726,0.8334846981511088,0.9013901619309502,,,,,,,,,8.0,,213.0,,,,,,,,,,3.279625,,3.127399061032864,,,,,,,,,,10.272740609930056,,5.1543592456502685,
S024,R024,PUB,24,Image_017,227653,232637,4984,598,578,14,1664.886,566,227657,232632,1440.0,1080.0,4032.0,3024.0,2.941494699646643,2.9215,-1.113572063521698,-6.83992346938776,3.169335989991196,0.2046039926899742,3.136,zhidaoyu,2.974103102779573,2.893,3094.0,-1.096411321532693,0.9851365364673416,0.9665551839464884,0.0234113712374581,17,4608.0,271.05882352941177,67.0,500.0,227657.0,383.0,4841.823615551876,302.61397597199226,7,1.8423709931771088,4.0,17,534.0,31.41176470588235,2.689902008639931,0.0,0,0,0.0,0.0,0,0,0.0,0.0,0,0,0.0,0.0,0,0,0.0,950.0,3,1,950.0,0.0,0,0,0.0,0.0,0,0,0.0,0.0,0,0,0.0,0.0,0,0,0.0,0.0,0,0,0.0,1350.0,6,3,1350.0,0.0,0,0,0.0,0.0,0.0,0.0,0.0,0.2061631944444444,0.0,0.0,0.0,0.0,0.0,0.29296875,0.0,0.978070970973496,0.5151228733459358,0.8478260869565217,,,,,114.0,,,,0.0,,141.0,,,,,,2.821640350877193,,,,,,3.033333333333333,,,,,,-5.126343863462209,,,,,,1.991532522810116,
S024,R024,PUB,25,Image_018,232637,241170,8533,1024,990,34,3301.083,985,232641,241166,1440.0,1080.0,3648.0,2736.0,3.351353299492386,3.426,0.8896078082747457,9.247448979591836,3.169335989991196,0.2046039926899742,3.136,zhidaoyu,2.974103102779573,2.893,3094.0,12.68450298041913,18.42378154165228,0.966796875,0.033203125,25,7703.0,308.12,75.0,550.0,232641.0,233.0,6983.0322959441,290.95967899767084,11,2.7321588913645702,4.0,25,858.0,34.32,3.8794623866356113,0.0,0,0,0.0,192.0,1,1,192.0,3735.0,10,2,3735.0,0.0,0,0,0.0,0.0,0,0,0.0,0.0,0,0,0.0,0.0,0,0,0.0,0.0,0,0,0.0,92.0,1,1,92.0,0.0,0,0,0.0,908.0,3,3,908.0,0.0,0,0,0.0,0.0,0.0249253537582759,0.4848760223289627,0.0,0.0,0.0,0.0,0.0,0.0119433986758405,0.0,0.1178761521485135,0.0,1.0422538299009891,0.6104970606165624,0.8636256004329883,,23.0,448.0,,,,,,11.0,,78.0,,,3.0358260869565217,3.5007098214285715,,,,,,3.038818181818182,,3.155641025641026,,,2.075347829040043,17.70640426543504,,,,,,2.175952776422795,,6.103955262740849,
S024,R024,PUB,26,Image_019,241170,245086,3916,470,441,29,1355.001,428,241174,245083,1439.0,1080.0,1706.0,1280.0,3.165890186915888,3.119,-0.0168413286075478,-0.5420918367346909,3.169335989991196,0.2046039926899742,3.136,zhidaoyu,2.974103102779573,2.893,3094.0,6.448568778838629,7.811959903214671,0.9382978723404256,0.0617021276595744,12,3376.0,281.3333333333333,117.0,617.0,241174.0,358.0,3585.1004473627177,325.9182224875198,4,2.0,4.0,12,552.0,46.0,1.9926079635467584,0.0,0,0,0.0,0.0,0,0,0.0,0.0,0,0,0.0,0.0,0,0,0.0,233.0,1,1,233.0,0.0,0,0,0.0,0.0,0,0,0.0,0.0,0,0,0.0,0.0,0,0,0.0,0.0,0,0,0.0,725.0,3,2,725.0,0.0,0,0,0.0,0.0,0.0,0.0,0.0,0.0690165876777251,0.0,0.0,0.0,0.0,0.0,0.2147511848341232,0.0,0.8003460098712403,0.6318770402848661,0.8761308281141267,,,,,28.0,,,,0.0,,75.0,,,,,,3.2000357142857143,,,,,,3.466893333333333,,,,,,7.596663723425938,,,,,,16.56937279992755,
S024,R024,PUB,27,Image_020,245086,248336,3250,390,377,13,1074.918,356,245091,248333,1439.0,1080.0,1706.0,1280.0,3.0194325842696634,3.018,-0.732651419704567,-3.7627551020408263,3.169335989991196,0.2046039926899742,3.136,zhidaoyu,2.974103102779573,2.893,3094.0,1.5241395447160395,4.3207742827514695,0.9666666666666668,0.0333333333333333,11,2949.0,268.09090909090907,125.0,508.0,245091.0,292.0,3773.681445535868,377.3681445535868,5,2.321928094887362,5.0,14,543.0,38.785714285714285,2.0974217628392826,125.0,1,1,125.0,0.0,0,0,0.0,0.0,0,0,0.0,0.0,0,0,0.0,0.0,0,0,0.0,0.0,0,0,0.0,0.0,0,0,0.0,1100.0,3,2,1100.0,316.0,2,1,316.0,0.0,0,0,0.0,0.0,0,0,0.0,0.0,0,0,0.0,0.0423872499152255,0.0,0.0,0.0,0.0,0.0,0.0,0.3730077992539844,0.10715496778569,0.0,0.0,0.0,1.1098754545874985,0.5581722345022342,0.8554510058403634,15.0,,,,,,,76.0,38.0,,,,3.0474666666666668,,,,,,,3.0953947368421053,2.9269736842105263,,,,2.466745817202118,,,,,,,4.078259222055007,-1.5846598769558518,,,
S024,R024,PUB,28,Image_021,248336,254086,5750,690,658,32,2102.539,628,248341,254083,1440.0,1080.0,4032.0,3024.0,3.34799203821656,3.389,0.8731796768798763,8.067602040816316,3.169335989991196,0.2046039926899742,3.136,zhidaoyu,2.974103102779573,2.893,3094.0,12.57148533578252,17.14483235395783,0.9536231884057972,0.0463768115942029,17,5124.0,301.4117647058824,175.0,508.0,248341.0,508.0,3451.895565641108,215.74347285256923,0,0.0,5.0,17,559.0,32.88235294117647,1.9177197586895045,0.0,0,0,0.0,0.0,0,0,0.0,0.0,0,0,0.0,0.0,0,0,0.0,0.0,0,0,0.0,0.0,0,0,0.0,0.0,0,0,0.0,0.0,0,0,0.0,0.0,0,0,0.0,0.0,0,0,0.0,0.0,0,0,0.0,0.0,0,0,0.0,0.0,0.0,0.0,0.0,0.0,0.0,0.0,0.0,0.0,0.0,0.0,0.0,0.0,0.0,0.0,,,,0.0,,,,0.0,0.0,,,,,,,,,,,,,,,,,,,,,,,,,,,
S024,R024,PUB,29,Image_022,254086,257636,3550,426,392,34,1293.444,384,254091,257633,1620.0,1080.0,5472.0,3648.0,3.36834375,3.3465,0.9726484678642116,6.712372448979581,3.169335989991196,0.2046039926899742,3.136,zhidaoyu,2.974103102779573,2.893,3094.0,13.255782788833796,15.67576909782233,0.92018779342723,0.0798122065727699,11,2950.0,268.1818181818182,200.0,317.0,254091.0,308.0,3496.293818774438,349.6293818774438,4,1.0,5.0,13,501.0,38.53846153846154,1.795735988273367,0.0,0,0,0.0,0.0,0,0,0.0,0.0,0,0,0.0,0.0,0,0,0.0,0.0,0,0,0.0,0.0,0,0,0.0,0.0,0,0,0.0,0.0,0,0,0.0,483.0,2,2,483.0,0.0,0,0,0.0,0.0,0,0,0.0,0.0,0,0,0.0,0.0,0.0,0.0,0.0,0.0,0.0,0.0,0.0,0.163728813559322,0.0,0.0,0.0,-0.0,1.0,0.9166666666666666,,,,,,,,0.0,58.0,,,,,,,,,,,,3.43898275862069,,,,,,,,,,,,15.630919298212758,,,
S024,R024,PUB,30,Image_024,257636,262936,5300,636,611,25,1829.978,601,257641,262933,1440.0,1080.0,4032.0,3024.0,3.0448885191347754,3.04,-0.6082357886582851,-3.061224489795921,3.169335989991196,0.2046039926899742,3.136,zhidaoyu,2.974103102779573,2.893,3094.0,2.380059261867778,5.081230556515736,0.960691823899371,0.0393081761006289,17,4808.0,282.8235294117647,125.0,650.0,257641.0,317.0,4333.989340340392,270.8743337712745,9,2.725480556997868,5.0,18,609.0,33.833333333333336,2.407771855744662,0.0,0,0,0.0,0.0,0,0,0.0,0.0,0,0,0.0,0.0,0,0,0.0,242.0,1,1,242.0,517.0,2,2,517.0,0.0,0,0,0.0,333.0,2,2,333.0,317.0,1,1,317.0,0.0,0,0,0.0,0.0,0,0,0.0,0.0,0,0,0.0,0.0,0.0,0.0,0.0,0.050332778702163,0.1075291181364392,0.0,0.0692595673876871,0.0659317803660565,0.0,0.0,0.0,1.9432877235898385,0.2706070324553552,0.7164064348237521,,,,,2.0,44.0,,40.0,38.0,,,0.0,,,,,3.2830000000000004,3.147522727272727,,3.025,2.8751315789473684,,,,,,,,10.38622019968758,5.830988990633076,,1.711336004890309,-3.327777162120132,,,
S024,R024,PUB,31,Image_025,262936,273519,10583,1270,967,300,2513.892,849,262941,273516,1620.0,1080.0,5472.0,3648.0,2.9610035335689044,2.925,-1.01822282978596,-6.728316326530622,3.169335989991196,0.2046039926899742,3.136,zhidaoyu,2.974103102779573,2.893,3094.0,-0.4404544414894709,1.106118216384377,0.7614173228346457,0.2362204724409448,29,6833.0,235.6206896551724,67.0,533.0,262941.0,242.0,7773.849005597416,277.637464485622,2,1.0,5.0,38,1126.0,29.63157894736842,3.9927366378057294,0.0,0,0,0.0,0.0,0,0,0.0,0.0,0,0,0.0,0.0,0,0,0.0,0.0,0,0,0.0,0.0,0,0,0.0,0.0,0,0,0.0,0.0,0,0,0.0,125.0,1,1,125.0,0.0,0,0,0.0,0.0,0,0,0.0,0.0,0,0,0.0,0.0,0.0,0.0,0.0,0.0,0.0,0.0,0.0,0.0182935752963559,0.0,0.0,0.0,-0.0,1.0,0.9166666666666666,,,,,,,,0.0,15.0,,,0.0,,,,,,,,,3.1134,,,,,,,,,,,,4.683660666983633,,,
S025,R025,PUB,1,Image_001,108806,118273,9467,1136,1096,40,3194.701,1059,108812,118271,1440.0,1080.0,4032.0,3024.0,3.0167148253068934,3.033,1.2038812281083917,5.532359081419617,2.8741773907434287,0.1183982532790446,2.874,zhidaoyu,2.792673920673921,2.799,5698.0,8.022451277767065,8.360128617363344,0.9647887323943662,0.0352112676056338,35,7400.0,211.42857142857144,83.0,442.0,108812.0,442.0,8775.790894025851,258.11149688311326,18,3.127986806877675,6.0,56,1815.0,32.410714285714285,4.875439385569917,0.0,0,0,0.0,0.0,0,0,0.0,0.0,0,0,0.0,0.0,0,0,0.0,0.0,0,0,0.0,0.0,0,0,0.0,0.0,0,0,0.0,333.0,2,2,333.0,1816.0,10,5,1816.0,0.0,0,0,0.0,742.0,2,2,742.0,517.0,2,2,517.0,0.0,0.0,0.0,0.0,0.0,0.0,0.0,0.045,0.2454054054054054,0.0,0.1002702702702702,0.0698648648648648,1.7033809929486994,0.3639081407458837,0.780956572769953,,,,,0.0,,,40.0,218.0,,89.0,62.0,,,,,,,,3.037175,3.0772293577981653,,3.0199550561797754,3.078225806451613,,,,,,,,8.75508871680503,10.18935418910548,,8.138477386253806,10.22503499831385
S025,R025,PUB,2,Image_012,118273,126856,8583,1030,1015,15,2810.57,1015,118279,126854,1440.0,1080.0,4032.0,3024.0,2.76903448275862,2.774,-0.8880444185017197,-3.479471120389704,2.8741773907434287,0.1183982532790446,2.874,zhidaoyu,2.792673920673921,2.799,5698.0,-0.8464804193679741,-0.8931761343336875,0.9854368932038836,0.0145631067961165,28,7067.0,252.39285714285717,83.0,700.0,118279.0,250.0,5882.580723710226,217.8733601374158,16,2.75,6.0,40,1411.0,35.275,3.2681004020612368,0.0,0,0,0.0,0.0,0,0,0.0,0.0,0,0,0.0,0.0,0,0,0.0,2558.0,5,5,2558.0,0.0,0,0,0.0,0.0,0,0,0.0,0.0,0,0,0.0,542.0,3,1,542.0,0.0,0,0,0.0,1475.0,6,3,1475.0,0.0,0,0,0.0,0.0,0.0,0.0,0.0,0.3619640582991368,0.0,0.0,0.0,0.076694495542663,0.0,0.2087165699731144,0.0,1.3600546155605246,0.4306012362268206,0.8234426229508197,,,,,307.0,,,,65.0,0.0,177.0,,,,,,2.818397394136808,,,,2.929707692307693,,2.6742090395480225,,,,,,0.9211055136963416,,,,4.906901970162815,,-4.241987589346296,
S025,R025,PUB,3,Image_023,126856,134706,7850,942,914,28,2613.063,912,126862,134704,1440.0,1080.0,960.0,720.0,2.865200657894737,2.884,-0.0758181189340265,0.3479471120389626,2.8741773907434287,0.1183982532790446,2.874,zhidaoyu,2.792673920673921,2.799,5698.0,2.5970356468725964,3.036798856734547,0.970276008492569,0.0297239915074309,30,6344.0,211.46666666666667,83.0,617.0,126862.0,400.0,7909.629614180336,272.7458487648392,11,2.481714572986073,6.0,50,1592.0,31.84,4.394238674544631,0.0,0,0,0.0,0.0,0,0,0.0,0.0,0,0,0.0,0.0,0,0,0.0,0.0,0,0,0.0,0.0,0,0,0.0,0.0,0,0,0.0,217.0,1,1,217.0,892.0,4,3,892.0,0.0,0,0,0.0,0.0,0,0,0.0,475.0,2,2,475.0,0.0,0.0,0.0,0.0,0.0,0.0,0.0,0.0342055485498108,0.1406052963430012,0.0,0.0,0.074873896595208,1.380457259474773,0.425808750382614,0.8210227272727273,,,,,,,,26.0,107.0,0.0,,57.0,,,,,,,,2.8643846153846155,2.9288691588785047,,,2.878859649122807,,,,,,,,2.5678148164677115,4.876875785473644,,,3.0861364733942134
S025,R025,PUB,4,Image_026,134706,143139,8433,1012,981,31,2892.408,979,134713,143138,1439.0,1080.0,1706.0,1280.0,2.9544514811031664,2.95,0.6780006303855278,2.644398051496175,2.8741773907434287,0.1183982532790446,2.874,zhidaoyu,2.792673920673921,2.799,5698.0,5.792926959055992,5.3947838513755,0.9693675889328064,0.0306324110671936,32,6635.0,207.34375,100.0,617.0,134713.0,617.0,7639.673271971129,246.44107328939128,8,1.0,7.0,47,1695.0,36.06382978723404,4.246149870591014,0.0,0,0,0.0,0.0,0,0,0.0,0.0,0,0,0.0,0.0,0,0,0.0,0.0,0,0,0.0,0.0,0,0,0.0,0.0,0,0,0.0,1608.0,8,4,1608.0,0.0,0,0,0.0,0.0,0,0,0.0,0.0,0,0,0.0,0.0,0,0,0.0,0.0,0.0,0.0,0.0,0.0,0.0,0.0,0.2423511680482291,0.0,0.0,0.0,0.0,-0.0,1.0,0.9166666666666666,,,,,0.0,,,193.0,0.0,,,,,,,,,,,2.97859585492228,,,,,,,,,,,,6.657488111017734,,,,
S025,R025,PUB,5,Image_027,143139,150439,7300,876,857,19,2491.541,856,143146,150438,810.0,1080.0,1280.0,1706.0,2.9106787383177566,2.907,0.3082929567237819,1.1482254697285983,2.8741773907434287,0.1183982532790446,2.874,zhidaoyu,2.792673920673921,2.799,5698.0,4.22551364734194,3.858520900321547,0.978310502283105,0.0216894977168949,23,6041.0,262.6521739130435,117.0,583.0,143146.0,333.0,4826.002401979505,219.3637455445229,12,2.459147917027245,7.0,41,1215.0,29.634146341463413,3.5748165940588925,0.0,0,0,0.0,0.0,0,0,0.0,2282.0,8,4,2282.0,0.0,0,0,0.0,0.0,0,0,0.0,0.0,0,0,0.0,0.0,0,0,0.0,2208.0,7,3,2208.0,158.0,1,1,158.0,0.0,0,0,0.0,0.0,0,0,0.0,0.0,0,0,0.0,0.0,0.0,0.3777520278099652,0.0,0.0,0.0,0.0,0.3655024002648568,0.0261546101638801,0.0,0.0,0.0,1.1798554250764413,0.4678669188679971,0.8261617900172117,,,218.0,,,,,265.0,19.0,,,,,,2.8544587155963304,,,,,2.9318377358490566,2.772157894736842,,,,,,2.21238843765547,,,,,4.983174517616189,-0.7346373590271518,,,
S025,R025,PUB,6,Image_028,150439,161422,10983,1318,1251,67,3712.611,1250,150446,161421,1620.0,1080.0,5472.0,3648.0,2.9700888,2.995,0.810074528975731,4.210160055671538,2.8741773907434287,0.1183982532790446,2.874,zhidaoyu,2.792673920673921,2.799,5698.0,6.352867694745614,7.0025008931761406,0.9491654021244308,0.050834597875569,39,8034.0,206.0,67.0,650.0,150446.0,583.0,9613.75252749069,252.99348756554448,16,3.1556390622295662,7.0,69,2331.0,33.78260869565217,4.937731864314702,1759.0,6,4,1759.0,0.0,0,0,0.0,0.0,0,0,0.0,0.0,0,0,0.0,0.0,0,0,0.0,0.0,0,0,0.0,0.0,0,0,0.0,2426.0,10,5,2426.0,2649.0,15,5,2649.0,0.0,0,0,0.0,0.0,0,0,0.0,0.0,0,0,0.0,0.2189444859347772,0.0,0.0,0.0,0.0,0.0,0.0,0.301966641772467,0.3297236743838685,0.0,0.0,0.0,1.5643573736589045,0.3425169166990196,0.7717051994927324,211.0,,,,,,,291.0,318.0,,,,2.9264928909952608,,,,,,,2.936687285223368,2.9995786163522014,,,,4.791786442759744,,,,,,,5.156827063959328,7.408838323249382,,,
S025,R025,PUB,7,Image_029,161422,174322,12900,1548,1436,112,4169.638,1433,161430,174321,1620.0,1080.0,6000.0,4000.0,2.909726448011166,2.911,0.3002498456117774,1.2874043145441865,2.8741773907434287,0.1183982532790446,2.874,zhidaoyu,2.792673920673921,2.799,5698.0,4.191414059146523,4.001429081814938,0.9276485788113696,0.0723514211886304,48,9018.0,187.875,75.0,392.0,161430.0,225.0,12585.879444667586,267.78466903548053,25,3.239079570624174,8.0,79,2611.0,33.050632911392405,6.464249812614988,0.0,0,0,0.0,0.0,0,0,0.0,0.0,0,0,0.0,0.0,0,0,0.0,2750.0,14,8,2750.0,0.0,0,0,0.0,0.0,0,0,0.0,2117.0,11,7,2117.0,117.0,1,1,117.0,0.0,0,0,0.0,933.0,5,2,933.0,0.0,0,0,0.0,0.0,0.0,0.0,0.0,0.3049456642271013,0.0,0.0,0.2347527167886449,0.0129740518962075,0.0,0.103459747172322,0.0,1.576431841774127,0.3692670300374264,0.7945890372373388,,,,,330.0,,,254.0,14.0,,112.0,,,,,,2.8883727272727278,,,2.919885826771653,2.869,,2.893589285714285,,,,,,3.426780544995124,,,4.555200847331074,2.7330823968041558,,3.613574943114449,
S025,R025,PUB,8,Image_030,174322,186088,11766,1411,1309,102,3651.211,1306,174330,186080,1920.0,1079.0,2275.0,1279.0,2.795720520673813,2.801,-0.6626522596132055,-2.54001391788448,2.8741773907434287,0.1183982532790446,2.874,zhidaoyu,2.792673920673921,2.799,5698.0,0.1090925788842945,0.0714540907467032,0.927710843373494,0.072289156626506,43,8442.0,196.32558139534885,92.0,542.0,174355.0,150.0,10959.929155417878,260.95069417661614,13,2.7773627950641693,33.0,70,2389.0,34.128571428571426,4.976318631233524,175.0,1,1,175.0,0.0,0,0,0.0,0.0,0,0,0.0,0.0,0,0,0.0,0.0,0,0,0.0,0.0,0,0,0.0,0.0,0,0,0.0,817.0,3,3,817.0,2341.0,14,5,2341.0,0.0,0,0,0.0,0.0,0,0,0.0,0.0,0,0,0.0,0.0207296849087893,0.0,0.0,0.0,0.0,0.0,0.0,0.0967780146884624,0.277303956408434,0.0,0.0,0.0,1.078429931667133,0.556166777793891,0.8583108310831083,21.0,,,,,0.0,,68.0,281.0,,,,2.7101904761904763,,,,,,,2.8000882352941177,2.797747330960854,,,,-2.9535651789787147,,,,,,,0.2654915980454894,0.1816685524713496,,,
S025,R025,PUB,9,Image_031,186088,194655,8567,1028,974,54,2714.555,939,186088,194647,1621.0,1080.0,2731.0,1820.0,2.890899893503728,2.893,0.1412394380589952,0.6610995128740321,2.8741773907434287,0.1183982532790446,2.874,zhidaoyu,2.792673920673921,2.799,5698.0,3.517273252084621,3.3583422650946715,0.9474708171206224,0.0525291828793774,30,6257.0,208.56666666666663,83.0,508.0,186088.0,375.0,9102.09872627458,313.86547331981313,6,1.9182958340544891,0.0,53,1654.0,31.20754716981132,4.672943520029083,0.0,0,0,0.0,0.0,0,0,0.0,0.0,0,0,0.0,0.0,0,0,0.0,0.0,0,0,0.0,0.0,0,0,0.0,0.0,0,0,0.0,0.0,0,0,0.0,2224.0,10,2,2224.0,142.0,1,1,142.0,0.0,0,0,0.0,0.0,0,0,0.0,0.0,0.0,0.0,0.0,0.0,0.0,0.0,0.0,0.3554419050663257,0.0226945820680837,0.0,0.0,0.3275120266801327,0.8871702457111132,0.9066638489715412,,,0.0,,,,,,255.0,17.0,,,,,,,,,,,2.9214235294117645,2.8705294117647058,,,,,,,,,,,4.6102628661628415,2.787847536170533,,
S025,R025,PUB,10,Image_002,194655,203538,8883,1066,999,67,2896.757,994,194655,203530,810.0,1080.0,3072.0,4096.0,2.91424245472837,2.911,0.3383923569422478,1.2874043145441865,2.8741773907434287,0.1183982532790446,2.874,zhidaoyu,2.792673920673921,2.799,5698.0,4.353123118115859,4.001429081814938,0.9371482176360224,0.0628517823639774,29,6976.0,240.55172413793105,75.0,908.0,194688.0,333.0,5824.62598150753,208.0223564824118,14,2.896291529045928,33.0,46,1417.0,30.80434782608696,4.314537764079652,0.0,0,0,0.0,0.0,0,0,0.0,0.0,0,0,0.0,0.0,0,0,0.0,0.0,0,0,0.0,0.0,0,0,0.0,0.0,0,0,0.0,0.0,0,0,0.0,1551.0,5,2,1551.0,624.0,3,3,624.0,2567.0,10,4,2567.0,0.0,0,0,0.0,0.0,0.0,0.0,0.0,0.0,0.0,0.0,0.0,0.2223337155963302,0.0894495412844036,0.3679759174311927,0.0,1.3916646687000342,0.4173365926426109,0.8182904540981302,,,,,,,,,185.0,75.0,278.0,,,,,,,,,,3.010291891891892,2.950906666666667,2.8313057553956837,,,,,,,,,,7.79245903386587,5.665994329712574,1.3833278004916494,
S025,R025,PUB,11,Image_003,203538,215554,12016,1442,1395,47,4025.506,1394,203538,215547,1620.0,1080.0,5472.0,3648.0,2.8877374461979914,2.882,0.1145291850092077,0.2783576896311763,2.8741773907434287,0.1183982532790446,2.874,zhidaoyu,2.792673920673921,2.799,5698.0,3.404032415683179,2.96534476598786,0.9674063800277392,0.0325936199722607,39,9543.0,244.69230769230768,67.0,1033.0,203538.0,342.0,9218.72024990955,242.5979013134092,21,2.6227336390297045,0.0,54,1961.0,36.31481481481482,4.734838825528074,0.0,0,0,0.0,0.0,0,0,0.0,0.0,0,0,0.0,0.0,0,0,0.0,342.0,2,2,342.0,0.0,0,0,0.0,0.0,0,0,0.0,2492.0,10,4,2492.0,4117.0,16,9,4117.0,0.0,0,0,0.0,0.0,0,0,0.0,0.0,0,0,0.0,0.0,0.0,0.0,0.0,0.0358377868594781,0.0,0.0,0.2611338153620455,0.4314156973697998,0.0,0.0,0.0,1.1919019862669655,0.4817560190379246,0.8405145542607778,,,,,41.0,,,299.0,494.0,,,0.0,,,,,2.831317073170732,,,2.91613712374582,2.882977732793522,,,,,,,,1.3837330671060193,,,4.420967380327191,3.2335967135686747,,,
S025,R025,PUB,12,Image_004,215554,225387,9833,1180,1148,32,3352.408,1146,215555,225380,1439.0,1080.0,1706.0,1280.0,2.9253123909249563,2.9325,0.4318898190247036,2.0354906054279747,2.8741773907434287,0.1183982532790446,2.874,zhidaoyu,2.792673920673921,2.799,5698.0,4.7495151248817296,4.769560557341914,0.9728813559322034,0.0271186440677966,32,7585.0,237.03125,67.0,675.0,215589.0,217.0,7708.496495987577,248.66117728992185,13,2.623516641218015,35.0,51,1667.0,32.68627450980392,4.284401993862209,0.0,0,0,0.0,0.0,0,0,0.0,934.0,5,3,934.0,0.0,0,0,0.0,125.0,1,1,125.0,0.0,0,0,0.0,0.0,0,0,0.0,0.0,0,0,0.0,3909.0,15,4,3909.0,0.0,0,0,0.0,0.0,0,0,0.0,0.0,0,0,0.0,0.0,0.0,0.1231377719182597,0.0,0.016479894528675,0.0,0.0,0.0,0.5153592617007251,0.0,0.0,0.0,0.8591194011505494,0.6550887839985894,0.8769457863660762,,,112.0,,15.0,,,0.0,469.0,,,,,,2.8708392857142857,,2.845333333333333,,,,2.988049040511727,,,,,,2.798943495039414,,1.8856269709678464,,,,6.995987551266235,,,
S025,R025,PUB,13,Image_005,225387,234504,9117,1094,1064,30,3032.203,1041,225389,234497,1920.0,1080.0,960.0,540.0,2.9127790585975024,2.918,0.3260324099807123,1.5309672929714695,2.8741773907434287,0.1183982532790446,2.874,zhidaoyu,2.792673920673921,2.799,5698.0,4.300721864964389,4.251518399428375,0.9725776965265084,0.0274223034734917,31,6901.0,222.6129032258065,83.0,508.0,225430.0,283.0,8297.662522437322,276.58875074791075,11,2.481714572986073,43.0,48,1652.0,34.416666666666664,3.7666873280581,0.0,0,0,0.0,0.0,0,0,0.0,0.0,0,0,0.0,0.0,0,0,0.0,0.0,0,0,0.0,0.0,0,0,0.0,608.0,3,3,608.0,1909.0,9,4,1909.0,0.0,0,0,0.0,0.0,0,0,0.0,0.0,0,0,0.0,0.0,0,0,0.0,0.0,0.0,0.0,0.0,0.0,0.0,0.0881031734531227,0.2766265758585712,0.0,0.0,0.0,0.0,0.7976206188694351,0.6335851450502101,0.8764070983975633,,,,,0.0,,73.0,227.0,,,,0.0,,,,,,,2.84872602739726,2.888511013215859,,,,,,,,,,,2.007112477700688,3.431732284691902,,,,
S025,R025,PUB,14,Image_006,234504,243754,9250,1110,1070,40,3145.654,1054,234505,243747,1439.0,1080.0,1706.0,1280.0,2.984491461100569,2.9905,0.9317204207155724,4.053583855253995,2.8741773907434287,0.1183982532790446,2.874,zhidaoyu,2.792673920673921,2.799,5698.0,6.868597834019924,6.841729188996071,0.963963963963964,0.036036036036036,35,7232.0,206.62857142857143,92.0,425.0,234505.0,183.0,8952.40401789687,263.3060005263785,15,2.206238928653389,1.0,49,1696.0,34.61224489795919,4.975768964038875,0.0,0,0,0.0,0.0,0,0,0.0,0.0,0,0,0.0,0.0,0,0,0.0,0.0,0,0,0.0,0.0,0,0,0.0,0.0,0,0,0.0,0.0,0,0,0.0,1458.0,7,4,1458.0,0.0,0,0,0.0,2067.0,8,5,2067.0,0.0,0,0,0.0,0.0,0.0,0.0,0.0,0.0,0.0,0.0,0.0,0.2016039823008849,0.0,0.2858130530973451,0.0,0.9783607557113696,0.5149240380262562,0.8477304964539008,,,,,0.0,,,,175.0,,219.0,,,,,,,,,,3.0162285714285715,,2.995575342465753,,,,,,,,,,8.005039510688846,,7.265489189044623,
S025,R025,PUB,15,Image_007,243754,254654,10900,1308,1209,99,3497.966,1202,243756,254647,1439.0,1080.0,1706.0,1280.0,2.9101214642262896,2.905,0.3035861804324662,1.0786360473207963,2.8741773907434287,0.1183982532790446,2.874,zhidaoyu,2.792673920673921,2.799,5698.0,4.205558790194403,3.787066809574844,0.9243119266055044,0.0756880733944954,36,8233.0,228.69444444444449,92.0,525.0,243756.0,100.0,7745.13062363293,221.28944638951228,9,3.169925001442312,2.0,53,1885.0,35.56603773584906,4.304763335351935,1316.0,4,2,1316.0,0.0,0,0,0.0,0.0,0,0,0.0,0.0,0,0,0.0,0.0,0,0,0.0,0.0,0,0,0.0,0.0,0,0,0.0,716.0,2,2,716.0,1858.0,7,3,1858.0,0.0,0,0,0.0,0.0,0,0,0.0,0.0,0,0,0.0,0.1598445281185473,0.0,0.0,0.0,0.0,0.0,0.0,0.0869670836875986,0.2256771529211709,0.0,0.0,0.0,1.487573530913206,0.3764630157083286,0.7989288774635819,158.0,,,,,,,86.0,223.0,,,,3.0268164556962027,,,,,,,2.8565,2.983896860986547,,,,8.384170213677479,,,,,,,2.285482700059621,6.847306407562283,,,
S025,R025,PUB,16,Image_008,254654,268370,13716,1646,1561,85,4610.437,1554,254656,268364,1440.0,1080.0,4096.0,3072.0,2.966819176319176,2.956,0.7824590567008326,2.8531663187195493,2.8741773907434287,0.1183982532790446,2.874,zhidaoyu,2.792673920673921,2.799,5698.0,6.235789089305175,5.609146123615578,0.948359659781288,0.051640340218712,44,10691.0,242.97727272727272,67.0,758.0,254656.0,275.0,8253.653263625054,191.9454247354664,12,1.0,2.0,66,1968.0,29.818181818181817,4.585362924236141,0.0,0,0,0.0,0.0,0,0,0.0,0.0,0,0,0.0,0.0,0,0,0.0,0.0,0,0,0.0,0.0,0,0,0.0,0.0,0,0,0.0,0.0,0,0,0.0,0.0,0,0,0.0,0.0,0,0,0.0,3860.0,15,6,3860.0,0.0,0,0,0.0,0.0,0.0,0.0,0.0,0.0,0.0,0.0,0.0,0.0,0.0,0.361051351604153,0.0,-0.0,1.0,0.9166666666666666,,,,,,,,,0.0,,463.0,,,,,,,,,,,,2.954194384449244,,,,,,,,,,,,5.783720848309609,
S025,R025,PUB,17,Image_009,268370,277636,9266,1114,1080,32,2994.453,1068,268372,277631,1440.0,1080.0,4032.0,3024.0,2.803794943820224,2.7905,-0.5944551120811309,-2.905358385525412,2.8741773907434287,0.1183982532790446,2.874,zhidaoyu,2.792673920673921,2.799,5698.0,0.3982213270219374,-0.303679885673461,0.9694793536804308,0.0287253141831238,36,7167.0,199.08333333333331,100.0,425.0,268372.0,183.0,9981.103142862952,285.17437551037006,11,2.413088436425758,2.0,52,1917.0,36.86538461538461,5.545057301590529,0.0,0,0,0.0,0.0,0,0,0.0,0.0,0,0,0.0,0.0,0,0,0.0,0.0,0,0,0.0,0.0,0,0,0.0,0.0,0,0,0.0,350.0,2,2,350.0,2733.0,12,5,2733.0,0.0,0,0,0.0,0.0,0,0,0.0,267.0,1,1,267.0,0.0,0.0,0.0,0.0,0.0,0.0,0.0,0.0488349379098646,0.3813311008790289,0.0,0.0,0.0372540812055253,0.8709021221179251,0.6828316328803742,0.8726865671641791,,,,,0.0,,,42.0,310.0,,,5.0,,,,,,,,2.7903571428571428,2.806754838709677,,,2.6974,,,,,,,,-0.0829591238571455,0.5042091714151378,,,-3.4115662401047526
S025,R025,PUB,18,Image_010,277636,284853,7217,867,809,57,2276.816,804,277639,284848,1440.0,1080.0,1600.0,1200.0,2.831860696517413,2.829,-0.3574097848072346,-1.5657620041753628,2.8741773907434287,0.1183982532790446,2.874,zhidaoyu,2.792673920673921,2.799,5698.0,1.4031991187154285,1.0718113612004376,0.9331026528258364,0.0657439446366782,26,5292.0,203.53846153846155,92.0,300.0,277639.0,267.0,7485.748880614092,299.4299552245637,11,2.481714572986073,3.0,42,1489.0,35.45238095238095,4.15874937811894,0.0,0,0,0.0,0.0,0,0,0.0,0.0,0,0,0.0,0.0,0,0,0.0,0.0,0,0,0.0,0.0,0,0,0.0,0.0,0,0,0.0,0.0,0,0,0.0,975.0,5,4,975.0,1250.0,7,4,1250.0,0.0,0,0,0.0,0.0,0,0,0.0,0.0,0.0,0.0,0.0,0.0,0.0,0.0,0.0,0.1842403628117913,0.2362055933484504,0.0,0.0,0.9889525767600617,0.5076379245044818,0.8436329588014981,,,,,,,,0.0,117.0,150.0,0.0,,,,,,,,,,2.85331623931624,2.830073333333333,,,,,,,,,,,2.1714786747349573,1.3391972611821243,,
S025,R025,PUB,19,Image_011,284853,292386,7533,904,857,47,2513.212,857,284856,292381,1440.0,1080.0,960.0,720.0,2.93256942823804,2.928,0.4931832681432455,1.8789144050104325,2.8741773907434287,0.1183982532790446,2.874,zhidaoyu,2.792673920673921,2.799,5698.0,5.0093749409297175,4.608788853161844,0.948008849557522,0.0519911504424778,27,5686.0,210.59259259259255,100.0,417.0,284856.0,267.0,8486.491614885623,326.40352364944704,5,1.9219280948873625,3.0,46,1581.0,34.369565217391305,4.714717563825346,0.0,0,0,0.0,0.0,0,0,0.0,0.0,0,0,0.0,0.0,0,0,0.0,0.0,0,0,0.0,0.0,0,0,0.0,0.0,0,0,0.0,0.0,0,0,0.0,1351.0,6,2,1351.0,0.0,0,0,0.0,0.0,0,0,0.0,167.0,1,1,167.0,0.0,0.0,0.0,0.0,0.0,0.0,0.0,0.0,0.2376011255715793,0.0,0.0,0.0293703833978192,0.4999556973573855,0.8041794469874897,0.8983311374615722,,,,,,,,0.0,162.0,,,20.0,,,,,,,,,2.933969135802469,,,2.9649,,,,,,,,,5.059495635439287,,,6.167067270228173
S025,R025,PUB,20,Image_013,292386,303903,11517,1382,1320,62,3770.759,1319,292389,303898,1920.0,1080.0,3840.0,2160.0,2.858801364670205,2.864,-0.1298670009682082,-0.3479471120389781,2.8741773907434287,0.1183982532790446,2.874,zhidaoyu,2.792673920673921,2.799,5698.0,2.3678899103382003,2.322257949267594,0.9551374819102748,0.044862518089725,40,9108.0,227.7,92.0,633.0,292389.0,392.0,7743.92099762516,198.5620768621836,7,2.235926350629033,3.0,58,1651.0,28.46551724137931,3.5153188036225127,0.0,0,0,0.0,0.0,0,0,0.0,0.0,0,0,0.0,0.0,0,0,0.0,0.0,0,0,0.0,0.0,0,0,0.0,0.0,0,0,0.0,434.0,2,2,434.0,2309.0,11,2,2309.0,0.0,0,0,0.0,0.0,0,0,0.0,658.0,3,2,658.0,0.0,0.0,0.0,0.0,0.0,0.0,0.0,0.0476504172156346,0.2535133948177426,0.0,0.0,0.0722441809398331,1.2168211022341209,0.5146454062795756,0.841884739782417,,,,,0.0,,,52.0,274.0,,0.0,79.0,,,,,,,,2.7938076923076927,2.799558394160584,,,2.9260759493670885,,,,,,,,0.0405980671563051,0.2465190595900919,,,4.776856607053336
S025,R025,PUB,21,Image_014,303903,312003,8100,972,914,58,2601.955,910,303906,311998,1440.0,1080.0,4032.0,3024.0,2.859291208791209,2.853,-0.1257297429644969,-0.7306889352818493,2.8741773907434287,0.1183982532790446,2.874,zhidaoyu,2.792673920673921,2.799,5698.0,2.385430236739285,1.9292604501607653,0.940329218106996,0.0596707818930041,27,6284.0,232.74074074074076,125.0,567.0,303906.0,142.0,6521.394020033799,250.8228469243769,15,3.006238928653389,3.0,43,1403.0,32.627906976744185,3.622996677796555,0.0,0,0,0.0,0.0,0,0,0.0,375.0,2,2,375.0,0.0,0,0,0.0,0.0,0,0,0.0,725.0,3,2,725.0,0.0,0,0,0.0,150.0,1,1,150.0,733.0,4,3,733.0,0.0,0,0,0.0,0.0,0,0,0.0,0.0,0,0,0.0,0.0,0.0,0.0596753660089115,0.0,0.0,0.1153723742838956,0.0,0.0238701464035646,0.1166454487587523,0.0,0.0,0.0,1.7975756346194944,0.3117876127619308,0.7548747688687174,,,45.0,,0.0,87.0,,18.0,88.0,,,,,,2.8275111111111118,,,2.7885057471264365,,2.855722222222222,2.8481931818181816,,,,,,1.2474492700094268,,,-0.1492538572666041,,2.257632052262176,1.9880323561321116,,,
S025,R025,PUB,22,Image_015,312003,319886,7883,946,892,54,2392.113,878,312006,319881,1440.0,1080.0,4032.0,3024.0,2.724502277904328,2.712,-1.2641665623760647,-5.636743215031313,2.8741773907434287,0.1183982532790446,2.874,zhidaoyu,2.792673920673921,2.799,5698.0,-2.441088530419679,-3.108252947481234,0.9429175475687104,0.0570824524312896,27,5680.0,210.3703703703704,83.0,567.0,312006.0,225.0,7892.978353892357,303.57609053432145,13,2.661226256269789,3.0,42,1645.0,39.16666666666666,4.384987974384643,0.0,0,0,0.0,0.0,0,0,0.0,0.0,0,0,0.0,0.0,0,0,0.0,183.0,1,1,183.0,0.0,0,0,0.0,0.0,0,0,0.0,0.0,0,0,0.0,1208.0,7,4,1208.0,0.0,0,0,0.0,1266.0,6,4,1266.0,0.0,0,0,0.0,0.0,0.0,0.0,0.0,0.0322183098591549,0.0,0.0,0.0,0.2126760563380281,0.0,0.2228873239436619,0.0,1.2924661804141215,0.4384791651822916,0.8179337598795634,,,,,22.0,,,,138.0,0.0,152.0,,,,,,2.685909090909091,,,,2.813760869565217,,2.676565789473684,,,,,,-3.823032434057522,,,,0.7550809543209376,,-4.157597145183999,
S025,R025,PUB,23,Image_016,319886,325736,5850,702,686,16,1901.903,686,319890,325731,1440.0,1080.0,4032.0,3024.0,2.7724533527696797,2.772,-0.8591684011925671,-3.549060542797505,2.8741773907434287,0.1183982532790446,2.874,zhidaoyu,2.792673920673921,2.799,5698.0,-0.7240576049552525,-0.9646302250803908,0.9772079772079773,0.0227920227920227,22,4611.0,209.5909090909091,92.0,583.0,319906.0,267.0,4150.756798631506,197.65508564911931,7,1.950212064914747,20.0,34,933.0,27.44117647058824,2.3059759992397257,0.0,0,0,0.0,0.0,0,0,0.0,0.0,0,0,0.0,0.0,0,0,0.0,0.0,0,0,0.0,0.0,0,0,0.0,0.0,0,0,0.0,0.0,0,0,0.0,442.0,2,2,442.0,0.0,0,0,0.0,943.0,5,2,943.0,0.0,0,0,0.0,0.0,0.0,0.0,0.0,0.0,0.0,0.0,0.0,0.0958577315116026,0.0,0.2045109520711342,0.0,0.9034367618985516,0.5654253281028034,0.8634777376654633,,,,,,,,,53.0,,113.0,,,,,,,,,,2.766433962264151,,2.791353982300885,,,,,,,,,,-0.9395997941441552,,-0.0472643212393828,
S025,R025,PUB,24,Image_017,325736,333102,7366,884,853,31,2343.024,851,325740,333098,1440.0,1080.0,4032.0,3024.0,2.753259694477085,2.758,-1.0212793932133497,-4.036186499652056,2.8741773907434287,0.1183982532790446,2.874,zhidaoyu,2.792673920673921,2.799,5698.0,-1.4113436554498988,-1.46480886030725,0.9649321266968326,0.0350678733031674,23,5926.0,257.6521739130435,83.0,658.0,325740.0,92.0,5173.513812830999,235.15971876504543,10,2.9219280948873623,4.0,34,1084.0,31.88235294117647,2.874174340461666,0.0,0,0,0.0,0.0,0,0,0.0,0.0,0,0,0.0,0.0,0,0,0.0,3567.0,11,3,3567.0,0.0,0,0,0.0,0.0,0,0,0.0,0.0,0,0,0.0,92.0,1,1,92.0,0.0,0,0,0.0,908.0,4,3,908.0,0.0,0,0,0.0,0.0,0.0,0.0,0.0,0.6019237259534256,0.0,0.0,0.0,0.0155248059399257,0.0,0.1532230847114411,0.0,0.8552922575220996,0.6499544120579425,0.876815560907963,,,,,427.0,,,,11.0,,109.0,,,,,,2.773149882903981,,,,2.74,,2.747532110091743,,,,,,-0.6991162708042988,,,,-1.8861464735993767,,-1.6164368581665425,
S025,R025,PUB,25,Image_018,333102,340535,7433,892,831,61,2324.083,826,333107,340532,1440.0,1080.0,3648.0,2736.0,2.8136598062954,2.8,-0.5111357876657125,-2.5748086290883885,2.8741773907434287,0.1183982532790446,2.874,zhidaoyu,2.792673920673921,2.799,5698.0,0.7514620832071434,0.0357270453733436,0.9316143497757848,0.0683856502242152,26,5416.0,208.30769230769232,75.0,425.0,333115.0,267.0,7762.509233065926,310.500369322637,11,3.095795255000934,13.0,50,1511.0,30.22,4.31250512948107,0.0,0,0,0.0,733.0,4,3,733.0,392.0,2,1,392.0,0.0,0,0,0.0,0.0,0,0,0.0,0.0,0,0,0.0,0.0,0,0,0.0,0.0,0,0,0.0,1483.0,6,2,1483.0,0.0,0,0,0.0,283.0,2,1,283.0,0.0,0,0,0.0,0.0,0.1353397341211226,0.0723781388478582,0.0,0.0,0.0,0.0,0.0,0.2738183161004431,0.0,0.0522525849335302,0.0,1.7150189682619383,0.3553928322262545,0.7802663438256658,,88.0,47.0,,,,,,141.0,,34.0,,,2.797136363636364,2.918936170212766,,,,,,2.818014184397163,,2.8174411764705884,,,0.1597910493383362,4.521195568309527,,,,,,0.9073835486359692,,0.8868652947026067,
S025,R025,PUB,26,Image_019,340535,346269,5734,688,642,46,1799.443,641,340540,346265,1439.0,1080.0,1706.0,1280.0,2.807243369734789,2.804,-0.565329463525846,-2.4356297842728005,2.8741773907434287,0.1183982532790446,2.874,zhidaoyu,2.792673920673921,2.799,5698.0,0.5217024785103611,0.1786352268667343,0.9331395348837208,0.066860465116279,21,4381.0,208.6190476190476,83.0,433.0,340540.0,383.0,5371.946439098823,268.59732195494115,5,1.9219280948873625,5.0,28,990.0,35.357142857142854,2.9857415186704763,0.0,0,0,0.0,0.0,0,0,0.0,0.0,0,0,0.0,0.0,0,0,0.0,1075.0,5,2,1075.0,0.0,0,0,0.0,0.0,0,0,0.0,0.0,0,0,0.0,0.0,0,0,0.0,0.0,0,0,0.0,641.0,3,1,641.0,0.0,0,0,0.0,0.0,0.0,0.0,0.0,0.2453777676329605,0.0,0.0,0.0,0.0,0.0,0.1463136270257932,0.0,0.9533537992156312,0.5319826832064594,0.8544094794094794,,,,,129.0,,,,0.0,,77.0,,,,,,2.764806201550388,,,,,,2.715844155844156,,,,,,-0.9978866102924142,,,,,,-2.751118355100496,
S025,R025,PUB,27,Image_020,346269,353085,6816,818,772,46,2184.272,772,346273,353082,1439.0,1080.0,1706.0,1280.0,2.829367875647668,2.822,-0.3784643257375777,-1.8093249826026456,2.8741773907434287,0.1183982532790446,2.874,zhidaoyu,2.792673920673921,2.799,5698.0,1.3139362494885327,0.8217220435870001,0.9437652811735942,0.0562347188264058,26,5075.0,195.19230769230768,75.0,333.0,346298.0,333.0,6756.047350451615,270.2418940180646,10,2.1709505944546685,29.0,47,1302.0,27.70212765957447,3.7550283319152,1725.0,8,4,1725.0,0.0,0,0,0.0,0.0,0,0,0.0,0.0,0,0,0.0,0.0,0,0,0.0,0.0,0,0,0.0,0.0,0,0,0.0,1033.0,6,2,1033.0,4042.0,20,3,4042.0,0.0,0,0,0.0,0.0,0,0,0.0,0.0,0,0,0.0,0.3399014778325123,0.0,0.0,0.0,0.0,0.0,0.0,0.2035467980295566,0.7964532019704433,0.0,0.0,0.0,1.3610972602988527,0.4407542820069203,0.82375,207.0,,,,,,,124.0,456.0,,,,2.823314009661836,,,,,,,2.8188306451612903,2.82959649122807,,,,1.0971595631372986,,,,,,,0.9366193558701412,1.3221225106452572,,,
S025,R025,PUB,28,Image_021,353085,361018,7933,952,920,32,2600.237,916,353090,361015,1440.0,1080.0,4032.0,3024.0,2.838686681222708,2.847,-0.2997570364241396,-0.9394572025052238,2.8741773907434287,0.1183982532790446,2.874,zhidaoyu,2.792673920673921,2.799,5698.0,1.6476238134412446,1.7148981779206878,0.9663865546218487,0.0336134453781512,24,6416.0,267.3333333333333,67.0,642.0,353090.0,250.0,5002.137256669739,217.48422855085823,15,2.472905595320056,5.0,37,1067.0,28.83783783783784,2.7789651425942994,0.0,0,0,0.0,0.0,0,0,0.0,0.0,0,0,0.0,1517.0,5,4,1517.0,0.0,0,0,0.0,0.0,0,0,0.0,0.0,0,0,0.0,0.0,0,0,0.0,3466.0,13,7,3466.0,0.0,0,0,0.0,0.0,0,0,0.0,0.0,0,0,0.0,0.0,0.0,0.0,0.2364401496259351,0.0,0.0,0.0,0.0,0.5402119700748129,0.0,0.0,0.0,0.8866449289637055,0.5764912764406407,0.8659274867884139,,,,182.0,,,,0.0,410.0,,,,,,,2.7624450549450548,,,,,2.868651219512195,,,,,,,-1.0824344906537215,,,,,2.720593273558391,,,
S025,R025,PUB,29,Image_022,361018,367318,6300,756,725,31,2081.158,724,361024,367315,1620.0,1080.0,5472.0,3648.0,2.874527624309392,2.8705,0.0029580974065393,-0.1217814892136493,2.8741773907434287,0.1183982532790446,2.874,zhidaoyu,2.792673920673921,2.799,5698.0,2.93101543397228,2.5544837441943518,0.958994708994709,0.041005291005291,23,5210.0,226.5217391304348,100.0,400.0,361024.0,150.0,5514.213287044852,250.64605850203876,10,2.4464393446710155,6.0,32,1025.0,32.03125,2.83216221514032,0.0,0,0,0.0,0.0,0,0,0.0,0.0,0,0,0.0,0.0,0,0,0.0,0.0,0,0,0.0,0.0,0,0,0.0,0.0,0,0,0.0,742.0,4,3,742.0,2667.0,10,4,2667.0,0.0,0,0,0.0,0.0,0,0,0.0,0.0,0,0,0.0,0.0,0.0,0.0,0.0,0.0,0.0,0.0,0.1424184261036468,0.5119001919385796,0.0,0.0,0.0,0.7558700634814083,0.6594327251875245,0.8803901437371663,,,,,,,,75.0,294.0,,,,,,,,,,,2.89784,2.901931972789116,,,,,,,,,,,3.7657844171331214,3.912309679492729,,,
S025,R025,PUB,30,Image_024,367318,373951,6633,796,768,28,2081.281,767,367324,373949,1440.0,1080.0,4032.0,3024.0,2.713534550195567,2.707,-1.3568007643597049,-5.810716771050809,2.8741773907434287,0.1183982532790446,2.874,zhidaoyu,2.792673920673921,2.799,5698.0,-2.8338206581331247,-3.2868881743479843,0.964824120603015,0.0351758793969849,24,5308.0,221.16666666666663,75.0,408.0,367324.0,333.0,4507.502020970611,195.97834873785263,14,3.378783493486176,6.0,32,1061.0,33.15625,2.504167789428117,0.0,0,0,0.0,0.0,0,0,0.0,0.0,0,0,0.0,0.0,0,0,0.0,566.0,3,3,566.0,317.0,1,1,317.0,0.0,0,0,0.0,1299.0,7,2,1299.0,1975.0,9,4,1975.0,0.0,0,0,0.0,0.0,0,0,0.0,333.0,1,1,333.0,0.0,0.0,0.0,0.0,0.1066314996232102,0.0597211755840241,0.0,0.2447249434815373,0.3720798794272796,0.0,0.0,0.0627354935945742,1.9638284086811983,0.3035580180653866,0.742279138827023,,,,,68.0,38.0,,156.0,236.0,,,26.0,,,,,2.670044117647058,2.579815789473684,,2.729346153846154,2.698042372881356,,,3.010884615384616,,,,,-4.391125011733181,-7.6220187979866365,,-2.267639138209328,-3.3885641675533864,,,7.813683262313587
S025,R025,PUB,31,Image_025,373951,381651,7700,924,870,54,2437.932,852,373957,381649,1620.0,1080.0,5472.0,3648.0,2.861422535211268,2.876,-0.1077284096590495,0.0695894224077863,2.8741773907434287,0.1183982532790446,2.874,zhidaoyu,2.792673920673921,2.799,5698.0,2.4617487214818405,2.750982493747766,0.9415584415584416,0.0584415584415584,25,5633.0,225.32,92.0,383.0,373957.0,225.0,8404.257671545452,350.17740298106054,15,2.206238928653389,6.0,39,1553.0,39.82051282051282,4.316521647716342,0.0,0,0,0.0,0.0,0,0,0.0,0.0,0,0,0.0,0.0,0,0,0.0,0.0,0,0,0.0,0.0,0,0,0.0,0.0,0,0,0.0,2100.0,8,7,2100.0,1567.0,8,5,1567.0,0.0,0,0,0.0,0.0,0,0,0.0,0.0,0,0,0.0,0.0,0.0,0.0,0.0,0.0,0.0,0.0,0.3728031244452334,0.2781821409550861,0.0,0.0,0.0,0.9847061549683194,0.5105633726879132,0.8454458685574039,,,,,,,,252.0,162.0,,,0.0,,,,,,,,2.8791269841269846,2.868734567901235,,,,,,,,,,,3.095709198738146,2.7235778106510637,,,
S026,R026,PUB,1,Image_001,89449,107699,18250,2190,2190,0,7349.291,2189,89451,107693,1440.0,1080.0,4032.0,3024.0,3.357373686614893,3.318,-0.1518632579271411,-2.181603773584901,3.391854556253487,0.2270520869184637,3.392,zhidaoyu,3.4577978421351503,3.254,3522.0,-2.904280704225515,1.966810079901661,1.0,0.0,56,16184.0,289.0,83.0,1208.0,89451.0,325.0,13793.576257838502,250.79229559706368,15,2.3329145639793976,2.0,66,2110.0,31.96969696969697,7.66309792102139,0.0,0,0,0.0,0.0,0,0,0.0,0.0,0,0,0.0,0.0,0,0,0.0,0.0,0,0,0.0,0.0,0,0,0.0,0.0,0,0,0.0,0.0,0,0,0.0,1600.0,8,5,1600.0,0.0,0,0,0.0,1100.0,6,2,1100.0,208.0,1,1,208.0,0.0,0.0,0.0,0.0,0.0,0.0,0.0,0.0,0.0988630746416213,0.0,0.0679683638161146,0.0128521997034107,1.2769676906919014,0.450928898887289,0.8297799174690509,,,,,0.0,,,0.0,191.0,,132.0,25.0,,,,,,,,,3.362471204188481,,3.208454545454545,3.26628,,,,,,,,,-2.756859778933917,,-7.211043214910402,-5.538722935198842
S026,R026,PUB,2,Image_012,107699,132115,24416,2930,2930,0,9518.415,2929,107701,132110,1440.0,1080.0,4032.0,3024.0,3.249714919767839,3.263,-0.6260221538359676,-3.8030660377358494,3.391854556253487,0.2270520869184637,3.392,zhidaoyu,3.4577978421351503,3.254,3522.0,-6.017787385708537,0.2765826674861676,1.0,0.0,81,21596.0,266.61728395061726,67.0,875.0,107701.0,442.0,20837.2613672561,260.4657670907012,36,3.3991303913907998,2.0,93,3068.0,32.98924731182796,11.576256315142276,0.0,0,0,0.0,0.0,0,0,0.0,0.0,0,0,0.0,0.0,0,0,0.0,4000.0,13,8,4000.0,0.0,0,0,0.0,0.0,0,0,0.0,0.0,0,0,0.0,1176.0,5,4,1176.0,525.0,2,2,525.0,3917.0,12,7,3917.0,0.0,0,0,0.0,0.0,0.0,0.0,0.0,0.1852194850898314,0.0,0.0,0.0,0.0544545286164104,0.0243100574180403,0.1813761807742174,0.0,1.6539138765759989,0.3567500174367212,0.7807409717890067,,,,,480.0,,,,141.0,63.0,470.0,,,,,,3.23269375,,,,3.255262411347518,3.2669206349206346,3.293810638297872,,,,,,-6.51004200974777,,,,-5.857353148863355,-5.520195683176529,-4.742533002913151,
S026,R026,PUB,3,Image_023,132115,155865,23750,2850,2814,36,9868.24,2812,132118,155860,1440.0,1080.0,960.0,720.0,3.5093314366998576,3.497,0.5174005755276644,3.095518867924528,3.391854556253487,0.2270520869184637,3.392,zhidaoyu,3.4577978421351503,3.254,3522.0,1.490358803997804,7.46773202212661,0.9873684210526316,0.0126315789473684,78,20409.0,261.65384615384613,67.0,783.0,132118.0,325.0,19442.653545032143,252.5019940913265,5,2.321928094887362,3.0,93,3078.0,33.096774193548384,10.801474191684523,0.0,0,0,0.0,0.0,0,0,0.0,0.0,0,0,0.0,0.0,0,0,0.0,0.0,0,0,0.0,0.0,0,0,0.0,0.0,0,0,0.0,292.0,1,1,292.0,225.0,1,1,225.0,0.0,0,0,0.0,0.0,0,0,0.0,500.0,1,1,500.0,0.0,0.0,0.0,0.0,0.0,0.0,0.0,0.0143074133960507,0.0110245479935322,0.0,0.0,0.0244989955411828,1.501980383181156,0.3730959141980626,0.7950671910848902,,,,,,,,35.0,27.0,0.0,,60.0,,,,,,,,3.7396,3.802222222222222,,,3.658583333333333,,,,,,,,8.149758046318865,9.960801521999723,,,5.806744649773974
S026,R026,PUB,4,Image_026,155865,179064,23199,2784,2750,34,9598.907,2747,155869,179061,1439.0,1080.0,1706.0,1280.0,3.494323625773571,3.475,0.4513020378309982,2.4469339622641564,3.391854556253487,0.2270520869184637,3.392,zhidaoyu,3.4577978421351503,3.254,3522.0,1.0563308008737222,6.791641057160421,0.9877873563218392,0.0122126436781609,67,20357.0,303.8358208955224,67.0,1133.0,155869.0,617.0,18410.307171535584,278.9440480535695,10,2.1709505944546685,4.0,82,2752.0,33.5609756097561,10.23249563574426,0.0,0,0,0.0,0.0,0,0,0.0,0.0,0,0,0.0,0.0,0,0,0.0,0.0,0,0,0.0,0.0,0,0,0.0,0.0,0,0,0.0,2750.0,12,3,2750.0,1341.0,4,3,1341.0,0.0,0,0,0.0,0.0,0,0,0.0,0.0,0,0,0.0,0.0,0.0,0.0,0.0,0.0,0.0,0.0,0.1350886672888932,0.0658741464852385,0.0,0.0,0.0,0.9126552878017088,0.5593106975199568,0.8620345473804286,,,,,0.0,,,330.0,161.0,,,,,,,,,,,3.463806060606061,3.609782608695652,,,,,,,,,,,0.1737585233496547,4.395420828496225,,,
S026,R026,PUB,5,Image_027,179064,196097,17033,2044,2044,0,7625.759,2037,179069,196094,810.0,1080.0,1280.0,1706.0,3.7436224840451646,3.773,1.549282953378007,11.232311320754723,3.391854556253487,0.2270520869184637,3.392,zhidaoyu,3.4577978421351503,3.254,3522.0,8.266088850744406,15.949600491702522,1.0,0.0,37,15691.0,424.0810810810811,75.0,1825.0,179069.0,467.0,10257.80094227333,284.93891506314804,13,2.038159681645953,5.0,48,1513.0,31.52083333333333,7.598371068350615,0.0,0,0,0.0,0.0,0,0,0.0,8459.0,18,6,8459.0,0.0,0,0,0.0,0.0,0,0,0.0,0.0,0,0,0.0,0.0,0,0,0.0,309.0,2,2,309.0,0.0,0,0,0.0,0.0,0,0,0.0,0.0,0,0,0.0,0.0,0,0,0.0,0.0,0.0,0.5390988464725002,0.0,0.0,0.0,0.0,0.0196928175387164,0.0,0.0,0.0,0.0,0.220033462517502,0.9320003906458124,0.9107930352798054,,,957.0,,,,,37.0,0.0,,,,,,3.655937304075235,,,,,3.524,,,,,,,5.730221111415116,,,,,1.9145757180521064,,,,
S026,R026,PUB,6,Image_028,196097,211080,14983,1798,1755,43,5735.673,1753,196102,211078,1620.0,1080.0,5472.0,3648.0,3.2719184255561893,3.224,-0.528231791766653,-4.952830188679236,3.391854556253487,0.2270520869184637,3.392,zhidaoyu,3.4577978421351503,3.254,3522.0,-5.375658874961372,-0.9219422249538968,0.9760845383759732,0.0239154616240266,49,12077.0,246.46938775510205,67.0,1483.0,196102.0,925.0,14955.063066995022,311.56381389572965,27,3.1760285953823324,5.0,91,2614.0,28.725274725274726,7.681089275761866,3618.0,10,6,3618.0,0.0,0,0,0.0,0.0,0,0,0.0,0.0,0,0,0.0,0.0,0,0,0.0,0.0,0,0,0.0,0.0,0,0,0.0,5434.0,18,7,5434.0,2576.0,12,7,2576.0,0.0,0,0,0.0,0.0,0,0,0.0,0.0,0,0,0.0,0.2995777096961166,0.0,0.0,0.0,0.0,0.0,0.0,0.4499461786867599,0.2132980044713091,0.0,0.0,0.0,1.518669801953823,0.3642771697179707,0.7909643389519551,434.0,,,,,,,652.0,275.0,,,,3.2369562211981564,,,,,,,3.228388036809816,3.2444436363636364,,,,-6.386770743098929,,,,,,,-6.634563840888872,-6.170233643264989,,,
S026,R026,PUB,7,Image_029,211080,226163,15083,1810,1753,56,6214.209,1750,211086,226161,1620.0,1080.0,6000.0,4000.0,3.5509765714285715,3.583,0.70081723244511,5.630896226415103,3.391854556253487,0.2270520869184637,3.392,zhidaoyu,3.4577978421351503,3.254,3522.0,2.69474195853753,10.110633066994474,0.9685082872928176,0.030939226519337,49,12350.0,252.0408163265306,83.0,692.0,211086.0,333.0,20049.91911614166,417.70664825295125,19,3.300559092390953,6.0,58,2185.0,37.672413793103445,10.29786487779977,0.0,0,0,0.0,0.0,0,0,0.0,0.0,0,0,0.0,0.0,0,0,0.0,958.0,4,2,958.0,0.0,0,0,0.0,0.0,0,0,0.0,2491.0,9,3,2491.0,125.0,1,1,125.0,0.0,0,0,0.0,3225.0,13,6,3225.0,0.0,0,0,0.0,0.0,0.0,0.0,0.0,0.0775708502024291,0.0,0.0,0.2017004048582996,0.0101214574898785,0.0,0.2611336032388664,0.0,1.5454888758018552,0.3794172728264093,0.7994435456194539,,,,,115.0,,,299.0,15.0,,387.0,,,,,,3.3149652173913045,,,3.547846153846154,3.6666,,3.564886304909561,,,,,,-4.13073959973462,,,2.604209841700861,6.038587777471602,,3.0970134074780087,
S026,R026,PUB,8,Image_030,226163,245513,19350,2322,2304,18,7401.803,2301,226169,245511,1920.0,1079.0,2275.0,1279.0,3.2167766188613647,3.194,-0.7710915137062557,-5.837264150943395,3.391854556253487,0.2270520869184637,3.392,zhidaoyu,3.4577978421351503,3.254,3522.0,-6.970367681326269,-1.8438844499078075,0.992248062015504,0.0077519379844961,64,16548.0,258.5625,83.0,658.0,226169.0,83.0,21393.880697366138,339.5854078947006,14,2.8423709931771084,6.0,73,2714.0,37.17808219178082,9.713818912420804,258.0,1,1,258.0,0.0,0,0,0.0,0.0,0,0,0.0,0.0,0,0,0.0,0.0,0,0,0.0,1050.0,4,3,1050.0,0.0,0,0,0.0,1174.0,3,3,1174.0,733.0,3,2,733.0,0.0,0,0,0.0,0.0,0,0,0.0,0.0,0,0,0.0,0.0155910079767947,0.0,0.0,0.0,0.0,0.0634517766497461,0.0,0.0709451293207638,0.0442953831278704,0.0,0.0,0.0,1.8363377082826051,0.2984289718925429,0.7461119751166407,31.0,,,,,126.0,,141.0,88.0,,,,3.1878709677419352,,,,,3.028301587301588,,3.1660070921985817,3.1297613636363635,,,,-7.806323177833274,,,,,-12.421092106655768,,-8.438629534119645,-9.48686110279449,,,
S026,R026,PUB,9,Image_031,245513,270162,24649,2958,2958,0,10479.978,2947,245520,270161,1621.0,1080.0,2731.0,1820.0,3.5561513403461142,3.556,0.7236083416913379,4.834905660377363,3.391854556253487,0.2270520869184637,3.392,zhidaoyu,3.4577978421351503,3.254,3522.0,2.844397003563164,9.280885064535957,1.0,0.0,74,22268.0,300.9189189189189,92.0,1025.0,245520.0,658.0,29154.56752556952,399.3776373365688,22,2.482888734302568,7.0,75,3094.0,41.25333333333333,14.967718049969058,0.0,0,0,0.0,0.0,0,0,0.0,2168.0,6,5,2168.0,0.0,0,0,0.0,0.0,0,0,0.0,0.0,0,0,0.0,0.0,0,0,0.0,0.0,0,0,0.0,1635.0,7,6,1635.0,258.0,1,1,258.0,0.0,0,0,0.0,0.0,0,0,0.0,0.0,0.0,0.0973594395545176,0.0,0.0,0.0,0.0,0.0,0.0734237470810131,0.0115861325669121,0.0,0.0,1.2644616541098477,0.4511362398139042,0.8283879175900846,,,216.0,,,,,,191.0,31.0,,,,,3.671967592592592,,,,,,3.5727277486910998,3.5911290322580647,,,,,6.193819310304002,,,,,,3.323789064689252,3.855956773938638,,
S026,R026,PUB,10,Image_002,270162,287945,17783,2134,2058,76,7403.756,2053,270170,287945,810.0,1080.0,3072.0,4096.0,3.606310764734535,3.604,0.9445242780704356,6.250000000000005,3.391854556253487,0.2270520869184637,3.392,zhidaoyu,3.4577978421351503,3.254,3522.0,4.295014612759421,10.755992624462204,0.9643861293345828,0.035613870665417,57,15631.0,274.2280701754386,92.0,592.0,270170.0,592.0,10570.724110949352,188.76293055266703,22,2.430832051224084,8.0,61,1866.0,30.59016393442623,7.830166008110632,0.0,0,0,0.0,0.0,0,0,0.0,0.0,0,0,0.0,0.0,0,0,0.0,0.0,0,0,0.0,0.0,0,0,0.0,0.0,0,0,0.0,0.0,0,0,0.0,0.0,0,0,0.0,2925.0,9,6,2925.0,4566.0,17,8,4566.0,0.0,0,0,0.0,0.0,0.0,0.0,0.0,0.0,0.0,0.0,0.0,0.0,0.1871281427931674,0.2921118290576419,0.0,0.9651012625828196,0.5239942717003295,0.8515885729542118,,,,,,,,,0.0,321.0,517.0,,,,,,,,,,,3.607292834890966,3.609183752417795,,,,,,,,,,,4.323416219830369,4.378101820700011,
S026,R026,PUB,11,Image_003,287945,315695,27750,3329,3300,29,11617.698,3299,287953,315687,1620.0,1080.0,5472.0,3648.0,3.521581691421643,3.512,0.5713540753084635,3.5377358490566078,3.391854556253487,0.2270520869184637,3.392,zhidaoyu,3.4577978421351503,3.254,3522.0,1.844637893784641,7.928703134603565,0.9912886752778612,0.0087113247221387,84,24511.0,291.79761904761904,133.0,933.0,287953.0,492.0,29478.5459040396,355.1632036631277,37,3.26577371803723,8.0,86,3619.0,42.08139534883721,15.140514071671474,0.0,0,0,0.0,0.0,0,0,0.0,0.0,0,0,0.0,0.0,0,0,0.0,542.0,2,2,542.0,0.0,0,0,0.0,0.0,0,0,0.0,1467.0,5,5,1467.0,1150.0,6,5,1150.0,0.0,0,0,0.0,0.0,0,0,0.0,4735.0,12,10,4735.0,0.0,0.0,0.0,0.0,0.0221125209089796,0.0,0.0,0.0598506792868508,0.0469177104157317,0.0,0.0,0.1931785728856432,1.5636881346471414,0.4202596296032642,0.8028038172451651,,,,,65.0,,,176.0,138.0,,,540.0,,,,,3.3908615384615386,,,3.5253125,3.5510579710144925,,,3.625116666666667,,,,,-1.9358073181131752,,,1.952533402680368,2.6970960460127755,,,4.838883942046746
S026,R026,PUB,12,Image_004,315695,332328,16633,1996,1978,18,7222.849,1977,315695,332320,1439.0,1080.0,1706.0,1280.0,3.653439049064239,3.675,1.1520902377994393,8.343160377358489,3.391854556253487,0.2270520869184637,3.392,zhidaoyu,3.4577978421351503,3.254,3522.0,5.657971225069726,12.9379225568531,0.9909819639278558,0.0090180360721442,55,14810.0,269.27272727272725,67.0,933.0,315695.0,933.0,16444.55187554997,304.52873843611053,24,2.752705481927944,0.0,66,2133.0,32.31818181818182,9.13992383345443,0.0,0,0,0.0,0.0,0,0,0.0,5525.0,18,8,5525.0,0.0,0,0,0.0,534.0,2,1,534.0,0.0,0,0,0.0,0.0,0,0,0.0,0.0,0,0,0.0,2550.0,11,7,2550.0,0.0,0,0,0.0,0.0,0,0,0.0,0.0,0,0,0.0,0.0,0.0,0.3730587440918298,0.0,0.0360567184334908,0.0,0.0,0.0,0.1721809588116137,0.0,0.0,0.0,1.1793780503508255,0.5034519450958843,0.846623688388121,,,607.0,,64.0,,,0.0,306.0,,,,,,3.6435848434925866,,3.489734375,,,,3.715754901960784,,,,,,5.372986213754908,,0.9236090229360864,,,,7.4601544567552995,,,
S026,R026,PUB,13,Image_005,332328,348961,16633,1996,1981,15,6881.278,1976,332329,348954,1920.0,1080.0,960.0,540.0,3.482428137651822,3.5115,0.398911027983022,3.5229952830188664,3.391854556253487,0.2270520869184637,3.392,zhidaoyu,3.4577978421351503,3.254,3522.0,0.712311611064654,7.913337430854328,0.9924849699398798,0.0075150300601202,57,13852.0,243.01754385964912,67.0,758.0,332329.0,292.0,18290.639442725136,326.6185614772345,11,2.913977073182752,1.0,71,2562.0,36.08450704225352,8.30295515450241,0.0,0,0,0.0,0.0,0,0,0.0,0.0,0,0,0.0,0.0,0,0,0.0,0.0,0,0,0.0,0.0,0,0,0.0,150.0,1,1,150.0,734.0,4,3,734.0,0.0,0,0,0.0,0.0,0,0,0.0,0.0,0,0,0.0,1050.0,4,3,1050.0,0.0,0.0,0.0,0.0,0.0,0.0,0.0108287611897198,0.0529887380883626,0.0,0.0,0.0,0.0758013283280392,1.2949738859181754,0.4448122050414452,0.827559462254395,,,,,0.0,,18.0,87.0,,,,126.0,,,,,,,3.565333333333333,3.56232183908046,,,,3.529777777777778,,,,,,,3.109941532376601,3.022848694959188,,,,2.081669864140491
S026,R026,PUB,14,Image_006,348961,369210,20249,2430,2409,20,8437.6,2407,348962,369204,1439.0,1080.0,1706.0,1280.0,3.5054424594931444,3.524,0.5002724475307181,3.891509433962268,3.391854556253487,0.2270520869184637,3.392,zhidaoyu,3.4577978421351503,3.254,3522.0,1.3778890361205756,8.297480024585127,0.991358024691358,0.0082304526748971,67,17519.0,261.4776119402985,67.0,750.0,348962.0,400.0,16953.980098527943,256.87848634133246,14,1.5916727785823277,1.0,82,2615.0,31.890243902439025,9.423065337818167,0.0,0,0,0.0,0.0,0,0,0.0,0.0,0,0,0.0,0.0,0,0,0.0,0.0,0,0,0.0,0.0,0,0,0.0,0.0,0,0,0.0,0.0,0,0,0.0,500.0,2,1,500.0,0.0,0,0,0.0,4501.0,13,6,4501.0,0.0,0,0,0.0,0.0,0.0,0.0,0.0,0.0,0.0,0.0,0.0,0.0285404418060391,0.0,0.2569210571379645,0.0,0.4689322045615201,0.8200319944009598,0.9000033326668,,,,,0.0,,,,60.0,,538.0,,,,,,,,,,3.5227,,3.53278624535316,,,,,,,,,,1.8769795351822336,,2.168675169619084,
S026,R026,PUB,15,Image_007,369210,388077,18867,2264,2264,0,7635.08,2261,369212,388071,1439.0,1080.0,1706.0,1280.0,3.376859796550199,3.379,-0.0660410565117278,-0.3832547169811292,3.391854556253487,0.2270520869184637,3.392,zhidaoyu,3.4577978421351503,3.254,3522.0,-2.340739663802115,3.8414259373079287,1.0,0.0,65,16426.0,252.7076923076923,67.0,1625.0,369212.0,242.0,16747.733379610574,261.6833340564152,0,0.0,2.0,74,2387.0,32.25675675675676,9.308432885923422,0.0,0,0,0.0,0.0,0,0,0.0,0.0,0,0,0.0,0.0,0,0,0.0,0.0,0,0,0.0,0.0,0,0,0.0,0.0,0,0,0.0,0.0,0,0,0.0,0.0,0,0,0.0,0.0,0,0,0.0,0.0,0,0,0.0,0.0,0,0,0.0,0.0,0.0,0.0,0.0,0.0,0.0,0.0,0.0,0.0,0.0,0.0,0.0,0.0,0.0,0.0,0.0,,,,,,,0.0,0.0,,,,,,,,,,,,,,,,,,,,,,,,,,,
S026,R026,PUB,16,Image_008,388077,402943,14866,1784,1784,0,5804.479,1782,388079,402938,1440.0,1080.0,4096.0,3072.0,3.257283389450056,3.236,-0.5926885263633667,-4.599056603773576,3.391854556253487,0.2270520869184637,3.392,zhidaoyu,3.4577978421351503,3.254,3522.0,-5.798906177848703,-0.5531653349723353,1.0,0.0,50,12641.0,252.82,67.0,950.0,388079.0,317.0,18572.871547232007,379.03819484146953,14,1.0,2.0,62,2244.0,36.193548387096776,10.318261970684448,0.0,0,0,0.0,0.0,0,0,0.0,0.0,0,0,0.0,0.0,0,0,0.0,0.0,0,0,0.0,0.0,0,0,0.0,0.0,0,0,0.0,0.0,0,0,0.0,0.0,0,0,0.0,0.0,0,0,0.0,3251.0,13,7,3251.0,0.0,0,0,0.0,0.0,0.0,0.0,0.0,0.0,0.0,0.0,0.0,0.0,0.0,0.2571790206471007,0.0,-0.0,1.0,0.9166666666666666,,,,,,,,,0.0,,390.0,,,,,,,,,,,,3.35858717948718,,,,,,,,,,,,-2.8691863196579783,
S026,R026,PUB,17,Image_009,402943,416693,13750,1650,1647,3,5261.176,1646,402946,416688,1440.0,1080.0,4032.0,3024.0,3.1963402187120287,3.2,-0.8610990552651002,-5.660377358490558,3.391854556253487,0.2270520869184637,3.392,zhidaoyu,3.4577978421351503,3.254,3522.0,-7.561391248415915,-1.6594960049170198,0.9981818181818182,0.0018181818181818,50,11125.0,222.5,67.0,558.0,402946.0,358.0,14455.572572097944,295.011685144856,16,2.4237949406953985,3.0,72,2236.0,31.05555555555556,8.030873651165525,0.0,0,0,0.0,0.0,0,0,0.0,0.0,0,0,0.0,0.0,0,0,0.0,0.0,0,0,0.0,0.0,0,0,0.0,0.0,0,0,0.0,459.0,2,2,459.0,142.0,1,1,142.0,0.0,0,0,0.0,0.0,0,0,0.0,3442.0,10,6,3442.0,0.0,0.0,0.0,0.0,0.0,0.0,0.0,0.0412584269662921,0.0127640449438202,0.0,0.0,0.3093932584269663,0.7237113748462722,0.7389159779953919,0.8860375958446698,,,,,0.0,,,55.0,17.0,,,385.0,,,,,,,,3.1714,3.269294117647059,,,3.231387012987013,,,,,,,,-8.282665881886928,-5.4515542288525545,,,-6.54783302798093
S026,R026,PUB,18,Image_010,416693,425709,9016,1082,1060,19,3264.947,1054,416696,425705,1440.0,1080.0,1600.0,1200.0,3.097672675521822,3.124,-1.295658122875165,-7.900943396226409,3.391854556253487,0.2270520869184637,3.392,zhidaoyu,3.4577978421351503,3.254,3522.0,-10.414870476955224,-3.9950829748002414,0.9796672828096118,0.0175600739371534,28,7041.0,251.4642857142857,108.0,617.0,416696.0,408.0,9242.93505225736,342.3309278613837,12,2.625814583693911,3.0,43,1592.0,37.02325581395349,5.134963917920756,0.0,0,0,0.0,0.0,0,0,0.0,0.0,0,0,0.0,0.0,0,0,0.0,0.0,0,0,0.0,0.0,0,0,0.0,0.0,0,0,0.0,158.0,1,1,158.0,659.0,3,2,659.0,2409.0,8,4,2409.0,0.0,0,0,0.0,0.0,0,0,0.0,0.0,0.0,0.0,0.0,0.0,0.0,0.0,0.0224399943189887,0.0935946598494532,0.3421389007243289,0.0,0.0,0.9958298887666892,0.6017565356493985,0.8662946889853276,,,,,,,,19.0,79.0,289.0,0.0,,,,,,,,,3.286578947368421,3.149886075949367,3.123048442906574,,,,,,,,,,-4.951674521868623,-8.904851591776433,-9.680999714600796,,
S026,R026,PUB,19,Image_011,425709,444042,18333,2200,2181,19,7651.312,2180,425713,444038,1440.0,1080.0,960.0,720.0,3.5097761467889907,3.523,0.5193592013882268,3.8620283018868,3.391854556253487,0.2270520869184637,3.392,zhidaoyu,3.4577978421351503,3.254,3522.0,1.503219882332521,8.266748617086666,0.9913636363636364,0.0086363636363636,65,14833.0,228.2,75.0,692.0,425755.0,208.0,23062.355063430376,360.3492978660996,10,2.3709505944546687,46.0,80,3038.0,37.975,12.81241947968354,0.0,0,0,0.0,0.0,0,0,0.0,0.0,0,0,0.0,0.0,0,0,0.0,0.0,0,0,0.0,0.0,0,0,0.0,0.0,0,0,0.0,100.0,1,1,100.0,517.0,3,3,517.0,0.0,0,0,0.0,0.0,0,0,0.0,175.0,1,1,175.0,0.0,0.0,0.0,0.0,0.0,0.0,0.0,0.0067417245331355,0.0348547158363109,0.0,0.0,0.0117980179329872,1.259917040911742,0.4908842209978573,0.8377525252525253,,,,,,,,12.0,62.0,,,21.0,,,,,,,,3.331666666666667,3.573306451612904,,,3.123380952380952,,,,,,,,-3.647731337312616,3.3405252345934744,,,-9.671383493827962
S026,R026,PUB,20,Image_013,444042,454309,10267,1232,1232,0,3980.623,1232,444047,454305,1920.0,1080.0,3840.0,2160.0,3.2310251623376627,3.24,-0.7083369992259956,-4.481132075471689,3.391854556253487,0.2270520869184637,3.392,zhidaoyu,3.4577978421351503,3.254,3522.0,-6.558297799661361,-0.4302397049784816,1.0,0.0,37,9025.0,243.9189189189189,83.0,508.0,444055.0,233.0,14911.855563863834,414.21821010732873,13,2.815072410115944,13.0,37,1585.0,42.83783783783784,6.769171105519958,0.0,0,0,0.0,0.0,0,0,0.0,0.0,0,0,0.0,0.0,0,0,0.0,833.0,3,3,833.0,0.0,0,0,0.0,0.0,0,0,0.0,442.0,1,1,442.0,775.0,3,3,775.0,0.0,0,0,0.0,0.0,0,0,0.0,400.0,2,2,400.0,0.0,0.0,0.0,0.0,0.0922991689750692,0.0,0.0,0.0489750692520775,0.0858725761772853,0.0,0.0,0.0443213296398892,1.927057486259058,0.2748651395251978,0.7221768707482993,,,,,100.0,,,53.0,93.0,,0.0,48.0,,,,,3.2596100000000003,,,3.0854339622641507,3.2214516129032256,,,3.1142291666666666,,,,,-5.731620273462004,,,-10.768815785976347,-6.835166196008256,,,-9.936054424058929
S026,R026,PUB,21,Image_014,454309,464342,10033,1204,1147,56,3648.532,1139,454313,464338,1440.0,1080.0,4032.0,3024.0,3.203276558384548,3.182,-0.830549502663937,-6.191037735849056,3.391854556253487,0.2270520869184637,3.392,zhidaoyu,3.4577978421351503,3.254,3522.0,-7.360791329357709,-2.212661339889369,0.95265780730897,0.0465116279069767,29,8426.0,290.55172413793105,108.0,683.0,454313.0,508.0,10766.268484747685,384.5095887409888,12,3.0220552088742,4.0,36,1403.0,38.97222222222222,5.981260269304269,0.0,0,0,0.0,0.0,0,0,0.0,1225.0,3,2,1225.0,0.0,0,0,0.0,1158.0,2,1,1158.0,1433.0,5,3,1433.0,0.0,0,0,0.0,0.0,0,0,0.0,242.0,1,1,242.0,0.0,0,0,0.0,0.0,0,0,0.0,0.0,0,0,0.0,0.0,0.0,0.1453833372893425,0.0,0.1374317588416805,0.1700688345596961,0.0,0.0,0.0287206266318537,0.0,0.0,0.0,1.8107741139250149,0.3008157225406567,0.741416132741909,,,126.0,,139.0,172.0,,0.0,29.0,,,,,,3.187920634920635,,3.3726402877697845,3.038354651162791,,,2.996862068965517,,,,,,-7.804886796038643,,-2.462768451286381,-12.130356085633917,,,-13.330327399504949,,,
S026,R026,PUB,22,Image_015,464342,476525,12183,1462,1441,21,4578.04,1439,464347,476522,1440.0,1080.0,4032.0,3024.0,3.181403752605977,3.172,-0.9268833707002428,-6.485849056603767,3.391854556253487,0.2270520869184637,3.392,zhidaoyu,3.4577978421351503,3.254,3522.0,-7.993355949302781,-2.519975414873997,0.9856361149110808,0.0143638850889192,41,10402.0,253.70731707317077,92.0,475.0,464347.0,475.0,17413.310031860747,435.33275079651867,12,2.0,5.0,45,1819.0,40.422222222222224,9.674061128811529,0.0,0,0,0.0,0.0,0,0,0.0,0.0,0,0,0.0,0.0,0,0,0.0,0.0,0,0,0.0,0.0,0,0,0.0,0.0,0,0,0.0,0.0,0,0,0.0,992.0,4,3,992.0,0.0,0,0,0.0,1984.0,7,3,1984.0,0.0,0,0,0.0,0.0,0.0,0.0,0.0,0.0,0.0,0.0,0.0,0.0953662757162084,0.0,0.1907325514324168,0.0,0.9182958340544896,0.5555555555555556,0.8611111111111112,,,,,0.0,,,,119.0,0.0,238.0,,,,,,,,,,3.203546218487394,,3.220420168067227,,,,,,,,,,-7.352992721250535,,-6.864995725757791,
S026,R026,PUB,23,Image_016,476525,488608,12083,1450,1430,20,4532.918,1409,476530,488605,1440.0,1080.0,4032.0,3024.0,3.2171171043293114,3.235,-0.7695919218171531,-4.628537735849057,3.391854556253487,0.2270520869184637,3.392,zhidaoyu,3.4577978421351503,3.254,3522.0,-6.96052079369745,-0.5838967424708091,0.986206896551724,0.0137931034482758,41,9444.0,230.34146341463412,75.0,692.0,476672.0,117.0,14349.67372557125,358.7418431392813,7,0.9852281360342516,147.0,58,2046.0,35.27586206896552,7.972040958650695,0.0,0,0,0.0,0.0,0,0,0.0,0.0,0,0,0.0,0.0,0,0,0.0,0.0,0,0,0.0,0.0,0,0,0.0,0.0,0,0,0.0,0.0,0,0,0.0,0.0,0,0,0.0,0.0,0,0,0.0,1934.0,8,4,1934.0,0.0,0,0,0.0,0.0,0.0,0.0,0.0,0.0,0.0,0.0,0.0,0.0,0.0,0.2047861075815332,0.0,-0.0,1.0,0.9166666666666666,,,,,,,,,0.0,,232.0,,,,,,,,,,,,3.2683405172413798,,,,,,,,,,,,-5.479132486726964,
S026,R026,PUB,24,Image_017,488608,501858,13250,1590,1589,1,5123.192,1587,488614,501856,1440.0,1080.0,4032.0,3024.0,3.2282243226212985,3.227,-0.7206726696634576,-4.864386792452832,3.391854556253487,0.2270520869184637,3.392,zhidaoyu,3.4577978421351503,3.254,3522.0,-6.639298478250328,-0.8297480024585167,0.99937106918239,0.00062893081761,48,10941.0,227.9375,67.0,600.0,488680.0,125.0,19030.89254572705,404.9126073558946,16,1.5435644431995963,72.0,64,2243.0,35.046875,10.572718080959472,0.0,0,0,0.0,0.0,0,0,0.0,0.0,0,0,0.0,0.0,0,0,0.0,425.0,1,1,425.0,0.0,0,0,0.0,0.0,0,0,0.0,0.0,0,0,0.0,0.0,0,0,0.0,0.0,0,0,0.0,3727.0,18,8,3727.0,0.0,0,0,0.0,0.0,0.0,0.0,0.0,0.0388447125491271,0.0,0.0,0.0,0.0,0.0,0.3406452792249337,0.0,0.4764332505681227,0.8162346488541401,0.899606615285806,,,,,51.0,,,,0.0,,462.0,,,,,,3.3732156862745097,,,,,,3.178056277056277,,,,,,-2.446127845588915,,,,,,-8.090165413086622,
S026,R026,PUB,25,Image_018,501858,511524,9666,1160,1160,0,3870.586,1160,501864,511522,1440.0,1080.0,3648.0,2736.0,3.3367120689655176,3.324,-0.2428627194594854,-2.004716981132077,3.391854556253487,0.2270520869184637,3.392,zhidaoyu,3.4577978421351503,3.254,3522.0,-3.501817593097449,2.1511985248924352,1.0,0.0,34,8675.0,255.14705882352945,75.0,1242.0,501864.0,367.0,10329.815674839663,313.0247174193837,15,3.1395722619867223,6.0,39,1263.0,32.38461538461539,5.738786486022035,0.0,0,0,0.0,2675.0,5,3,2675.0,884.0,5,4,884.0,0.0,0,0,0.0,0.0,0,0,0.0,0.0,0,0,0.0,0.0,0,0,0.0,0.0,0,0,0.0,250.0,1,1,250.0,0.0,0,0,0.0,200.0,1,1,200.0,0.0,0,0,0.0,0.0,0.30835734870317,0.1019020172910662,0.0,0.0,0.0,0.0,0.0,0.0288184438040345,0.0,0.0230547550432276,0.0,1.3358357148988502,0.5002202888350301,0.8341855824395111,,292.0,106.0,,,,,,30.0,,24.0,,,3.2508321917808223,3.320132075471698,,,,,,3.4519,,3.580208333333333,,,-5.985475721927373,-3.981313337232156,,,,,,-0.1705664241929265,,3.5401286248300696,
S026,R026,PUB,26,Image_019,511524,523691,12167,1465,1445,15,4723.499,1433,511531,523689,1439.0,1080.0,1706.0,1280.0,3.2962309839497554,3.301,-0.4211525804564437,-2.682783018867917,3.391854556253487,0.2270520869184637,3.392,zhidaoyu,3.4577978421351503,3.254,3522.0,-4.672536266192739,1.4443761524277858,0.9863481228668942,0.0102389078498293,40,10427.0,260.675,67.0,1242.0,511531.0,1242.0,14122.108897566744,362.1053563478652,13,2.038159681645953,7.0,59,2300.0,38.983050847457626,7.849104108663489,0.0,0,0,0.0,0.0,0,0,0.0,0.0,0,0,0.0,0.0,0,0,0.0,633.0,2,2,633.0,0.0,0,0,0.0,0.0,0,0,0.0,0.0,0,0,0.0,0.0,0,0,0.0,0.0,0,0,0.0,2658.0,9,5,2658.0,0.0,0,0,0.0,0.0,0.0,0.0,0.0,0.0607077778843387,0.0,0.0,0.0,0.0,0.0,0.2549151241967968,0.0,0.7063466726849046,0.6893059633092322,0.8846095411728958,,,,,76.0,,,,0.0,,319.0,,,,,,3.328671052631579,,,,,,3.2728557993730405,,,,,,-3.734364916597813,,,,,,-5.348549892318466,
S026,R026,PUB,27,Image_020,523691,528691,5000,600,600,0,1963.251,600,523697,528689,1439.0,1080.0,1706.0,1280.0,3.272085,3.2545,-0.5274981519835019,-4.05365566037735,3.391854556253487,0.2270520869184637,3.392,zhidaoyu,3.4577978421351503,3.254,3522.0,-5.370841518614478,0.0153657037492368,1.0,0.0,17,4282.0,251.8823529411765,100.0,508.0,523697.0,392.0,3399.387401236881,212.4617125773051,11,2.7321588913645702,6.0,27,653.0,24.185185185185187,1.8893881793097256,2149.0,7,4,2149.0,0.0,0,0,0.0,0.0,0,0,0.0,0.0,0,0,0.0,0.0,0,0,0.0,0.0,0,0,0.0,0.0,0,0,0.0,1109.0,5,4,1109.0,2540.0,9,2,2540.0,0.0,0,0,0.0,0.0,0,0,0.0,0.0,0,0,0.0,0.5018682858477347,0.0,0.0,0.0,0.0,0.0,0.0,0.2589911256422232,0.5931807566557683,0.0,0.0,0.0,1.5087926322651146,0.3658789812380736,0.7911348740945153,258.0,,,,,,,119.0,305.0,,,,3.30362015503876,,,,,,,3.201873949579832,3.3089803278688525,,,,-4.458840398870377,,,,,,,-7.401354973293875,-4.303823446613196,,,
S026,R026,PUB,28,Image_021,528691,535674,6983,838,838,0,2699.356,838,528697,535673,1440.0,1080.0,4032.0,3024.0,3.2211885441527444,3.1965,-0.7516601781424296,-5.763561320754718,3.391854556253487,0.2270520869184637,3.392,zhidaoyu,3.4577978421351503,3.254,3522.0,-6.842774181277828,-1.7670559311616505,1.0,0.0,25,5978.0,239.12,92.0,800.0,528706.0,92.0,7148.491195007356,297.8537997919732,5,1.9219280948873625,15.0,34,1035.0,30.44117647058824,3.971383997226309,0.0,0,0,0.0,0.0,0,0,0.0,0.0,0,0,0.0,0.0,0,0,0.0,0.0,0,0,0.0,0.0,0,0,0.0,0.0,0,0,0.0,400.0,1,1,400.0,242.0,2,2,242.0,0.0,0,0,0.0,0.0,0,0,0.0,0.0,0,0,0.0,0.0,0.0,0.0,0.0,0.0,0.0,0.0,0.0669120107059217,0.0404817664770826,0.0,0.0,0.0,0.9558572451747304,0.530284061684184,0.8538421599169262,,,,0.0,,,,48.0,29.0,,,,,,,,,,,3.311395833333333,3.280448275862069,,,,,,,,,,,-4.233966688793327,-5.128974404228616,,,
S026,R026,PUB,29,Image_022,535674,542007,6333,760,760,0,2448.087,760,535681,542006,1620.0,1080.0,5472.0,3648.0,3.2211671052631585,3.236,-0.7517546009239015,-4.599056603773576,3.391854556253487,0.2270520869184637,3.392,zhidaoyu,3.4577978421351503,3.254,3522.0,-6.84339419698044,-0.5531653349723353,1.0,0.0,22,6350.0,288.6363636363636,108.0,950.0,535681.0,800.0,5531.529866472892,263.4061841177568,4,1.0,7.0,25,800.0,32.0,2.8410562058872486,0.0,0,0,0.0,0.0,0,0,0.0,0.0,0,0,0.0,0.0,0,0,0.0,0.0,0,0,0.0,0.0,0,0,0.0,0.0,0,0,0.0,0.0,0,0,0.0,650.0,4,2,650.0,0.0,0,0,0.0,0.0,0,0,0.0,0.0,0,0,0.0,0.0,0.0,0.0,0.0,0.0,0.0,0.0,0.0,0.1023622047244094,0.0,0.0,0.0,-0.0,1.0,0.9166666666666666,,,,,,,,0.0,78.0,,,,,,,,,,,,3.111846153846154,,,,,,,,,,,,-10.004971490044518,,,
S026,R026,PUB,30,Image_024,542007,552057,10050,1206,1206,0,3775.775,1206,542014,552056,1440.0,1080.0,4032.0,3024.0,3.130825041459369,3.122,-1.149645961579977,-7.959905660377359,3.391854556253487,0.2270520869184637,3.392,zhidaoyu,3.4577978421351503,3.254,3522.0,-9.456099390526512,-4.056545789797177,1.0,0.0,37,9223.0,249.27027027027023,67.0,950.0,542014.0,950.0,10660.638285580548,296.1288412661263,6,2.584962500721156,7.0,50,1495.0,29.9,5.922576825322526,0.0,0,0,0.0,0.0,0,0,0.0,0.0,0,0,0.0,0.0,0,0,0.0,0.0,0,0,0.0,700.0,3,1,700.0,0.0,0,0,0.0,408.0,2,1,408.0,108.0,1,1,108.0,0.0,0,0,0.0,0.0,0,0,0.0,0.0,0,0,0.0,0.0,0.0,0.0,0.0,0.0,0.075897213488019,0.0,0.0442372330044454,0.0117098557952943,0.0,0.0,0.0,1.2974956318312048,0.4518481648199446,0.831140350877193,,,,,0.0,84.0,,49.0,13.0,,,0.0,,,,,,3.1649166666666666,,3.090183673469388,3.1465384615384617,,,,,,,,,-8.470164793891852,,-10.631453469783091,-9.001665071445862,,,
S026,R026,PUB,31,Image_025,552057,557540,5483,658,658,0,2138.522,658,552064,557539,1620.0,1080.0,5472.0,3648.0,3.250033434650456,3.2145,-0.6246193264630091,-5.23290094339622,3.391854556253487,0.2270520869184637,3.392,zhidaoyu,3.4577978421351503,3.254,3522.0,-6.008575890498051,-1.2138905961893016,1.0,0.0,17,4865.0,286.1764705882353,142.0,733.0,552064.0,283.0,6722.606751806308,420.1629219878943,2,1.0,7.0,17,668.0,39.294117647058826,3.452806744788897,0.0,0,0,0.0,0.0,0,0,0.0,0.0,0,0,0.0,0.0,0,0,0.0,0.0,0,0,0.0,0.0,0,0,0.0,0.0,0,0,0.0,0.0,0,0,0.0,0.0,0,0,0.0,0.0,0,0,0.0,0.0,0,0,0.0,308.0,1,1,308.0,0.0,0.0,0.0,0.0,0.0,0.0,0.0,0.0,0.0,0.0,0.0,0.0633093525179856,-0.0,1.0,0.9166666666666666,,,,,,,,0.0,0.0,,,37.0,,,,,,,,,,,,3.0771621621621623,,,,,,,,,,,,-11.008037408512864
S027,R027,PUB,1,Image_001,97597,104197,6600,792,751,41,2486.47,750,97597,104189,1440.0,1080.0,4032.0,3024.0,3.315293333333333,3.304,0.7400041165831358,3.153293787074617,3.2046317996717923,0.149541781162657,3.203,zhidaoyu,3.067839549768264,3.021,4531.0,8.06606015571321,9.367759020191988,0.9482323232323232,0.0517676767676767,19,5675.0,298.6842105263158,150.0,783.0,97622.0,158.0,4027.397400666136,223.74430003700752,9,2.4193819456463714,25.0,21,742.0,35.333333333333336,2.237443000370076,0.0,0,0,0.0,0.0,0,0,0.0,0.0,0,0,0.0,0.0,0,0,0.0,0.0,0,0,0.0,0.0,0,0,0.0,0.0,0,0,0.0,0.0,0,0,0.0,809.0,4,4,809.0,0.0,0,0,0.0,158.0,1,1,158.0,267.0,1,1,267.0,0.0,0.0,0.0,0.0,0.0,0.0,0.0,0.0,0.1425550660792951,0.0,0.0278414096916299,0.0470484581497797,1.2568577577973832,0.4930100423180076,0.8379254457050244,,,,,0.0,,,0.0,97.0,,19.0,32.0,,,,,,,,,3.43480412371134,,3.3144736842105265,3.44546875,,,,,,,,,11.961661227387072,,8.039342685340014,12.30928782635524
S027,R027,PUB,2,Image_012,104197,114030,9833,1180,1145,35,3632.484,1143,104197,114022,1440.0,1080.0,4032.0,3024.0,3.17802624671916,3.21,-0.1779138428456538,0.2185451139556702,3.2046317996717923,0.149541781162657,3.203,zhidaoyu,3.067839549768264,3.021,4531.0,3.5916707886245187,6.256206554121153,0.9703389830508474,0.0296610169491525,18,9327.0,518.1666666666666,125.0,2808.0,104197.0,350.0,2913.407555167116,171.37691500983036,10,2.721928094887362,0.0,20,544.0,27.2,1.61855975287062,0.0,0,0,0.0,0.0,0,0,0.0,0.0,0,0,0.0,0.0,0,0,0.0,1100.0,2,2,1100.0,0.0,0,0,0.0,0.0,0,0,0.0,0.0,0,0,0.0,0.0,0,0,0.0,5659.0,6,2,5659.0,1868.0,7,5,1868.0,0.0,0,0,0.0,0.0,0.0,0.0,0.0,0.1179371716521925,0.0,0.0,0.0,0.0,0.6067331403452343,0.2002787605875415,0.0,1.2558577077085589,0.4934315263329943,0.8380761948920057,,,,,132.0,,,,0.0,654.0,206.0,,,,,,3.0826818181818183,,,,,3.258380733944954,3.086145631067961,,,,,,0.4838019776710904,,,,,6.210924042330812,0.5967092151569781,
S027,R027,PUB,3,Image_023,114030,120313,6283,754,720,34,2275.313,720,114031,120306,1440.0,1080.0,960.0,720.0,3.1601569444444446,3.156,-0.2974075531370881,-1.4673743365594665,3.2046317996717923,0.149541781162657,3.203,zhidaoyu,3.067839549768264,3.021,4531.0,3.009198922517133,4.468718967229402,0.9549071618037136,0.0450928381962864,23,7950.0,345.6521739130435,92.0,2808.0,114031.0,2808.0,6971.250249777165,316.8750113535075,6,2.584962500721156,1.0,27,920.0,34.07407407407408,3.872916805431758,0.0,0,0,0.0,0.0,0,0,0.0,0.0,0,0,0.0,0.0,0,0,0.0,0.0,0,0,0.0,0.0,0,0,0.0,0.0,0,0,0.0,0.0,0,0,0.0,292.0,1,1,292.0,417.0,2,1,417.0,0.0,0,0,0.0,308.0,1,1,308.0,0.0,0.0,0.0,0.0,0.0,0.0,0.0,0.0,0.0367295597484276,0.0524528301886792,0.0,0.0387421383647798,1.5661837909436165,0.3422805424789396,0.7704850868567683,,,,,,,,0.0,35.0,50.0,,37.0,,,,,,,,,3.1856,3.2987,,3.1061891891891893,,,,,,,,,3.83854658372312,7.525180065208274,,1.2500536223878644
S027,R027,PUB,4,Image_026,120313,126579,6266,752,715,37,2224.898,713,120314,126572,1439.0,1080.0,1706.0,1280.0,3.1204740532959327,3.119,-0.5627707903540414,-2.622541367467988,3.2046317996717923,0.149541781162657,3.203,zhidaoyu,3.067839549768264,3.021,4531.0,1.7156863217193044,3.243958953988756,0.9507978723404256,0.0492021276595744,19,5435.0,286.05263157894734,142.0,642.0,120314.0,358.0,6116.522523654367,339.8068068696871,6,2.2516291673878226,1.0,20,741.0,37.05,3.3995788036601478,0.0,0,0,0.0,0.0,0,0,0.0,0.0,0,0,0.0,0.0,0,0,0.0,642.0,1,1,642.0,0.0,0,0,0.0,0.0,0,0,0.0,1767.0,6,3,1767.0,200.0,1,1,200.0,0.0,0,0,0.0,0.0,0,0,0.0,0.0,0,0,0.0,0.0,0.0,0.0,0.0,0.1181232750689972,0.0,0.0,0.325114995400184,0.0367985280588776,0.0,0.0,0.0,1.1625734847890232,0.5251234743195893,0.8501022102976875,,,,,77.0,,,186.0,24.0,,,,,,,,3.125961038961039,,,3.213419354838709,3.2120833333333336,,,,,,,,1.89454136208544,,,4.745352640148415,4.701803377427801,,,
S027,R027,PUB,5,Image_027,126579,133113,6534,784,747,37,2475.875,746,126581,133106,810.0,1080.0,1280.0,1706.0,3.318867292225201,3.358,0.7639035168984266,4.839213237589767,3.2046317996717923,0.149541781162657,3.203,zhidaoyu,3.067839549768264,3.021,4531.0,8.182557737607214,11.155246607083754,0.9528061224489796,0.0471938775510204,19,5916.0,311.3684210526316,175.0,592.0,126581.0,250.0,3692.990916552009,205.16616203066715,8,2.5,2.0,20,575.0,28.75,2.7355488270755624,0.0,0,0,0.0,0.0,0,0,0.0,1342.0,3,3,1342.0,0.0,0,0,0.0,0.0,0,0,0.0,0.0,0,0,0.0,0.0,0,0,0.0,975.0,3,2,975.0,192.0,1,1,192.0,0.0,0,0,0.0,0.0,0,0,0.0,0.0,0,0,0.0,0.0,0.0,0.22684246112238,0.0,0.0,0.0,0.0,0.1648073022312373,0.0324543610547667,0.0,0.0,0.0,1.2965051700045662,0.4429574456627325,0.8263916567025376,,,161.0,,,,,106.0,23.0,,,,,,3.2514906832298136,,,,,3.390905660377358,3.09604347826087,,,,,,5.986334372520315,,,,,10.530736870952024,0.9193417072524794,,,
S027,R027,PUB,6,Image_028,133113,136246,3133,376,359,17,1151.055,358,133114,136239,1620.0,1080.0,5472.0,3648.0,3.215237430167598,3.2,0.070920851773659,-0.0936621916952753,3.2046317996717923,0.149541781162657,3.203,zhidaoyu,3.067839549768264,3.021,4531.0,4.804615039612114,5.925190334326391,0.9547872340425532,0.0452127659574468,9,3026.0,336.22222222222223,100.0,1092.0,133114.0,275.0,1278.413471498481,159.80168393731012,7,2.807354922057604,1.0,10,299.0,29.9,0.6566075958307257,1892.0,4,3,1892.0,0.0,0,0,0.0,0.0,0,0,0.0,0.0,0,0,0.0,0.0,0,0,0.0,0.0,0,0,0.0,0.0,0,0,0.0,2284.0,6,4,2284.0,267.0,1,1,267.0,0.0,0,0,0.0,0.0,0,0,0.0,0.0,0,0,0.0,0.6252478519497686,0.0,0.0,0.0,0.0,0.0,0.0,0.7547918043621943,0.088235294117647,0.0,0.0,0.0,1.261742519530723,0.4492146476977063,0.8256620901793083,195.0,,,,,,,232.0,32.0,,,,3.182379487179487,,,,,,,3.198961206896552,3.3405,,,,3.7335700108526058,,,,,,,4.274071541264036,8.887702430602424,,,
S027,R027,PUB,7,Image_029,136246,140546,4300,516,508,8,1630.949,507,136247,140539,1620.0,1080.0,6000.0,4000.0,3.216861932938856,3.229,0.0817840550779653,0.8117389946924835,3.2046317996717923,0.149541781162657,3.203,zhidaoyu,3.067839549768264,3.021,4531.0,4.857567703690675,6.885137371731222,0.9844961240310076,0.0155038759689922,13,4090.0,314.61538461538464,142.0,558.0,136247.0,558.0,4078.221180714346,339.8517650595289,7,2.235926350629033,1.0,13,483.0,37.15384615384615,2.094620452955679,0.0,0,0,0.0,0.0,0,0,0.0,0.0,0,0,0.0,0.0,0,0,0.0,1666.0,4,2,1666.0,0.0,0,0,0.0,0.0,0,0,0.0,867.0,4,2,867.0,0.0,0,0,0.0,0.0,0,0,0.0,0.0,0,0,0.0,0.0,0,0,0.0,0.0,0.0,0.0,0.0,0.4073349633251834,0.0,0.0,0.2119804400977995,0.0,0.0,0.0,0.0,0.9269855864766804,0.5497500112607541,0.8596196868008948,,,,,200.0,,,104.0,0.0,,0.0,,,,,,3.20624,,,3.2064038461538464,,,,,,,,,4.511332746922538,,,4.516673513647402,,,,
S027,R027,PUB,8,Image_030,140546,146779,6233,816,702,46,2154.4,699,140547,146773,1920.0,1079.0,2275.0,1279.0,3.0821173104434907,3.072,-0.8192659487922127,-4.089915704027468,3.2046317996717923,0.149541781162657,3.203,zhidaoyu,3.067839549768264,3.021,4531.0,0.4654011542522042,1.688182720953332,0.8602941176470589,0.0563725490196078,19,5248.0,276.2105263157895,75.0,725.0,140547.0,283.0,4629.840133740187,257.2133407633437,8,2.5,1.0,24,767.0,31.95833333333333,2.102163197448657,0.0,0,0,0.0,0.0,0,0,0.0,0.0,0,0,0.0,0.0,0,0,0.0,0.0,0,0,0.0,0.0,0,0,0.0,0.0,0,0,0.0,1266.0,5,3,1266.0,1199.0,7,3,1199.0,0.0,0,0,0.0,0.0,0,0,0.0,0.0,0,0,0.0,0.0,0.0,0.0,0.0,0.0,0.0,0.0,0.2412347560975609,0.228467987804878,0.0,0.0,0.0,0.9994670164701688,0.500369390534419,0.8355983772819473,0.0,,,,,0.0,,152.0,144.0,,,,,,,,,,,3.0791710526315788,3.075916666666666,,,,,,,,,,,0.3693642604017913,0.2632835507650063,,,
S027,R027,PUB,9,Image_031,146779,153096,6317,794,739,19,2388.271,739,146781,153089,1621.0,1080.0,2731.0,1820.0,3.23176048714479,3.237,0.1814120927414226,1.0615048392132456,3.2046317996717923,0.149541781162657,3.203,zhidaoyu,3.067839549768264,3.021,4531.0,5.343204385930431,7.149950347567037,0.9307304785894208,0.0239294710327455,22,5498.0,249.9090909090909,108.0,608.0,146781.0,233.0,6029.454057903324,287.11685990015826,8,2.5,2.0,23,835.0,36.30434782608695,3.0954727164033224,0.0,0,0,0.0,0.0,0,0,0.0,808.0,3,2,808.0,0.0,0,0,0.0,0.0,0,0,0.0,0.0,0,0,0.0,0.0,0,0,0.0,0.0,0,0,0.0,217.0,1,1,217.0,283.0,1,1,283.0,0.0,0,0,0.0,0.0,0,0,0.0,0.0,0.0,0.1469625318297562,0.0,0.0,0.0,0.0,0.0,0.0394688977810112,0.0514732630047289,0.0,0.0,1.3370690133992102,0.4559345453525236,0.8253058103975535,,,97.0,,,,,,26.0,34.0,,,,,3.246103092783505,,,,,,3.2664230769230764,3.231235294117647,,,,,5.810719241451447,,,,,,6.473074094432785,5.326085073833991,,
S027,R027,PUB,10,Image_002,153096,158062,4966,596,584,12,1916.053,582,153098,158056,810.0,1080.0,3072.0,4096.0,3.292187285223368,3.293,0.5854917928009741,2.80986575085858,3.2046317996717923,0.149541781162657,3.203,zhidaoyu,3.067839549768264,3.021,4531.0,7.31289012399786,9.003641178417752,0.9798657718120806,0.0201342281879194,15,4775.0,318.3333333333333,158.0,858.0,153098.0,342.0,2434.4506384521146,173.88933131800815,5,1.521928094887362,2.0,16,477.0,29.8125,1.803296769223789,0.0,0,0,0.0,0.0,0,0,0.0,0.0,0,0,0.0,0.0,0,0,0.0,0.0,0,0,0.0,0.0,0,0,0.0,0.0,0,0,0.0,0.0,0,0,0.0,0.0,0,0,0.0,2675.0,8,2,2675.0,1508.0,5,2,1508.0,0.0,0,0,0.0,0.0,0.0,0.0,0.0,0.0,0.0,0.0,0.0,0.0,0.5602094240837696,0.3158115183246073,0.0,0.9431030782740608,0.538916698275964,0.856582197784684,,,,,,,,,0.0,294.0,181.0,,,,,,,,,,,3.307166666666667,3.2840883977900552,,,,,,,,,,,7.80116146936307,7.048896935895052,
S027,R027,PUB,11,Image_003,158062,163295,5233,628,589,39,1880.207,588,158064,163289,1620.0,1080.0,5472.0,3648.0,3.1976309523809525,3.237,-0.0468153263683878,1.0615048392132456,3.2046317996717923,0.149541781162657,3.203,zhidaoyu,3.067839549768264,3.021,4531.0,4.230710260661874,7.149950347567037,0.9378980891719744,0.0621019108280254,16,4584.0,286.5,92.0,825.0,158064.0,308.0,4109.105750220955,273.9403833480637,8,2.1556390622295662,2.0,18,619.0,34.388888888888886,2.110483116627575,0.0,0,0,0.0,0.0,0,0,0.0,0.0,0,0,0.0,0.0,0,0,0.0,0.0,0,0,0.0,0.0,0,0,0.0,0.0,0,0,0.0,1108.0,5,3,1108.0,600.0,2,2,600.0,0.0,0,0,0.0,0.0,0,0,0.0,0.0,0,0,0.0,0.0,0.0,0.0,0.0,0.0,0.0,0.0,0.2417102966841186,0.1308900523560209,0.0,0.0,0.0,0.93521314118956,0.5442304844539267,0.8581186572989852,,,,,0.0,,,133.0,62.0,,,0.0,,,,,,,,3.260218045112782,3.3385483870967745,,,,,,,,,,,6.270813457602442,8.82408720980729,,,
S027,R027,PUB,12,Image_004,163295,166929,3634,436,428,8,1418.126,428,163298,166923,1439.0,1080.0,1706.0,1280.0,3.313378504672897,3.2905,0.7271994766654578,2.731813924445829,3.2046317996717923,0.149541781162657,3.203,zhidaoyu,3.067839549768264,3.021,4531.0,8.003643962513644,8.920887123469045,0.981651376146789,0.018348623853211,10,3692.0,369.2,108.0,717.0,163298.0,492.0,2342.655992083293,260.295110231477,5,2.321928094887362,3.0,10,325.0,32.5,1.3020541695308945,0.0,0,0,0.0,0.0,0,0,0.0,1275.0,3,2,1275.0,0.0,0,0,0.0,333.0,1,1,333.0,0.0,0,0,0.0,0.0,0,0,0.0,0.0,0,0,0.0,942.0,3,2,942.0,0.0,0,0,0.0,0.0,0,0,0.0,0.0,0,0,0.0,0.0,0.0,0.34534127843987,0.0,0.0901950162513542,0.0,0.0,0.0,0.2551462621885157,0.0,0.0,0.0,1.4142582492574347,0.4035183391003459,0.8115686274509804,,,121.0,,40.0,,,0.0,90.0,,,,,,3.243090909090909,,3.3417250000000003,,,,3.2534333333333336,,,,,,5.712533412507941,,8.92763281092798,,,,6.049657439845227,,,
S027,R027,PUB,13,Image_005,166929,170812,3883,466,455,11,1451.229,454,166931,170806,1920.0,1080.0,960.0,540.0,3.1965396475770924,3.2275,-0.0541129845571257,0.7649078988448389,3.2046317996717923,0.149541781162657,3.203,zhidaoyu,3.067839549768264,3.021,4531.0,4.195137839544135,6.835484938762004,0.9763948497854076,0.0236051502145922,13,3733.0,287.15384615384613,158.0,500.0,166931.0,442.0,4181.717890699231,348.4764908916026,5,1.9219280948873625,2.0,13,510.0,39.23076923076923,1.8982724045257915,0.0,0,0,0.0,0.0,0,0,0.0,0.0,0,0,0.0,0.0,0,0,0.0,0.0,0,0,0.0,0.0,0,0,0.0,358.0,1,1,358.0,1017.0,4,2,1017.0,0.0,0,0,0.0,0.0,0,0,0.0,0.0,0,0,0.0,0.0,0,0,0.0,0.0,0.0,0.0,0.0,0.0,0.0,0.0959014197696222,0.2724350388427538,0.0,0.0,0.0,0.0,0.8272946091148887,0.614851173553719,0.8732727272727273,,,,,0.0,,43.0,122.0,,,,0.0,,,,,,,3.3122093023255816,3.1942049180327867,,,,,,,,,,,7.965532375243585,4.11903446104502,,,,
S027,R027,PUB,14,Image_006,170812,175345,4533,544,499,45,1656.658,496,170814,175340,1439.0,1080.0,1706.0,1280.0,3.3400362903225806,3.347,0.9054626044844848,4.4957852013737165,3.2046317996717923,0.149541781162657,3.203,zhidaoyu,3.067839549768264,3.021,4531.0,8.872587243843249,10.791128765309503,0.9172794117647058,0.0827205882352941,13,4183.0,321.7692307692308,167.0,500.0,170814.0,500.0,2433.40675370928,202.78389614244,4,1.5,2.0,19,593.0,31.210526315789476,1.3524936740772446,0.0,0,0,0.0,0.0,0,0,0.0,0.0,0,0,0.0,0.0,0,0,0.0,0.0,0,0,0.0,0.0,0,0,0.0,0.0,0,0,0.0,0.0,0,0,0.0,425.0,1,1,425.0,0.0,0,0,0.0,2041.0,6,2,2041.0,0.0,0,0,0.0,0.0,0.0,0.0,0.0,0.0,0.0,0.0,0.0,0.1016017212526894,0.0,0.4879273248864451,0.0,0.6630385923511635,0.7147170702412502,0.8879426872127602,,,,,0.0,,,,51.0,,196.0,,,,,,,,,,3.3452745098039216,,3.444153061224489,,,,,,,,,,9.043333444756415,,12.266401333950194,
S027,R027,PUB,15,Image_007,175345,180162,4817,578,563,15,1884.234,563,175348,180156,1439.0,1080.0,1706.0,1280.0,3.346774422735346,3.335,0.9505211316758716,4.121136434592573,3.2046317996717923,0.149541781162657,3.203,zhidaoyu,3.067839549768264,3.021,4531.0,9.092224949904994,10.393909301555778,0.9740484429065744,0.0259515570934256,15,4333.0,288.8666666666667,100.0,792.0,175348.0,408.0,3848.767379734493,274.9119556953209,4,1.0,3.0,15,567.0,37.8,2.139154716387234,0.0,0,0,0.0,0.0,0,0,0.0,0.0,0,0,0.0,0.0,0,0,0.0,0.0,0,0,0.0,0.0,0,0,0.0,0.0,0,0,0.0,442.0,2,2,442.0,0.0,0,0,0.0,0.0,0,0,0.0,0.0,0,0,0.0,0.0,0,0,0.0,0.0,0.0,0.0,0.0,0.0,0.0,0.0,0.1020078467574428,0.0,0.0,0.0,0.0,-0.0,1.0,0.9166666666666666,0.0,,,,,,,53.0,0.0,,,,,,,,,,,3.3448679245283017,,,,,,,,,,,,9.030080298070482,,,,
S027,R027,PUB,16,Image_008,180162,183195,3033,364,364,0,1205.328,364,180165,183190,1440.0,1080.0,4096.0,3072.0,3.31134065934066,3.298,0.7135722126567388,2.9659694036840523,3.2046317996717923,0.149541781162657,3.203,zhidaoyu,3.067839549768264,3.021,4531.0,7.937217889729246,9.16914928831513,1.0,0.0,8,3059.0,382.375,200.0,942.0,180165.0,275.0,1686.4438820824948,240.92055458321357,3,0.9182958340544896,3.0,7,209.0,29.857142857142858,0.9369132678236084,0.0,0,0,0.0,0.0,0,0,0.0,0.0,0,0,0.0,0.0,0,0,0.0,0.0,0,0,0.0,0.0,0,0,0.0,0.0,0,0,0.0,0.0,0,0,0.0,0.0,0,0,0.0,0.0,0,0,0.0,2325.0,5,2,2325.0,0.0,0,0,0.0,0.0,0.0,0.0,0.0,0.0,0.0,0.0,0.0,0.0,0.0,0.7600523046747303,0.0,-0.0,1.0,0.9166666666666666,,,,,,,,,0.0,,260.0,,,,,,,,,,,,3.2944653846153846,,,,,,,,,,,,7.387147573093898,
S027,R027,PUB,17,Image_009,183195,187312,4117,494,484,10,1556.709,481,183198,187306,1440.0,1080.0,4032.0,3024.0,3.236401247401247,3.239,0.2124452944351307,1.1239463003434291,3.2046317996717923,0.149541781162657,3.203,zhidaoyu,3.067839549768264,3.021,4531.0,5.4944756692284,7.216153591525984,0.979757085020243,0.020242914979757,13,4531.0,348.53846153846155,158.0,942.0,183198.0,942.0,3179.4075332855004,264.9506277737917,7,2.5216406363433186,3.0,14,442.0,31.571428571428573,1.7663375184919448,0.0,0,0,0.0,0.0,0,0,0.0,0.0,0,0,0.0,0.0,0,0,0.0,0.0,0,0,0.0,0.0,0,0,0.0,0.0,0,0,0.0,283.0,1,1,283.0,1966.0,5,2,1966.0,0.0,0,0,0.0,0.0,0,0,0.0,158.0,1,1,158.0,0.0,0.0,0.0,0.0,0.0,0.0,0.0,0.0624586184065327,0.4338998013683514,0.0,0.0,0.0348708894283822,0.8595118120170866,0.6852691628367544,0.8751904168397728,,,,,0.0,,,34.0,142.0,,,19.0,,,,,,,,3.2383823529411764,3.2832394366197186,,,3.2792631578947367,,,,,,,,5.559052238758548,7.021224003312879,,,6.8916123120729536
S027,R027,PUB,18,Image_010,187312,191445,4133,496,482,14,1545.847,480,187315,191440,1440.0,1080.0,1600.0,1200.0,3.2205145833333337,3.216,0.1062096728958018,0.4058694973462486,3.2046317996717923,0.149541781162657,3.203,zhidaoyu,3.067839549768264,3.021,4531.0,4.976630331811285,6.454816285998024,0.9717741935483872,0.0282258064516129,12,3718.0,309.8333333333333,142.0,850.0,187315.0,400.0,3464.6433143330355,314.967574030276,5,1.9219280948873625,3.0,13,535.0,41.15384615384615,1.9248018412961307,0.0,0,0,0.0,0.0,0,0,0.0,0.0,0,0,0.0,0.0,0,0,0.0,0.0,0,0,0.0,0.0,0,0,0.0,0.0,0,0,0.0,367.0,1,1,367.0,267.0,1,1,267.0,1409.0,4,2,1409.0,0.0,0,0,0.0,0.0,0,0,0.0,0.0,0.0,0.0,0.0,0.0,0.0,0.0,0.0987089833243679,0.0718128025820333,0.3789671866594943,0.0,0.0,1.198287156645947,0.5249971908423137,0.8431636482297276,,,,,,,,44.0,32.0,169.0,0.0,,,,,,,,,3.179568181818182,3.2451875,3.2094674556213016,,,,,,,,,,3.6419320579643135,5.780874369558634,4.616535628916326,,
S027,R027,PUB,19,Image_011,191445,196195,4750,570,554,16,1879.453,552,191448,196190,1440.0,1080.0,960.0,720.0,3.4048061594202896,3.444,1.3385848302205725,7.524196066187952,3.2046317996717923,0.149541781162657,3.203,zhidaoyu,3.067839549768264,3.021,4531.0,10.983840718706414,14.001986097318769,0.9719298245614036,0.0280701754385964,14,4442.0,317.2857142857143,108.0,567.0,191448.0,200.0,3733.9048014404366,287.22344626464894,8,2.5,3.0,14,525.0,37.5,2.074391556355798,0.0,0,0,0.0,0.0,0,0,0.0,0.0,0,0,0.0,0.0,0,0,0.0,0.0,0,0,0.0,0.0,0,0,0.0,0.0,0,0,0.0,616.0,2,2,616.0,316.0,2,1,316.0,0.0,0,0,0.0,0.0,0,0,0.0,1617.0,4,3,1617.0,0.0,0.0,0.0,0.0,0.0,0.0,0.0,0.1386762719495722,0.0711391265195857,0.0,0.0,0.3640252138676272,1.2850737065004545,0.4761905568087917,0.8350660389695306,,,,,,,,73.0,38.0,,,193.0,,,,,,,,3.345191780821918,3.4474210526315794,,,3.4406994818652854,,,,,,,,9.04063679192756,12.372925529693635,,,12.153827670850214
S027,R027,PUB,20,Image_013,196195,199828,3633,436,425,11,1348.291,425,196198,199823,1920.0,1080.0,3840.0,2160.0,3.1724494117647057,3.181,-0.2152066643641333,-0.6868560724320887,3.2046317996717923,0.149541781162657,3.203,zhidaoyu,3.067839549768264,3.021,4531.0,3.4098870002619317,5.296259516716324,0.9747706422018348,0.0252293577981651,13,3424.0,263.38461538461536,158.0,375.0,196198.0,367.0,3235.091690222122,269.59097418517683,6,1.0,3.0,13,443.0,34.07692307692308,1.4685556133086,0.0,0,0,0.0,0.0,0,0,0.0,0.0,0,0,0.0,0.0,0,0,0.0,841.0,3,3,841.0,0.0,0,0,0.0,0.0,0,0,0.0,0.0,0,0,0.0,0.0,0,0,0.0,0.0,0,0,0.0,0.0,0,0,0.0,0.0,0,0,0.0,0.0,0.0,0.0,0.0,0.2456191588785046,0.0,0.0,0.0,0.0,0.0,0.0,0.0,-0.0,1.0,0.9166666666666666,,,,,101.0,,,0.0,0.0,,0.0,0.0,,,,,3.1164257425742576,,,,,,,,,,,,1.5837266590315695,,,,,,,
S027,R027,PUB,21,Image_014,199828,204295,4467,536,536,0,1668.218,536,199831,204290,1440.0,1080.0,4032.0,3024.0,3.1123470149253727,3.115,-0.6171170627293868,-2.7474242897283685,3.2046317996717923,0.149541781162657,3.203,zhidaoyu,3.067839549768264,3.021,4531.0,1.4507755192239795,3.111552466070848,1.0,0.0,14,4284.0,306.0,83.0,808.0,199831.0,367.0,3346.5827524815545,257.4294424985811,6,2.2516291673878226,3.0,13,400.0,30.76923076923077,1.8592126402675304,0.0,0,0,0.0,0.0,0,0,0.0,650.0,1,1,650.0,0.0,0,0,0.0,975.0,2,2,975.0,0.0,0,0,0.0,0.0,0,0,0.0,0.0,0,0,0.0,941.0,2,1,941.0,0.0,0,0,0.0,0.0,0,0,0.0,0.0,0,0,0.0,0.0,0.0,0.1517273576097105,0.0,0.2275910364145658,0.0,0.0,0.0,0.2196545284780579,0.0,0.0,0.0,1.5630041310663456,0.3430261061218439,0.771109379059496,,,58.0,,117.0,0.0,,0.0,113.0,,,,,,3.0189310344827582,,3.133384615384615,,,,3.1462389380530973,,,,,,-1.5942331563330865,,2.1365219579786285,,,,2.555524401227431,,,
S027,R027,PUB,22,Image_015,204295,208261,3966,476,447,29,1324.932,446,204298,208257,1440.0,1080.0,4032.0,3024.0,2.970699551569507,2.9855,-1.5643270147212998,-6.7905088979082056,3.2046317996717923,0.149541781162657,3.203,zhidaoyu,3.067839549768264,3.021,4531.0,-3.166397610529993,-1.1751075802714288,0.9390756302521008,0.0609243697478991,14,3908.0,279.1428571428572,92.0,700.0,204298.0,650.0,3373.8309251431237,259.52545578024024,2,1.0,3.0,15,501.0,33.4,1.8743505139684016,0.0,0,0,0.0,0.0,0,0,0.0,0.0,0,0,0.0,0.0,0,0,0.0,0.0,0,0,0.0,0.0,0,0,0.0,0.0,0,0,0.0,0.0,0,0,0.0,0.0,0,0,0.0,0.0,0,0,0.0,842.0,2,1,842.0,0.0,0,0,0.0,0.0,0.0,0.0,0.0,0.0,0.0,0.0,0.0,0.0,0.0,0.2154554759467758,0.0,-0.0,1.0,0.9166666666666666,,,,,0.0,,,,0.0,0.0,101.0,,,,,,,,,,,,2.8344554455445543,,,,,,,,,,,,-7.607441668236478,
S027,R027,PUB,23,Image_016,208261,211344,3083,370,356,14,1099.361,356,208265,211340,1440.0,1080.0,4032.0,3024.0,3.088092696629214,3.074,-0.7793079775866685,-4.027474242897284,3.2046317996717923,0.149541781162657,3.203,zhidaoyu,3.067839549768264,3.021,4531.0,0.6601762097525679,1.7543859649122786,0.9621621621621622,0.0378378378378378,10,3007.0,300.7,208.0,450.0,208265.0,375.0,3017.546727169737,335.2829696855263,1,-0.0,4.0,10,343.0,34.3,1.6764148484276318,0.0,0,0,0.0,0.0,0,0,0.0,0.0,0,0,0.0,0.0,0,0,0.0,0.0,0,0,0.0,0.0,0,0,0.0,0.0,0,0,0.0,0.0,0,0,0.0,0.0,0,0,0.0,0.0,0,0,0.0,375.0,1,1,375.0,0.0,0,0,0.0,0.0,0.0,0.0,0.0,0.0,0.0,0.0,0.0,0.0,0.0,0.1247090123046225,0.0,-0.0,1.0,0.9166666666666666,,,,,,,,,0.0,,25.0,,,,,,,,,,,,3.15312,,,,,,,,,,,,2.7798210710914857,
S027,R027,PUB,24,Image_017,211344,214328,2984,358,338,20,1039.607,338,211348,214323,1440.0,1080.0,4032.0,3024.0,3.0757603550295856,3.0815,-0.8617755094279166,-3.7933187636590615,3.2046317996717923,0.149541781162657,3.203,zhidaoyu,3.067839549768264,3.021,4531.0,0.2581883808727973,2.0026481297583656,0.9441340782122905,0.0558659217877094,10,2740.0,274.0,133.0,458.0,211348.0,450.0,1737.1600713629225,193.0177857069914,5,2.321928094887362,4.0,10,325.0,32.5,0.965088928534957,0.0,0,0,0.0,0.0,0,0,0.0,0.0,0,0,0.0,0.0,0,0,0.0,608.0,2,1,608.0,0.0,0,0,0.0,0.0,0,0,0.0,0.0,0,0,0.0,650.0,3,1,650.0,0.0,0,0,0.0,1041.0,3,2,1041.0,0.0,0,0,0.0,0.0,0.0,0.0,0.0,0.2218978102189781,0.0,0.0,0.0,0.2372262773722627,0.0,0.3799270072992701,0.0,1.540318132143289,0.3549106302435709,0.7813904596201247,,,,,73.0,,,,78.0,,95.0,,,,,,3.0975616438356166,,,,3.081538461538462,,3.0642315789473686,,,,,,0.9688281797396534,,,,0.4465328628817305,,-0.1176062425157619,
S027,R027,PUB,25,Image_018,214328,218694,4366,524,489,35,1590.101,488,214332,218690,1440.0,1080.0,3648.0,2736.0,3.2584036885245906,3.269,0.3595776941717072,2.060568217296294,3.2046317996717923,0.149541781162657,3.203,zhidaoyu,3.067839549768264,3.021,4531.0,6.211672275061509,8.209202250910302,0.933206106870229,0.0667938931297709,12,4025.0,335.4166666666667,183.0,1158.0,214332.0,458.0,2532.136207629575,230.1942006935977,4,2.0,4.0,15,419.0,27.933333333333334,1.406742337571986,0.0,0,0,0.0,1633.0,3,1,1633.0,0.0,0,0,0.0,0.0,0,0,0.0,0.0,0,0,0.0,0.0,0,0,0.0,0.0,0,0,0.0,0.0,0,0,0.0,866.0,4,1,866.0,0.0,0,0,0.0,342.0,1,1,342.0,0.0,0,0,0.0,0.0,0.4057142857142857,0.0,0.0,0.0,0.0,0.0,0.0,0.2151552795031056,0.0,0.0849689440993788,0.0,1.3493247619352051,0.4378002698704207,0.8257362431068872,,196.0,0.0,,,,,,104.0,,40.0,,,3.263938775510204,,,,,,,3.2826826923076924,,3.2636000000000003,,,6.392095237078266,,,,,,,7.003076238314272,,6.381052433023231,
S027,R027,PUB,26,Image_019,218694,221328,2634,316,301,15,940.621,299,218698,221323,1439.0,1080.0,1706.0,1280.0,3.1458896321070235,3.127,-0.3928144168677165,-2.372775522947239,3.2046317996717923,0.149541781162657,3.203,zhidaoyu,3.067839549768264,3.021,4531.0,2.544138344675023,3.508771929824557,0.9525316455696202,0.0474683544303797,11,2690.0,244.54545454545453,75.0,508.0,218698.0,342.0,2185.844046902402,218.5844046902402,6,2.584962500721156,4.0,11,325.0,29.545454545454547,1.214897690839605,0.0,0,0,0.0,0.0,0,0,0.0,0.0,0,0,0.0,0.0,0,0,0.0,933.0,4,2,933.0,0.0,0,0,0.0,0.0,0,0,0.0,0.0,0,0,0.0,75.0,1,1,75.0,0.0,0,0,0.0,966.0,4,2,966.0,0.0,0,0,0.0,0.0,0.0,0.0,0.0,0.3468401486988847,0.0,0.0,0.0,0.0278810408921933,0.0,0.3591078066914498,0.0,1.1948140639968037,0.4643111205550577,0.8252279635258358,,,,,112.0,,,,9.0,,76.0,,,,,,3.1444464285714284,,,,3.110777777777778,,3.119328947368421,,,,,,2.497095351970136,,,,1.399624306061174,,1.678360186863317,
S027,R027,PUB,27,Image_020,221328,224978,3650,438,438,0,1351.053,438,221332,224973,1439.0,1080.0,1706.0,1280.0,3.084595890410959,3.103,-0.802691450694104,-3.122073056509512,3.2046317996717923,0.149541781162657,3.203,zhidaoyu,3.067839549768264,3.021,4531.0,0.5461935140630515,2.7143330023171237,1.0,0.0,12,3859.0,321.5833333333333,142.0,725.0,221332.0,508.0,3496.8829755697216,317.8984523245201,5,1.521928094887362,4.0,11,391.0,35.54545454545455,1.9435764679444536,2092.0,6,2,2092.0,0.0,0,0,0.0,0.0,0,0,0.0,0.0,0,0,0.0,0.0,0,0,0.0,0.0,0,0,0.0,0.0,0,0,0.0,926.0,3,1,926.0,2191.0,7,2,2191.0,0.0,0,0,0.0,0.0,0,0,0.0,0.0,0,0,0.0,0.5421093547551179,0.0,0.0,0.0,0.0,0.0,0.0,0.2399585384814719,0.5677636693443897,0.0,0.0,0.0,1.4970864215423787,0.369814217245349,0.7904748192231394,251.0,,,,,,,78.0,224.0,,,,3.068163346613546,,,,,,,3.069166666666667,3.1268526785714283,,,,0.0105545560655855,,,,,,,0.0432590061140422,1.9236054508659843,,,
S027,R027,PUB,28,Image_021,224978,227727,2749,330,312,18,994.508,310,224982,227723,1440.0,1080.0,4032.0,3024.0,3.208090322580645,3.217,0.0231274690054079,0.4370902279113404,3.2046317996717923,0.149541781162657,3.203,zhidaoyu,3.067839549768264,3.021,4531.0,4.571646285183846,6.487917907977497,0.9454545454545454,0.0545454545454545,9,2734.0,303.77777777777777,150.0,517.0,224982.0,517.0,2840.644098833704,355.080512354213,2,1.0,4.0,9,376.0,41.77777777777778,1.578135610463169,0.0,0,0,0.0,0.0,0,0,0.0,0.0,0,0,0.0,1626.0,4,2,1626.0,0.0,0,0,0.0,0.0,0,0,0.0,0.0,0,0,0.0,0.0,0,0,0.0,0.0,0,0,0.0,0.0,0,0,0.0,0.0,0,0,0.0,0.0,0,0,0.0,0.0,0.0,0.0,0.5947329919531822,0.0,0.0,0.0,0.0,0.0,0.0,0.0,0.0,-0.0,1.0,0.9166666666666666,,,,134.0,,,,0.0,0.0,,,,,,,3.2369701492537315,,,,,,,,,,,,5.513019724197884,,,,,,,,
S027,R027,PUB,29,Image_022,227727,232377,4650,558,541,17,1717.821,536,227732,232373,1620.0,1080.0,5472.0,3648.0,3.204889925373134,3.189,0.0017261109192026,-0.4370902279113265,3.2046317996717923,0.149541781162657,3.203,zhidaoyu,3.067839549768264,3.021,4531.0,4.467325405437943,5.561072492552141,0.9695340501792116,0.0304659498207885,10,4594.0,459.4,67.0,1567.0,227732.0,467.0,2417.1395949569296,268.5710661063256,4,1.0,5.0,9,376.0,41.77777777777778,1.2414701922466478,0.0,0,0,0.0,0.0,0,0,0.0,0.0,0,0,0.0,0.0,0,0,0.0,0.0,0,0,0.0,0.0,0,0,0.0,0.0,0,0,0.0,0.0,0,0,0.0,292.0,2,2,292.0,0.0,0,0,0.0,0.0,0,0,0.0,0.0,0,0,0.0,0.0,0.0,0.0,0.0,0.0,0.0,0.0,0.0,0.063561166739225,0.0,0.0,0.0,-0.0,1.0,0.9166666666666666,,,,,,,,0.0,35.0,,,,,,,,,,,,3.2775714285714286,,,,,,,,,,,,6.836468315919833,,,
S027,R027,PUB,30,Image_024,232377,236377,4000,480,450,30,1375.767,450,232382,236374,1440.0,1080.0,4032.0,3024.0,3.0572600000000003,3.068,-0.9854891290314062,-4.214798626287849,3.2046317996717923,0.149541781162657,3.203,zhidaoyu,3.067839549768264,3.021,4531.0,-0.3448534252406519,1.555776233035424,0.9375,0.0625,10,4701.0,470.1,150.0,1567.0,232382.0,1567.0,2903.8610552036025,322.6512283559558,7,2.807354922057604,5.0,14,500.0,35.714285714285715,1.6132561417797793,0.0,0,0,0.0,0.0,0,0,0.0,0.0,0,0,0.0,0.0,0,0,0.0,783.0,1,1,783.0,0.0,0,0,0.0,0.0,0,0,0.0,517.0,2,2,517.0,1100.0,3,2,1100.0,0.0,0,0,0.0,0.0,0,0,0.0,558.0,2,1,558.0,0.0,0.0,0.0,0.0,0.1665603063178047,0.0,0.0,0.1099766007232503,0.2339927674962774,0.0,0.0,0.1186981493299298,1.9320287516407797,0.2744922034468587,0.7222785665990534,,,,,94.0,0.0,,40.0,132.0,,,67.0,,,,,3.181585106382979,,,3.00425,3.164909090909091,,,3.012611940298508,,,,,3.707676192625767,,,-2.07277951589962,3.1641009761465497,,,-1.8002117964066164
S027,R027,PUB,31,Image_025,236377,240277,3900,468,468,0,1461.968,468,236382,240274,1620.0,1080.0,5472.0,3648.0,3.123863247863248,3.11,-0.5401069265096685,-2.903527942553855,3.2046317996717923,0.149541781162657,3.203,zhidaoyu,3.067839549768264,3.021,4531.0,1.8261612834092489,2.946044356173452,1.0,0.0,15,3641.0,242.7333333333333,100.0,433.0,236382.0,242.0,3763.838512503687,268.8456080359776,6,2.2516291673878226,5.0,14,467.0,33.357142857142854,1.933149964301731,0.0,0,0,0.0,0.0,0,0,0.0,0.0,0,0,0.0,0.0,0,0,0.0,0.0,0,0,0.0,0.0,0,0,0.0,0.0,0,0,0.0,1192.0,4,2,1192.0,350.0,2,1,350.0,0.0,0,0,0.0,0.0,0,0,0.0,300.0,1,1,300.0,0.0,0.0,0.0,0.0,0.0,0.0,0.0,0.3273825872013183,0.0961274375171656,0.0,0.0,0.0823949464432848,1.2879811394241392,0.4813973858844361,0.830709373868983,,,,,,,,136.0,42.0,,,36.0,,,,,,,,3.165669117647059,3.0737380952380957,,,3.142027777777778,,,,,,,,3.1888749816197293,0.1922703379411503,,,2.4182564572230736
S028,R028,PUB,1,Image_001,47703,56337,8634,1036,1001,35,3668.955,1001,47711,56336,1440.0,1080.0,4032.0,3024.0,3.66528971028971,3.706,0.4564378012967296,3.2599609919197547,3.580306990386182,0.1861868575786098,3.589,zhidaoyu,3.7356558044806514,3.777,491.0,-1.883634303421159,-1.879798782102202,0.9662162162162162,0.0337837837837837,25,7984.0,319.36,100.0,775.0,47711.0,400.0,4385.543016118027,182.73095900491776,0,0.0,8.0,26,744.0,28.615384615384617,2.436412786732237,0.0,0,0,0.0,0.0,0,0,0.0,0.0,0,0,0.0,0.0,0,0,0.0,0.0,0,0,0.0,0.0,0,0,0.0,0.0,0,0,0.0,0.0,0,0,0.0,0.0,0,0,0.0,0.0,0,0,0.0,0.0,0,0,0.0,0.0,0,0,0.0,0.0,0.0,0.0,0.0,0.0,0.0,0.0,0.0,0.0,0.0,0.0,0.0,0.0,0.0,0.0,,,,,0.0,,,0.0,0.0,,0.0,0.0,,,,,,,,,,,,,,,,,,,,,,,,
S028,R028,PUB,2,Image_012,56337,60420,4083,489,469,20,1629.996,469,56345,60412,1440.0,1080.0,4032.0,3024.0,3.475471215351812,3.445,-0.5630675354736431,-4.012259682362779,3.580306990386182,0.1861868575786098,3.589,zhidaoyu,3.7356558044806514,3.777,491.0,-6.964897269624425,-8.79004500926662,0.9591002044989776,0.0408997955010225,13,3900.0,300.0,167.0,650.0,56345.0,325.0,2626.683388903878,218.8902824086565,7,0.9852281360342516,8.0,12,341.0,28.416666666666668,1.4592685493910431,0.0,0,0,0.0,0.0,0,0,0.0,0.0,0,0,0.0,0.0,0,0,0.0,0.0,0,0,0.0,0.0,0,0,0.0,0.0,0,0,0.0,0.0,0,0,0.0,0.0,0,0,0.0,0.0,0,0,0.0,2043.0,7,4,2043.0,0.0,0,0,0.0,0.0,0.0,0.0,0.0,0.0,0.0,0.0,0.0,0.0,0.0,0.5238461538461539,0.0,-0.0,1.0,0.9166666666666666,,,,,0.0,,,,0.0,0.0,226.0,,,,,,,,,,,,3.5059823008849555,,,,,,,,,,,,-6.148144144335217,
S028,R028,PUB,3,Image_023,60420,64753,4333,520,491,29,1744.679,491,60420,64745,1440.0,1080.0,960.0,720.0,3.553317718940937,3.579,-0.1449579835883432,-0.2786291446085201,3.580306990386182,0.1861868575786098,3.589,zhidaoyu,3.7356558044806514,3.777,491.0,-4.881019426923997,-5.242255758538521,0.9442307692307692,0.0557692307692307,12,4333.0,361.0833333333333,83.0,783.0,60420.0,408.0,2577.792689431476,234.344789948316,2,1.0,0.0,12,319.0,26.58333333333333,1.4321070496841533,0.0,0,0,0.0,0.0,0,0,0.0,0.0,0,0,0.0,0.0,0,0,0.0,0.0,0,0,0.0,0.0,0,0,0.0,0.0,0,0,0.0,0.0,0,0,0.0,0.0,0,0,0.0,0.0,0,0,0.0,0.0,0,0,0.0,83.0,1,1,83.0,0.0,0.0,0.0,0.0,0.0,0.0,0.0,0.0,0.0,0.0,0.0,0.0191553196399723,-0.0,1.0,0.9166666666666666,,,,,,,,0.0,0.0,0.0,,10.0,,,,,,,,,,,,3.6297,,,,,,,,,,,,-2.836337447191074
S028,R028,PUB,4,Image_026,64753,67020,2267,272,251,21,882.913,251,64753,67012,1439.0,1080.0,1706.0,1280.0,3.517581673306773,3.53,-0.3368944397857195,-1.6439119531903084,3.580306990386182,0.1861868575786098,3.589,zhidaoyu,3.7356558044806514,3.777,491.0,-5.837639830530271,-6.539581678580893,0.9227941176470588,0.0772058823529411,5,2566.0,513.2,308.0,783.0,64753.0,783.0,925.8256843459272,231.45642108648175,0,0.0,0.0,3,108.0,36.0,0.5145762743805141,0.0,0,0,0.0,0.0,0,0,0.0,0.0,0,0,0.0,0.0,0,0,0.0,0.0,0,0,0.0,0.0,0,0,0.0,0.0,0,0,0.0,0.0,0,0,0.0,0.0,0,0,0.0,0.0,0,0,0.0,0.0,0,0,0.0,0.0,0,0,0.0,0.0,0.0,0.0,0.0,0.0,0.0,0.0,0.0,0.0,0.0,0.0,0.0,0.0,0.0,0.0,,,,,0.0,,,0.0,0.0,,,,,,,,,,,,,,,,,,,,,,,,,,,
S028,R028,PUB,5,Image_027,67020,69903,2883,346,309,37,1118.755,309,67020,69895,810.0,1080.0,1280.0,1706.0,3.620566343042072,3.649,0.2162309046914942,1.6717748676511577,3.580306990386182,0.1861868575786098,3.589,zhidaoyu,3.7356558044806514,3.777,491.0,-3.0808368720838373,-3.388933015620866,0.8930635838150289,0.1069364161849711,8,2941.0,367.625,150.0,667.0,67020.0,667.0,1521.5477631721076,217.36396616744395,1,-0.0,0.0,7,184.0,26.285714285714285,1.127072417164524,0.0,0,0,0.0,0.0,0,0,0.0,2274.0,7,1,2274.0,0.0,0,0,0.0,0.0,0,0,0.0,0.0,0,0,0.0,0.0,0,0,0.0,0.0,0,0,0.0,0.0,0,0,0.0,0.0,0,0,0.0,0.0,0,0,0.0,0.0,0,0,0.0,0.0,0.0,0.773206392383543,0.0,0.0,0.0,0.0,0.0,0.0,0.0,0.0,0.0,-0.0,1.0,0.9166666666666666,,,266.0,,,,,0.0,0.0,,,,,,3.619172932330827,,,,,,,,,,,,-3.118137169117976,,,,,,,,,
S028,R028,PUB,6,Image_028,69903,71636,1733,208,208,0,721.301,208,69903,71628,1620.0,1080.0,5472.0,3648.0,3.4677932692307687,3.4525,-0.6043053877092754,-3.803287823906389,3.580306990386182,0.1861868575786098,3.589,zhidaoyu,3.7356558044806514,3.777,491.0,-7.170428681587869,-8.59147471538259,1.0,0.0,8,1992.0,249.0,167.0,342.0,69903.0,258.0,1591.4442143261,227.34917347515716,4,2.0,0.0,7,217.0,31.0,0.8173837203409196,183.0,1,1,183.0,0.0,0,0,0.0,0.0,0,0,0.0,0.0,0,0,0.0,0.0,0,0,0.0,0.0,0,0,0.0,0.0,0,0,0.0,441.0,2,1,441.0,642.0,3,1,642.0,0.0,0,0,0.0,0.0,0,0,0.0,0.0,0,0,0.0,0.091867469879518,0.0,0.0,0.0,0.0,0.0,0.0,0.2213855421686747,0.322289156626506,0.0,0.0,0.0,1.43010215701968,0.3993957907504323,0.8104265402843602,22.0,,,,,,,29.0,77.0,,,,3.757,,,,,,,3.745724137931034,3.342090909090909,,,,0.5713640826798728,,,,,,,0.269519837408656,-10.53536289177631,,,
S028,R028,PUB,7,Image_029,71636,74253,2617,314,294,20,1073.531,294,71637,74245,1620.0,1080.0,6000.0,4000.0,3.6514659863945576,3.658,0.382191293917356,1.922541097798828,3.580306990386182,0.1861868575786098,3.589,zhidaoyu,3.7356558044806514,3.777,491.0,-2.253682418629526,-3.1506486629600268,0.9363057324840764,0.0636942675159235,7,2493.0,356.1428571428572,100.0,667.0,71637.0,342.0,1466.515720366921,244.41928672782012,2,1.0,1.0,6,167.0,27.83333333333333,0.7532190350508465,0.0,0,0,0.0,0.0,0,0,0.0,0.0,0,0,0.0,0.0,0,0,0.0,0.0,0,0,0.0,0.0,0,0,0.0,0.0,0,0,0.0,0.0,0,0,0.0,0.0,0,0,0.0,0.0,0,0,0.0,242.0,1,1,242.0,0.0,0,0,0.0,0.0,0.0,0.0,0.0,0.0,0.0,0.0,0.0,0.0,0.0,0.0970718010429201,0.0,-0.0,1.0,0.9166666666666666,,,,,0.0,,,0.0,0.0,,29.0,,,,,,,,,,,,3.552655172413793,,,,,,,,,,,,-4.898755175660511,
S028,R028,PUB,8,Image_030,74253,78836,4583,550,515,35,1754.493,515,74253,78828,1920.0,1079.0,2275.0,1279.0,3.4067825242718444,3.432,-0.9319909491521128,-4.37447757035386,3.580306990386182,0.1861868575786098,3.589,zhidaoyu,3.7356558044806514,3.777,491.0,-8.803629065995509,-9.134233518665612,0.9363636363636364,0.0636363636363636,14,4391.0,313.6428571428572,117.0,525.0,74253.0,525.0,3690.130703154181,283.85620793493695,0,0.0,0.0,15,510.0,34.0,1.675491320189365,0.0,0,0,0.0,0.0,0,0,0.0,0.0,0,0,0.0,0.0,0,0,0.0,0.0,0,0,0.0,0.0,0,0,0.0,0.0,0,0,0.0,0.0,0,0,0.0,0.0,0,0,0.0,0.0,0,0,0.0,0.0,0,0,0.0,0.0,0,0,0.0,0.0,0.0,0.0,0.0,0.0,0.0,0.0,0.0,0.0,0.0,0.0,0.0,0.0,0.0,0.0,0.0,,,,,0.0,,0.0,0.0,,,,,,,,,,,,,,,,,,,,,,,,,,,
S028,R028,PUB,9,Image_031,78836,85636,6800,816,784,32,2818.246,784,78837,85628,1621.0,1080.0,2731.0,1820.0,3.594701530612245,3.607,0.0773123324238139,0.5015324602953535,3.580306990386182,0.1861868575786098,3.589,zhidaoyu,3.7356558044806514,3.777,491.0,-3.773213626890943,-4.500926661371456,0.9607843137254902,0.0392156862745098,21,6034.0,287.3333333333333,67.0,575.0,78837.0,425.0,5773.379068063256,288.66895340316285,2,1.0,1.0,21,676.0,32.19047619047619,2.9640058975519272,0.0,0,0,0.0,0.0,0,0,0.0,142.0,1,1,142.0,0.0,0,0,0.0,0.0,0,0,0.0,0.0,0,0,0.0,0.0,0,0,0.0,0.0,0,0,0.0,0.0,0,0,0.0,0.0,0,0,0.0,0.0,0,0,0.0,0.0,0,0,0.0,0.0,0.0,0.0235333112363274,0.0,0.0,0.0,0.0,0.0,0.0,0.0,0.0,0.0,-0.0,1.0,0.9166666666666666,,,17.0,,,,,,0.0,0.0,,,,,3.760882352941177,,,,,,,,,,,,0.6752910273550355,,,,,,,,,
S028,R028,PUB,10,Image_002,85636,91969,6333,760,739,21,2835.81,739,85637,91962,810.0,1080.0,3072.0,4096.0,3.837361299052775,3.861,1.3806254212011804,7.5787127333519155,3.580306990386182,0.1861868575786098,3.589,zhidaoyu,3.7356558044806514,3.777,491.0,2.7225606398248665,2.223987291501193,0.9723684210526315,0.0276315789473684,21,5651.0,269.0952380952381,108.0,525.0,85670.0,192.0,2667.5175729261027,133.37587864630513,9,0.9910760598382222,34.0,21,485.0,23.09523809523809,1.975938942908224,0.0,0,0,0.0,0.0,0,0,0.0,0.0,0,0,0.0,0.0,0,0,0.0,0.0,0,0,0.0,0.0,0,0,0.0,0.0,0,0,0.0,0.0,0,0,0.0,0.0,0,0,0.0,258.0,1,1,258.0,2417.0,9,5,2417.0,0.0,0,0,0.0,0.0,0.0,0.0,0.0,0.0,0.0,0.0,0.0,0.0,0.0456556361705892,0.427711909396567,0.0,0.45763574424368,0.8257074679011267,0.9005919003115265,,,,,,,,,0.0,31.0,290.0,,,,,,,,,,,4.045483870967741,3.8486758620689656,,,,,,,,,,,8.293806568460441,3.0254408731327653,
S028,R028,PUB,11,Image_003,91969,96386,4417,530,501,29,1823.598,501,91970,96379,1620.0,1080.0,5472.0,3648.0,3.6399161676646714,3.662,0.3201578137883379,2.033992755642239,3.580306990386182,0.1861868575786098,3.589,zhidaoyu,3.7356558044806514,3.777,491.0,-2.5628602266072806,-3.0447445062218748,0.9452830188679244,0.0547169811320754,13,3808.0,292.9230769230769,167.0,475.0,91970.0,192.0,3071.6766574347275,255.9730547862273,1,-0.0,1.0,13,384.0,29.53846153846154,1.5776478190921288,0.0,0,0,0.0,0.0,0,0,0.0,0.0,0,0,0.0,0.0,0,0,0.0,0.0,0,0,0.0,0.0,0,0,0.0,0.0,0,0,0.0,0.0,0,0,0.0,0.0,0,0,0.0,0.0,0,0,0.0,0.0,0,0,0.0,192.0,1,1,192.0,0.0,0.0,0.0,0.0,0.0,0.0,0.0,0.0,0.0,0.0,0.0,0.0504201680672268,-0.0,1.0,0.9166666666666666,,,,,0.0,,,0.0,0.0,,,23.0,,,,,,,,,,,,3.847130434782609,,,,,,,,,,,,2.984071235049313
S028,R028,PUB,12,Image_004,96386,100486,4100,492,458,34,1748.552,458,96387,100479,1439.0,1080.0,1706.0,1280.0,3.817799126637554,3.8345,1.275558003072803,6.840345500139322,3.580306990386182,0.1861868575786098,3.589,zhidaoyu,3.7356558044806514,3.777,491.0,2.198899643226706,1.5223722531109374,0.9308943089430894,0.0691056910569105,14,4058.0,289.85714285714283,150.0,650.0,96387.0,475.0,3153.5646814037564,242.58189856951967,4,1.0,1.0,14,402.0,28.714285714285715,1.7527592852656169,0.0,0,0,0.0,0.0,0,0,0.0,592.0,2,2,592.0,0.0,0,0,0.0,0.0,0,0,0.0,0.0,0,0,0.0,0.0,0,0,0.0,0.0,0,0,0.0,0.0,0,0,0.0,0.0,0,0,0.0,0.0,0,0,0.0,0.0,0,0,0.0,0.0,0.0,0.145884672252341,0.0,0.0,0.0,0.0,0.0,0.0,0.0,0.0,0.0,-0.0,1.0,0.9166666666666666,,,71.0,,0.0,,,0.0,0.0,,,,,,3.890380281690141,,,,,,,,,,,,4.141829047095511,,,,,,,,,
S028,R028,PUB,13,Image_005,100486,104802,4316,518,444,74,1652.74,444,100487,104795,1920.0,1080.0,960.0,540.0,3.7223873873873874,3.7325,0.7631064772722616,3.998328225132348,3.580306990386182,0.1861868575786098,3.589,zhidaoyu,3.7356558044806514,3.777,491.0,-0.3551830732732247,-1.178183743711946,0.8571428571428571,0.1428571428571428,14,3351.0,239.3571428571429,167.0,342.0,100487.0,275.0,3874.539646536284,298.04151127202186,0,0.0,1.0,15,568.0,37.86666666666667,1.7588301945521996,0.0,0,0,0.0,0.0,0,0,0.0,0.0,0,0,0.0,0.0,0,0,0.0,0.0,0,0,0.0,0.0,0,0,0.0,0.0,0,0,0.0,0.0,0,0,0.0,0.0,0,0,0.0,0.0,0,0,0.0,0.0,0,0,0.0,0.0,0,0,0.0,0.0,0.0,0.0,0.0,0.0,0.0,0.0,0.0,0.0,0.0,0.0,0.0,0.0,0.0,0.0,,,,,0.0,,0.0,0.0,,,,0.0,,,,,,,,,,,,,,,,,,,,,,,,
S028,R028,PUB,14,Image_006,104802,107236,2434,292,273,19,1021.106,273,104804,107229,1439.0,1080.0,1706.0,1280.0,3.740315018315018,3.756,0.8593948574553881,4.65310671496238,3.580306990386182,0.1861868575786098,3.589,zhidaoyu,3.7356558044806514,3.777,491.0,0.1247227817075239,-0.5559968228753072,0.934931506849315,0.0650684931506849,8,2283.0,285.375,158.0,517.0,104804.0,233.0,1533.9594597919277,219.1370656845611,0,0.0,2.0,8,251.0,31.375,0.8525785763095616,0.0,0,0,0.0,0.0,0,0,0.0,0.0,0,0,0.0,0.0,0,0,0.0,0.0,0,0,0.0,0.0,0,0,0.0,0.0,0,0,0.0,0.0,0,0,0.0,0.0,0,0,0.0,0.0,0,0,0.0,0.0,0,0,0.0,0.0,0,0,0.0,0.0,0.0,0.0,0.0,0.0,0.0,0.0,0.0,0.0,0.0,0.0,0.0,0.0,0.0,0.0,,,,,0.0,,,,0.0,,0.0,,,,,,,,,,,,,,,,,,,,,,,,,
S028,R028,PUB,15,Image_007,107236,108819,1583,190,190,0,667.984,190,107237,108812,1439.0,1080.0,1706.0,1280.0,3.5157052631578942,3.467,-0.3469725418240784,-3.399275564224015,3.580306990386182,0.1861868575786098,3.589,zhidaoyu,3.7356558044806514,3.777,491.0,-5.887869569218402,-8.207572147206779,1.0,0.0,6,1875.0,312.5,217.0,450.0,107237.0,450.0,1118.2882485277412,223.65764970554824,0,0.0,1.0,5,150.0,30.0,0.6215474579509563,0.0,0,0,0.0,0.0,0,0,0.0,0.0,0,0,0.0,0.0,0,0,0.0,0.0,0,0,0.0,0.0,0,0,0.0,0.0,0,0,0.0,0.0,0,0,0.0,0.0,0,0,0.0,0.0,0,0,0.0,0.0,0,0,0.0,0.0,0,0,0.0,0.0,0.0,0.0,0.0,0.0,0.0,0.0,0.0,0.0,0.0,0.0,0.0,0.0,0.0,0.0,0.0,,,,,,,0.0,0.0,,,,,,,,,,,,,,,,,,,,,,,,,,,
S028,R028,PUB,16,Image_008,108819,111202,2383,286,270,15,954.847,270,108820,111195,1440.0,1080.0,4096.0,3072.0,3.53647037037037,3.545,-0.235444223002174,-1.2259682362775155,3.580306990386182,0.1861868575786098,3.589,zhidaoyu,3.7356558044806514,3.777,491.0,-5.3320071370433215,-6.142441090812819,0.944055944055944,0.0524475524475524,9,2216.0,246.22222222222223,167.0,283.0,108820.0,275.0,2464.0916530557097,308.0114566319637,0,0.0,1.0,8,283.0,35.375,1.368939807253172,0.0,0,0,0.0,0.0,0,0,0.0,0.0,0,0,0.0,0.0,0,0,0.0,0.0,0,0,0.0,0.0,0,0,0.0,0.0,0,0,0.0,0.0,0,0,0.0,0.0,0,0,0.0,0.0,0,0,0.0,0.0,0,0,0.0,0.0,0,0,0.0,0.0,0.0,0.0,0.0,0.0,0.0,0.0,0.0,0.0,0.0,0.0,0.0,0.0,0.0,0.0,,,,,,,,,0.0,,0.0,,,,,,,,,,,,,,,,,,,,,,,,,
S028,R028,PUB,17,Image_009,111202,112952,1750,210,190,20,676.623,190,111204,112945,1440.0,1080.0,4032.0,3024.0,3.5611736842105266,3.5705,-0.1027639996962583,-0.5154639175257721,3.580306990386182,0.1861868575786098,3.589,zhidaoyu,3.7356558044806514,3.777,491.0,-4.670722609423652,-5.467302091607099,0.9047619047619048,0.0952380952380952,7,1676.0,239.42857142857144,150.0,317.0,111204.0,275.0,1321.8019450408235,220.30032417347056,1,-0.0,2.0,6,192.0,32.0,0.7343344139115686,0.0,0,0,0.0,0.0,0,0,0.0,0.0,0,0,0.0,0.0,0,0,0.0,0.0,0,0,0.0,0.0,0,0,0.0,0.0,0,0,0.0,0.0,0,0,0.0,0.0,0,0,0.0,0.0,0,0,0.0,0.0,0,0,0.0,275.0,1,1,275.0,0.0,0.0,0.0,0.0,0.0,0.0,0.0,0.0,0.0,0.0,0.0,0.1640811455847255,-0.0,1.0,0.9166666666666666,,,,,0.0,,,0.0,0.0,,,18.0,,,,,,,,,,,,3.606944444444444,,,,,,,,,,,,-3.445482313489028
S028,R028,PUB,18,Image_010,112952,114769,1817,218,218,0,787.768,218,112954,114762,1440.0,1080.0,1600.0,1200.0,3.613614678899083,3.598,0.1788938754650706,0.2507662301476706,3.580306990386182,0.1861868575786098,3.589,zhidaoyu,3.7356558044806514,3.777,491.0,-3.266926397105134,-4.739211014032308,1.0,0.0,7,1710.0,244.28571428571428,92.0,500.0,112954.0,242.0,1806.8406655019787,301.14011091699643,0,0.0,2.0,6,201.0,33.5,1.0038003697233215,0.0,0,0,0.0,0.0,0,0,0.0,0.0,0,0,0.0,0.0,0,0,0.0,0.0,0,0,0.0,0.0,0,0,0.0,0.0,0,0,0.0,0.0,0,0,0.0,0.0,0,0,0.0,0.0,0,0,0.0,0.0,0,0,0.0,0.0,0,0,0.0,0.0,0.0,0.0,0.0,0.0,0.0,0.0,0.0,0.0,0.0,0.0,0.0,0.0,0.0,0.0,,,,,,,,0.0,0.0,0.0,0.0,,,,,,,,,,,,,,,,,,,,,,,,,
S028,R028,PUB,19,Image_011,114769,117052,2283,274,274,0,1016.783,274,114770,117045,1440.0,1080.0,960.0,720.0,3.710886861313869,3.72,0.7013377454558242,3.650041794371698,3.580306990386182,0.1861868575786098,3.589,zhidaoyu,3.7356558044806514,3.777,491.0,-0.6630413631007916,-1.509134233518664,1.0,0.0,7,2733.0,390.4285714285714,167.0,558.0,114770.0,500.0,1362.2884860303557,227.0480810050593,0,0.0,1.0,6,210.0,35.0,0.756826936683531,0.0,0,0,0.0,0.0,0,0,0.0,0.0,0,0,0.0,0.0,0,0,0.0,0.0,0,0,0.0,0.0,0,0,0.0,0.0,0,0,0.0,0.0,0,0,0.0,0.0,0,0,0.0,0.0,0,0,0.0,0.0,0,0,0.0,0.0,0,0,0.0,0.0,0.0,0.0,0.0,0.0,0.0,0.0,0.0,0.0,0.0,0.0,0.0,0.0,0.0,0.0,,,,,,,,0.0,0.0,,,0.0,,,,,,,,,,,,,,,,,,,,,,,,
S028,R028,PUB,20,Image_013,117052,120002,2950,354,337,17,1145.547,337,117054,119996,1920.0,1080.0,3840.0,2160.0,3.3992492581602374,3.383,-0.9724517325262902,-5.739760378935635,3.580306990386182,0.1861868575786098,3.589,zhidaoyu,3.7356558044806514,3.777,491.0,-9.005287529887482,-10.431559438707971,0.9519774011299436,0.0480225988700565,9,3008.0,334.22222222222223,158.0,650.0,117054.0,483.0,2100.1691266289317,262.5211408286164,0,0.0,2.0,8,242.0,30.25,0.9533625180177115,0.0,0,0,0.0,0.0,0,0,0.0,0.0,0,0,0.0,0.0,0,0,0.0,0.0,0,0,0.0,0.0,0,0,0.0,0.0,0,0,0.0,0.0,0,0,0.0,0.0,0,0,0.0,0.0,0,0,0.0,0.0,0,0,0.0,0.0,0,0,0.0,0.0,0.0,0.0,0.0,0.0,0.0,0.0,0.0,0.0,0.0,0.0,0.0,0.0,0.0,0.0,,,,,0.0,,,0.0,0.0,,0.0,0.0,,,,,,,,,,,,,,,,,,,,,,,,
S028,R028,PUB,21,Image_014,120002,125985,5983,718,684,34,2429.234,684,120004,125979,1440.0,1080.0,4032.0,3024.0,3.551511695906433,3.582,-0.1546580400691921,-0.1950404012259715,3.580306990386182,0.1861868575786098,3.589,zhidaoyu,3.7356558044806514,3.777,491.0,-4.929364968618125,-5.162827640984916,0.9526462395543176,0.0473537604456824,20,5793.0,289.65,100.0,650.0,120004.0,650.0,4694.86382056466,247.09809581919265,0,0.0,2.0,21,578.0,27.52380952380953,2.608257678091478,0.0,0,0,0.0,0.0,0,0,0.0,0.0,0,0,0.0,0.0,0,0,0.0,0.0,0,0,0.0,0.0,0,0,0.0,0.0,0,0,0.0,0.0,0,0,0.0,0.0,0,0,0.0,0.0,0,0,0.0,0.0,0,0,0.0,0.0,0,0,0.0,0.0,0.0,0.0,0.0,0.0,0.0,0.0,0.0,0.0,0.0,0.0,0.0,0.0,0.0,0.0,,,0.0,,0.0,0.0,,0.0,0.0,,,,,,,,,,,,,,,,,,,,,,,,,,,
S028,R028,PUB,22,Image_015,125985,128618,2633,316,298,18,1004.741,298,125987,128612,1440.0,1080.0,4032.0,3024.0,3.371614093959732,3.362,-1.1208787727583749,-6.324881582613538,3.580306990386182,0.1861868575786098,3.589,zhidaoyu,3.7356558044806514,3.777,491.0,-9.745054940133343,-10.987556261583268,0.9430379746835444,0.0569620253164556,7,2700.0,385.7142857142857,225.0,942.0,125987.0,308.0,1734.7546854852344,289.12578091420573,0,0.0,2.0,6,192.0,32.0,0.9637526030473524,0.0,0,0,0.0,0.0,0,0,0.0,0.0,0,0,0.0,0.0,0,0,0.0,0.0,0,0,0.0,0.0,0,0,0.0,0.0,0,0,0.0,0.0,0,0,0.0,0.0,0,0,0.0,0.0,0,0,0.0,0.0,0,0,0.0,0.0,0,0,0.0,0.0,0.0,0.0,0.0,0.0,0.0,0.0,0.0,0.0,0.0,0.0,0.0,0.0,0.0,0.0,,,,,0.0,,,,0.0,0.0,0.0,,,,,,,,,,,,,,,,,,,,,,,,,
S028,R028,PUB,23,Image_016,128618,131968,3350,402,381,21,1274.873,381,128621,131962,1440.0,1080.0,4032.0,3024.0,3.346123359580053,3.338,-1.2577881911308098,-6.993591529674001,3.580306990386182,0.1861868575786098,3.589,zhidaoyu,3.7356558044806514,3.777,491.0,-10.427417976607543,-11.62298120201218,0.9477611940298508,0.0522388059701492,9,3766.0,418.44444444444446,167.0,942.0,128621.0,942.0,1925.160716463012,240.64508955787647,2,1.0,3.0,8,258.0,32.25,1.06953373136834,0.0,0,0,0.0,0.0,0,0,0.0,0.0,0,0,0.0,0.0,0,0,0.0,0.0,0,0,0.0,0.0,0,0,0.0,0.0,0,0,0.0,0.0,0,0,0.0,0.0,0,0,0.0,0.0,0,0,0.0,258.0,1,1,258.0,0.0,0,0,0.0,0.0,0.0,0.0,0.0,0.0,0.0,0.0,0.0,0.0,0.0,0.0685077004779607,0.0,-0.0,1.0,0.9166666666666666,,,,,,,,,0.0,,31.0,,,,,,,,,,,,3.4498387096774192,,,,,,,,,,,,-7.6510553906067855,
S028,R028,PUB,24,Image_017,131968,134385,2417,290,270,20,892.36,270,131971,134379,1440.0,1080.0,4032.0,3024.0,3.305037037037037,3.266,-1.4784607083930357,-8.99972137085539,3.580306990386182,0.1861868575786098,3.589,zhidaoyu,3.7356558044806514,3.777,491.0,-11.527260271867595,-13.529256023298917,0.9310344827586208,0.0689655172413793,8,2675.0,334.375,175.0,583.0,131971.0,583.0,1798.3193009754473,256.9027572822068,3,0.9182958340544896,3.0,7,202.0,28.857142857142858,0.999066278319693,0.0,0,0,0.0,0.0,0,0,0.0,0.0,0,0,0.0,0.0,0,0,0.0,0.0,0,0,0.0,0.0,0,0,0.0,0.0,0,0,0.0,0.0,0,0,0.0,0.0,0,0,0.0,0.0,0,0,0.0,1725.0,6,2,1725.0,0.0,0,0,0.0,0.0,0.0,0.0,0.0,0.0,0.0,0.0,0.0,0.0,0.0,0.6448598130841121,0.0,-0.0,1.0,0.9166666666666666,,,,,0.0,,,,0.0,,179.0,,,,,,,,,,,,3.2616983240223467,,,,,,,,,,,,-12.687396946202234,
S028,R028,PUB,25,Image_018,134385,138535,4150,498,465,33,1687.035,465,134387,138529,1440.0,1080.0,3648.0,2736.0,3.628032258064516,3.65,0.2563299488428387,1.6996377821120074,3.580306990386182,0.1861868575786098,3.589,zhidaoyu,3.7356558044806514,3.777,491.0,-2.880981333640228,-3.362456976436331,0.933734939759036,0.0662650602409638,11,3808.0,346.1818181818182,117.0,975.0,134387.0,267.0,2582.361117739344,258.2361117739344,2,1.0,2.0,13,325.0,25.0,1.4346450654107468,0.0,0,0,0.0,0.0,0,0,0.0,0.0,0,0,0.0,0.0,0,0,0.0,0.0,0,0,0.0,0.0,0,0,0.0,0.0,0,0,0.0,0.0,0,0,0.0,0.0,0,0,0.0,0.0,0,0,0.0,292.0,1,1,292.0,0.0,0,0,0.0,0.0,0.0,0.0,0.0,0.0,0.0,0.0,0.0,0.0,0.0,0.0766806722689075,0.0,-0.0,1.0,0.9166666666666666,,0.0,0.0,,,,,,0.0,,35.0,,,,,,,,,,,,3.7986,,,,,,,,,,,,1.6849570413808346,
S028,R028,PUB,26,Image_019,138535,140552,2017,242,210,32,699.716,210,138537,140546,1439.0,1080.0,1706.0,1280.0,3.3319809523809525,3.308,-1.33374633008339,-7.829478963499587,3.580306990386182,0.1861868575786098,3.589,zhidaoyu,3.7356558044806514,3.777,491.0,-10.805996944780617,-12.417262377548328,0.8677685950413223,0.1322314049586777,5,1766.0,353.2,83.0,508.0,138537.0,475.0,1230.4716089279063,307.6179022319766,2,1.0,2.0,5,184.0,36.8,0.683899255506655,0.0,0,0,0.0,0.0,0,0,0.0,0.0,0,0,0.0,0.0,0,0,0.0,0.0,0,0,0.0,0.0,0,0,0.0,0.0,0,0,0.0,0.0,0,0,0.0,0.0,0,0,0.0,0.0,0,0,0.0,83.0,1,1,83.0,0.0,0,0,0.0,0.0,0.0,0.0,0.0,0.0,0.0,0.0,0.0,0.0,0.0,0.0469988674971687,0.0,-0.0,1.0,0.9166666666666666,,,,,0.0,,,,0.0,,10.0,,,,,,,,,,,,3.3622,,,,,,,,,,,,-9.997061400376282,
S028,R028,PUB,27,Image_020,140552,142185,1633,196,172,24,601.328,172,140554,142179,1439.0,1080.0,1706.0,1280.0,3.4960930232558143,3.4865,-0.4523088698396016,-2.855948732237393,3.580306990386182,0.1861868575786098,3.589,zhidaoyu,3.7356558044806514,3.777,491.0,-6.412870825451818,-7.691289383108292,0.8775510204081632,0.1224489795918367,7,1891.0,270.1428571428572,125.0,392.0,140554.0,392.0,889.3304973634092,148.2217495605682,0,0.0,2.0,6,142.0,23.666666666666668,0.494292156465216,0.0,0,0,0.0,0.0,0,0,0.0,0.0,0,0,0.0,0.0,0,0,0.0,0.0,0,0,0.0,0.0,0,0,0.0,0.0,0,0,0.0,1891.0,7,1,1891.0,0.0,0,0,0.0,0.0,0,0,0.0,0.0,0,0,0.0,0.0,0,0,0.0,0.0,0.0,0.0,0.0,0.0,0.0,0.0,1.0,0.0,0.0,0.0,0.0,-0.0,1.0,0.9166666666666666,0.0,,,,,,,154.0,0.0,,,,,,,,,,,3.4937402597402603,,,,,,,,,,,,-6.475852096711661,,,,
S028,R028,PUB,28,Image_021,142185,145418,3233,388,364,24,1299.458,364,142187,145412,1440.0,1080.0,4032.0,3024.0,3.5699395604395607,3.599,-0.0556829310159241,0.2786291446085325,3.580306990386182,0.1861868575786098,3.589,zhidaoyu,3.7356558044806514,3.777,491.0,-4.436068329483832,-4.712734974847761,0.9381443298969072,0.0618556701030927,10,2984.0,298.4,200.0,542.0,142187.0,308.0,2517.540412327362,279.726712480818,0,0.0,2.0,8,267.0,33.375,1.39863356240409,0.0,0,0,0.0,0.0,0,0,0.0,0.0,0,0,0.0,0.0,0,0,0.0,0.0,0,0,0.0,0.0,0,0,0.0,0.0,0,0,0.0,0.0,0,0,0.0,0.0,0,0,0.0,0.0,0,0,0.0,0.0,0,0,0.0,0.0,0,0,0.0,0.0,0.0,0.0,0.0,0.0,0.0,0.0,0.0,0.0,0.0,0.0,0.0,0.0,0.0,0.0,,,,0.0,,,,0.0,0.0,,,,,,,,,,,,,,,,,,,,,,,,,,,
S028,R028,PUB,29,Image_022,145418,149668,4250,510,467,43,1725.61,467,145421,149663,1620.0,1080.0,5472.0,3648.0,3.695096359743041,3.696,0.616527776716967,2.9813318473112345,3.580306990386182,0.1861868575786098,3.589,zhidaoyu,3.7356558044806514,3.777,491.0,-1.0857382708803671,-2.144559173947576,0.915686274509804,0.084313725490196,14,3749.0,267.7857142857143,158.0,433.0,145421.0,275.0,2988.5882433590505,229.8914033353116,0,0.0,3.0,13,402.0,30.923076923076923,1.534972671321924,0.0,0,0,0.0,0.0,0,0,0.0,0.0,0,0,0.0,0.0,0,0,0.0,0.0,0,0,0.0,0.0,0,0,0.0,0.0,0,0,0.0,0.0,0,0,0.0,0.0,0,0,0.0,0.0,0,0,0.0,0.0,0,0,0.0,0.0,0,0,0.0,0.0,0.0,0.0,0.0,0.0,0.0,0.0,0.0,0.0,0.0,0.0,0.0,0.0,0.0,0.0,,,,,,,,0.0,0.0,,,,,,,,,,,,,,,,,,,,,,,,,,,
S028,R028,PUB,30,Image_024,149668,153935,4267,512,495,17,1696.489,495,149671,153929,1440.0,1080.0,4032.0,3024.0,3.4272505050505053,3.424,-0.8220584810668227,-4.59738088604068,3.580306990386182,0.1861868575786098,3.589,zhidaoyu,3.7356558044806514,3.777,491.0,-8.255720429602642,-9.346041832141918,0.966796875,0.033203125,13,4177.0,321.3076923076923,133.0,492.0,149671.0,367.0,2272.129701836236,189.34414181968637,0,0.0,3.0,12,300.0,25.0,1.262294278797909,0.0,0,0,0.0,0.0,0,0,0.0,0.0,0,0,0.0,0.0,0,0,0.0,0.0,0,0,0.0,0.0,0,0,0.0,0.0,0,0,0.0,0.0,0,0,0.0,0.0,0,0,0.0,0.0,0,0,0.0,0.0,0,0,0.0,0.0,0,0,0.0,0.0,0.0,0.0,0.0,0.0,0.0,0.0,0.0,0.0,0.0,0.0,0.0,0.0,0.0,0.0,,,,,0.0,0.0,,0.0,0.0,,,0.0,,,,,,,,,,,,,,,,,,,,,,,,
S028,R028,PUB,31,Image_025,153935,156185,2250,270,252,18,889.617,252,153938,156179,1620.0,1080.0,5472.0,3648.0,3.5302261904761902,3.5285,-0.2689813908527208,-1.6857063248815765,3.580306990386182,0.1861868575786098,3.589,zhidaoyu,3.7356558044806514,3.777,491.0,-5.499157972692855,-6.579295737357689,0.9333333333333332,0.0666666666666666,6,2282.0,380.3333333333333,233.0,658.0,153938.0,433.0,1948.5068935006068,389.7013787001214,0,0.0,3.0,6,216.0,36.0,1.0007751446027762,0.0,0,0,0.0,0.0,0,0,0.0,0.0,0,0,0.0,0.0,0,0,0.0,0.0,0,0,0.0,0.0,0,0,0.0,0.0,0,0,0.0,0.0,0,0,0.0,0.0,0,0,0.0,0.0,0,0,0.0,0.0,0,0,0.0,0.0,0,0,0.0,0.0,0.0,0.0,0.0,0.0,0.0,0.0,0.0,0.0,0.0,0.0,0.0,0.0,0.0,0.0,,,,,,,,0.0,0.0,,,0.0,,,,,,,,,,,,,,,,,,,,,,,,
S029,R029,PUB,1,Image_001,115156,138222,23066,2768,2200,550,3613.189,1557,115157,138216,1440.0,1080.0,4032.0,3024.0,2.320609505459217,2.289,-0.3279755273132369,-2.926208651399489,2.3743634192721,0.1638961121679812,2.358,zhidaoyu,2.230515010201108,2.194,3431.0,4.03917906160989,4.329990884229726,0.7947976878612717,0.1986994219653179,59,9617.0,163.0,67.0,542.0,115591.0,150.0,8715.237864481247,150.2627218014008,26,3.1125853906355427,435.0,221,5613.0,25.398190045248867,4.841798813600692,0.0,0,0,0.0,0.0,0,0,0.0,0.0,0,0,0.0,0.0,0,0,0.0,0.0,0,0,0.0,0.0,0,0,0.0,0.0,0,0,0.0,591.0,5,4,591.0,592.0,4,4,592.0,0.0,0,0,0.0,366.0,3,3,366.0,592.0,3,3,592.0,0.0,0.0,0.0,0.0,0.0,0.0,0.0,0.0614536757824685,0.0615576583134033,0.0,0.0380576063221378,0.0615576583134033,1.9738848725660056,0.2583324043534288,0.6930951268877471,,,,,0.0,,,44.0,50.0,,30.0,47.0,,,,,,,,2.317659090909091,2.23986,,2.2004333333333337,2.2986382978723405,,,,,,,,3.906904024829932,0.4189610810128192,,-1.3486426556287587,3.054150604666426
S029,R029,PUB,2,Image_012,138222,149422,11200,1344,1195,146,2194.197,1010,138224,149416,1440.0,1080.0,4032.0,3024.0,2.172472277227723,2.159,-1.231823863139924,-8.439355385920283,2.3743634192721,0.1638961121679812,2.358,zhidaoyu,2.230515010201108,2.194,3431.0,-2.60221216660415,-1.5952597994530602,0.8891369047619048,0.1086309523809523,30,7233.0,241.1,75.0,717.0,138241.0,225.0,4948.127263621059,170.62507805589857,15,2.072905595320056,19.0,74,1818.0,24.56756756756757,2.748959590900588,0.0,0,0,0.0,0.0,0,0,0.0,0.0,0,0,0.0,0.0,0,0,0.0,1691.0,9,7,1691.0,0.0,0,0,0.0,0.0,0,0,0.0,0.0,0,0,0.0,0.0,0,0,0.0,158.0,1,1,158.0,3401.0,10,3,3401.0,0.0,0,0,0.0,0.0,0.0,0.0,0.0,0.2337895755564772,0.0,0.0,0.0,0.0,0.0218443246232545,0.4702060002765104,0.0,1.0843175270776788,0.5243082448979592,0.8529523809523809,,,,,179.0,,,,0.0,17.0,364.0,,,,,,2.1625251396648046,,,,,2.150588235294118,2.17089010989011,,,,,,-3.0481691548972463,,,,,-3.5833327523666254,-2.673144992896604,
S029,R029,PUB,3,Image_023,149422,158988,9566,1148,979,158,1560.909,691,149424,158983,1440.0,1080.0,960.0,720.0,2.2589131693198263,2.239,-0.7044111567084992,-5.046649703138262,2.3743634192721,0.1638961121679812,2.358,zhidaoyu,2.230515010201108,2.194,3431.0,1.2731660172131236,2.0510483135824944,0.8527874564459931,0.1376306620209059,31,6907.0,222.80645161290323,83.0,633.0,149424.0,542.0,8177.06045228371,272.5686817427903,7,2.807354922057604,2.0,50,1518.0,30.36,4.542811362379839,0.0,0,0,0.0,0.0,0,0,0.0,0.0,0,0,0.0,0.0,0,0,0.0,0.0,0,0,0.0,0.0,0,0,0.0,0.0,0,0,0.0,142.0,1,1,142.0,142.0,1,1,142.0,799.0,4,2,799.0,0.0,0,0,0.0,416.0,2,2,416.0,0.0,0.0,0.0,0.0,0.0,0.0,0.0,0.0205588533371941,0.0205588533371941,0.1156797451860431,0.0,0.0602287534385406,1.641238699078295,0.3790763778031251,0.7914720925061152,,,,,,,,8.0,8.0,15.0,,44.0,,,,,,,,2.384,2.384,2.4802666666666666,,2.288,,,,,,,,6.8811457935471765,6.8811457935471765,11.197039935769832,,2.5772070367600377
S029,R029,PUB,4,Image_026,158988,167655,8667,1040,845,189,1593.972,691,158991,167649,1439.0,1080.0,1706.0,1280.0,2.3067612156295225,2.323,-0.4124698429288561,-1.4843087362171392,2.3743634192721,0.1638961121679812,2.358,zhidaoyu,2.230515010201108,2.194,3431.0,3.4183229020969472,5.8796718322698265,0.8125,0.1817307692307692,26,5668.0,218.0,67.0,633.0,158991.0,633.0,5773.396427216062,230.93585708864248,4,1.0,3.0,45,1502.0,33.37777777777778,3.208868444968068,0.0,0,0,0.0,0.0,0,0,0.0,0.0,0,0,0.0,0.0,0,0,0.0,0.0,0,0,0.0,0.0,0,0,0.0,0.0,0,0,0.0,484.0,3,2,484.0,0.0,0,0,0.0,0.0,0,0,0.0,0.0,0,0,0.0,0.0,0,0,0.0,0.0,0.0,0.0,0.0,0.0,0.0,0.0,0.0853916725476358,0.0,0.0,0.0,0.0,-0.0,1.0,0.9166666666666666,,,,,0.0,,,49.0,0.0,,,,,,,,,,,2.327734693877551,,,,,,,,,,,,4.358620463516963,,,,
S029,R029,PUB,5,Image_027,167655,172588,4933,592,585,4,1083.199,470,167658,172583,810.0,1080.0,1280.0,1706.0,2.304678723404256,2.316,-0.4251760151358729,-1.7811704834605708,2.3743634192721,0.1638961121679812,2.358,zhidaoyu,2.230515010201108,2.194,3431.0,3.324959162523675,5.560619872379212,0.9881756756756755,0.0067567567567567,22,4027.0,183.04545454545453,67.0,475.0,167658.0,375.0,3080.257171176114,146.67891291314828,9,2.4193819456463714,3.0,38,868.0,22.84210526315789,2.281671978648973,0.0,0,0,0.0,0.0,0,0,0.0,2368.0,10,4,2368.0,0.0,0,0,0.0,0.0,0,0,0.0,0.0,0,0,0.0,0.0,0,0,0.0,667.0,5,2,667.0,0.0,0,0,0.0,0.0,0,0,0.0,0.0,0,0,0.0,0.0,0,0,0.0,0.0,0.0,0.5880307921529675,0.0,0.0,0.0,0.0,0.1656319841072759,0.0,0.0,0.0,0.0,0.7597461328565629,0.6570584259965424,0.8800384404173531,,,250.0,,,,,30.0,0.0,,,,,,2.321872,,,,,2.1216,,,,,,,4.09578009477977,,,,,-4.882953475004324,,,,
S029,R029,PUB,6,Image_028,172588,181021,8433,1012,919,89,1855.113,792,172591,181016,1620.0,1080.0,5472.0,3648.0,2.342314393939394,2.3485,-0.1955447564238624,-0.4028837998303674,2.3743634192721,0.1638961121679812,2.358,zhidaoyu,2.230515010201108,2.194,3431.0,5.012267715167985,7.041932543299913,0.908102766798419,0.0879446640316205,27,6702.0,248.22222222222223,67.0,717.0,172591.0,67.0,6625.47118043615,254.8258146321596,13,3.5465935642949384,3.0,36,1078.0,29.944444444444443,3.402916818400493,2217.0,6,3,2217.0,0.0,0,0,0.0,0.0,0,0,0.0,0.0,0,0,0.0,0.0,0,0,0.0,0.0,0,0,0.0,0.0,0,0,0.0,2776.0,9,4,2776.0,1201.0,7,4,1201.0,0.0,0,0,0.0,0.0,0,0,0.0,0.0,0,0,0.0,0.3307967770814682,0.0,0.0,0.0,0.0,0.0,0.0,0.4142047150104446,0.179200238734706,0.0,0.0,0.0,1.5083524502577208,0.3665693434614248,0.7923797223119148,252.0,,,,,,,303.0,123.0,,,,2.247880952380952,,,,,,,2.2544983498349835,2.351390243902439,,,,0.7785619957912082,,,,,,,1.075237760077354,5.419162531904802,,,
S029,R029,PUB,7,Image_029,181021,189471,8450,1014,966,36,1006.927,424,181025,189466,1620.0,1080.0,6000.0,4000.0,2.3748278301886794,2.369,0.0028335688408731,0.4664970313825327,2.3743634192721,0.1638961121679812,2.358,zhidaoyu,2.230515010201108,2.194,3431.0,6.469932698393268,7.976298997265281,0.9526627218934912,0.0355029585798816,29,6808.0,234.7586206896552,67.0,692.0,181025.0,392.0,7506.800918712144,268.100032811148,14,2.148834854280917,4.0,32,1143.0,35.71875,3.8555777246605154,0.0,0,0,0.0,0.0,0,0,0.0,0.0,0,0,0.0,0.0,0,0,0.0,2633.0,11,6,2633.0,0.0,0,0,0.0,0.0,0,0,0.0,592.0,2,2,592.0,167.0,1,1,167.0,0.0,0,0,0.0,0.0,0,0,0.0,0.0,0,0,0.0,0.0,0.0,0.0,0.0,0.3867508813160987,0.0,0.0,0.0869565217391304,0.024529964747356,0.0,0.0,0.0,0.9370843889338394,0.6354298196088465,0.8711674528301887,,,,,70.0,,,44.0,0.0,,0.0,,,,,,2.4028000000000005,,,2.603068181818182,,,,,,,,,7.724000466751351,,,16.70256285715305,,,,
S029,R029,PUB,8,Image_030,189471,199904,10433,1252,1154,90,2324.782,1026,189475,199900,1920.0,1079.0,2275.0,1279.0,2.2658693957115013,2.266,-0.6619682561438701,-3.901611535199325,2.3743634192721,0.1638961121679812,2.358,zhidaoyu,2.230515010201108,2.194,3431.0,1.585032396047657,3.281677301731999,0.9217252396166136,0.0718849840255591,34,7777.0,228.73529411764707,75.0,492.0,189908.0,75.0,5726.150659590448,173.5197169572863,13,2.5654483718208256,437.0,54,1619.0,29.98148148148148,2.5999392704544926,233.0,1,1,233.0,0.0,0,0,0.0,0.0,0,0,0.0,0.0,0,0,0.0,0.0,0,0,0.0,0.0,0,0,0.0,0.0,0,0,0.0,934.0,4,4,934.0,4151.0,19,6,4151.0,0.0,0,0,0.0,0.0,0,0,0.0,0.0,0,0,0.0,0.0299601388710299,0.0,0.0,0.0,0.0,0.0,0.0,0.1200977240581201,0.5337533753375338,0.0,0.0,0.0,0.9174216709748456,0.6420341002005436,0.8727905227529146,28.0,,,,,0.0,,105.0,478.0,,,,2.198642857142857,,,,,,,2.266952380952381,2.260242677824268,,,,-1.4289145292672656,,,,,,,1.633585543456522,1.332771467002116,,,
S029,R029,PUB,9,Image_031,199904,220854,20950,2514,1643,840,2370.999,972,199908,220850,1621.0,1080.0,2731.0,1820.0,2.439299382716049,2.418,0.3962019756600129,2.5445292620865163,2.3743634192721,0.1638961121679812,2.358,zhidaoyu,2.230515010201108,2.194,3431.0,9.360366173734771,10.209662716499556,0.6535401750198886,0.3341288782816229,34,5050.0,148.52941176470588,67.0,342.0,200000.0,75.0,5118.063827190027,155.09284324818265,12,1.650022421648354,96.0,203,5131.0,25.27586206896552,2.627572378151044,0.0,0,0,0.0,0.0,0,0,0.0,208.0,1,1,208.0,0.0,0,0,0.0,0.0,0,0,0.0,0.0,0,0,0.0,0.0,0,0,0.0,0.0,0,0,0.0,2134.0,15,6,2134.0,0.0,0,0,0.0,0.0,0,0,0.0,0.0,0,0,0.0,0.0,0.0,0.0411881188118811,0.0,0.0,0.0,0.0,0.0,0.4225742574257425,0.0,0.0,0.0,0.4324952406153611,0.8381495302430426,0.9018645032735554,,,24.0,,,,,,137.0,0.0,,,,,2.3409166666666668,,,,,,2.414883211678832,,,,,,4.949603834121015,,,,,,8.265723415199115,,,
S029,R029,PUB,10,Image_002,220854,233654,12800,1536,1275,239,2551.41,1039,220858,233650,810.0,1080.0,3072.0,4096.0,2.455640038498556,2.461,0.4959032777004117,4.368108566581839,2.3743634192721,0.1638961121679812,2.358,zhidaoyu,2.230515010201108,2.194,3431.0,10.092961816793622,12.16955332725615,0.830078125,0.1555989583333333,30,6794.0,226.46666666666667,67.0,567.0,220858.0,333.0,3792.129849624554,130.76309826291566,9,2.197159723424149,4.0,105,2688.0,25.6,2.808985073795966,0.0,0,0,0.0,0.0,0,0,0.0,0.0,0,0,0.0,0.0,0,0,0.0,0.0,0,0,0.0,0.0,0,0,0.0,0.0,0,0,0.0,0.0,0,0,0.0,0.0,0,0,0.0,1652.0,7,3,1652.0,4617.0,20,5,4617.0,0.0,0,0,0.0,0.0,0.0,0.0,0.0,0.0,0.0,0.0,0.0,0.0,0.2431557256402708,0.6795702090079482,0.0,0.8320101539951648,0.6118466189152816,0.8727468495772851,,,,,,,,,0.0,174.0,510.0,,,,,,,,,,,2.4006436781609195,2.4877254901960786,,,,,,,,,,,7.6273267465916925,11.531439098981,
S029,R029,PUB,11,Image_003,233654,246687,13033,1564,1203,353,2318.425,964,233659,246684,1620.0,1080.0,5472.0,3648.0,2.405005186721992,2.3785,0.1869584765896476,0.8693808312128813,2.3743634192721,0.1638961121679812,2.358,zhidaoyu,2.230515010201108,2.194,3431.0,7.822864931321457,8.409298085688235,0.7691815856777494,0.2257033248081841,32,6006.0,187.6875,67.0,633.0,233659.0,208.0,5817.72979710762,187.66870313250385,10,2.3709505944546687,5.0,104,2689.0,25.85576923076923,2.9880517222601477,0.0,0,0,0.0,0.0,0,0,0.0,0.0,0,0,0.0,0.0,0,0,0.0,0.0,0,0,0.0,0.0,0,0,0.0,0.0,0,0,0.0,67.0,1,1,67.0,3289.0,17,5,3289.0,0.0,0,0,0.0,0.0,0,0,0.0,192.0,1,1,192.0,0.0,0.0,0.0,0.0,0.0,0.0,0.0,0.0111555111555111,0.5476190476190477,0.0,0.0,0.0319680319680319,0.437222967346506,0.8626161236652691,0.9013528748590756,,,,,0.0,,,6.0,338.0,,,22.0,,,,,,,,2.746166666666667,2.395544378698225,,,2.3182727272727277,,,,,,,,23.118053638162543,7.398711407112993,,,3.934414996996898
S029,R029,PUB,12,Image_004,246687,260320,13633,1636,1345,276,2748.492,1120,246692,260317,1439.0,1080.0,1706.0,1280.0,2.4540107142857144,2.441,0.4859620765865509,3.519932145886333,2.3743634192721,0.1638961121679812,2.358,zhidaoyu,2.230515010201108,2.194,3431.0,10.019914820678814,11.25797629899726,0.8221271393643031,0.1687041564792176,46,8311.0,180.67391304347825,67.0,425.0,246725.0,258.0,12821.247774310346,284.9166172068966,21,2.301072329402873,38.0,82,2283.0,27.841463414634145,7.126082181739269,0.0,0,0,0.0,0.0,0,0,0.0,1484.0,8,4,1484.0,0.0,0,0,0.0,0.0,0,0,0.0,0.0,0,0,0.0,0.0,0,0,0.0,0.0,0,0,0.0,4367.0,24,8,4367.0,0.0,0,0,0.0,0.0,0,0,0.0,0.0,0,0,0.0,0.0,0.0,0.1785585368788352,0.0,0.0,0.0,0.0,0.0,0.5254482011791601,0.0,0.0,0.0,0.8169838994322167,0.6213945229801041,0.8743946903663191,,,171.0,,0.0,,,0.0,431.0,,,,,,2.4702690058479533,,,,,,2.451364269141531,,,,,,10.748817853739911,,,,,,9.901267551681302,,,
S029,R029,PUB,13,Image_005,260320,268453,8133,976,684,283,629.872,263,260325,268451,1920.0,1080.0,960.0,540.0,2.394950570342205,2.403,0.1256109787949389,1.9083969465648825,2.3743634192721,0.1638961121679812,2.358,zhidaoyu,2.230515010201108,2.194,3431.0,7.372089377971561,9.525979945305382,0.7008196721311475,0.2899590163934426,18,3533.0,196.27777777777777,75.0,342.0,260859.0,158.0,5221.377577671842,307.1398575101084,6,2.2516291673878226,539.0,53,1367.0,25.79245283018868,2.3702213368694864,0.0,0,0,0.0,0.0,0,0,0.0,0.0,0,0,0.0,0.0,0,0,0.0,0.0,0,0,0.0,0.0,0,0,0.0,508.0,2,1,508.0,333.0,2,2,333.0,0.0,0,0,0.0,0.0,0,0,0.0,0.0,0,0,0.0,158.0,1,1,158.0,0.0,0.0,0.0,0.0,0.0,0.0,0.1437871497311067,0.0942541749221624,0.0,0.0,0.0,0.0447212001132182,1.4452395911888418,0.3947060173286399,0.8083917250583917,,,,,0.0,,0.0,16.0,,,,16.0,,,,,,,,2.256375,,,,2.3355,,,,,,,,1.1593730452663586,,,,4.70676006746202
S029,R029,PUB,14,Image_006,268453,274853,6400,768,660,99,1089.91,440,268459,274851,1439.0,1080.0,1706.0,1280.0,2.477068181818181,2.458,0.6266455084719571,4.240882103477527,2.3743634192721,0.1638961121679812,2.358,zhidaoyu,2.230515010201108,2.194,3431.0,11.05364323886992,12.03281677301733,0.859375,0.12890625,17,2585.0,152.05882352941177,67.0,350.0,268534.0,67.0,4202.049478051376,262.628092378211,4,1.0,81.0,67,1715.0,25.59701492537313,2.335509806801109,0.0,0,0,0.0,0.0,0,0,0.0,0.0,0,0,0.0,0.0,0,0,0.0,0.0,0,0,0.0,0.0,0,0,0.0,0.0,0,0,0.0,0.0,0,0,0.0,0.0,0,0,0.0,0.0,0,0,0.0,158.0,2,2,158.0,0.0,0,0,0.0,0.0,0.0,0.0,0.0,0.0,0.0,0.0,0.0,0.0,0.0,0.0611218568665377,0.0,-0.0,1.0,0.9166666666666666,,,,,0.0,,,,0.0,,8.0,,,,,,,,,,,,2.3485,,,,,,,,,,,,5.289585107443607,
S029,R029,PUB,15,Image_007,274853,282019,7166,860,629,224,973.754,413,274859,282017,1439.0,1080.0,1706.0,1280.0,2.3577578692493946,2.338,-0.1013175346446651,-0.8481764206955054,2.3743634192721,0.1638961121679812,2.358,zhidaoyu,2.230515010201108,2.194,3431.0,5.7046403393992,6.563354603463998,0.7313953488372092,0.2604651162790697,17,2634.0,154.94117647058823,67.0,367.0,274867.0,367.0,4971.095796211253,310.69348726320334,1,-0.0,14.0,61,1793.0,29.39344262295082,2.762947709978678,0.0,0,0,0.0,0.0,0,0,0.0,0.0,0,0,0.0,0.0,0,0,0.0,0.0,0,0,0.0,0.0,0,0,0.0,0.0,0,0,0.0,0.0,0,0,0.0,100.0,1,1,100.0,0.0,0,0,0.0,0.0,0,0,0.0,0.0,0,0,0.0,0.0,0.0,0.0,0.0,0.0,0.0,0.0,0.0,0.037965072133637,0.0,0.0,0.0,-0.0,1.0,0.9166666666666666,0.0,,,,,,,0.0,2.0,,,,,,,,,,,,2.407,,,,,,,,,,,,7.912297787360767,,,
S029,R029,PUB,16,Image_008,282019,289019,7000,840,581,256,933.845,390,282026,289017,1440.0,1080.0,4096.0,3072.0,2.394474358974359,2.382,0.1227054103739005,1.0178117048346065,2.3743634192721,0.1638961121679812,2.358,zhidaoyu,2.230515010201108,2.194,3431.0,7.3507395387788925,8.568824065633555,0.6916666666666667,0.3047619047619048,14,2432.0,173.71428571428572,75.0,417.0,282684.0,125.0,6652.789582365351,511.75304479733467,3,0.9182958340544896,665.0,47,1320.0,28.08510638297872,3.695994212425195,0.0,0,0,0.0,0.0,0,0,0.0,0.0,0,0,0.0,0.0,0,0,0.0,0.0,0,0,0.0,0.0,0,0,0.0,0.0,0,0,0.0,0.0,0,0,0.0,0.0,0,0,0.0,0.0,0,0,0.0,250.0,2,2,250.0,0.0,0,0,0.0,0.0,0.0,0.0,0.0,0.0,0.0,0.0,0.0,0.0,0.0,0.1027960526315789,0.0,-0.0,1.0,0.9166666666666666,,,,,,,,,0.0,,12.0,,,,,,,,,,,,2.519833333333333,,,,,,,,,,,,12.97092024976508,
S029,R029,PUB,17,Image_009,289019,292319,3300,396,384,12,761.424,322,289026,292318,1440.0,1080.0,4032.0,3024.0,2.364670807453416,2.326,-0.0591387537536568,-1.3570822731128087,2.3743634192721,0.1638961121679812,2.358,zhidaoyu,2.230515010201108,2.194,3431.0,6.014565992102972,6.016408386508665,0.9696969696969696,0.0303030303030303,13,2918.0,224.46153846153845,67.0,817.0,289434.0,67.0,2050.0597558372365,170.83831298643636,6,2.2516291673878226,415.0,25,717.0,28.68,1.1389220865762424,0.0,0,0,0.0,0.0,0,0,0.0,0.0,0,0,0.0,0.0,0,0,0.0,0.0,0,0,0.0,0.0,0,0,0.0,0.0,0,0,0.0,67.0,1,1,67.0,1384.0,4,2,1384.0,0.0,0,0,0.0,0.0,0,0,0.0,233.0,1,1,233.0,0.0,0.0,0.0,0.0,0.0,0.0,0.0,0.022960932145305,0.4742974640164496,0.0,0.0,0.0798492117888965,0.8125049180103718,0.6961686347966892,0.8803444180522565,,,,,0.0,,,6.0,96.0,,,28.0,,,,,,,,2.4455,2.3973229166666665,,,2.2709642857142858,,,,,,,,9.63835655961394,7.478448058079591,,,1.813450047553403
S029,R029,PUB,18,Image_010,292319,292569,250,30,30,0,70.215,29,292326,292568,1440.0,1080.0,1600.0,1200.0,2.421206896551724,2.422,0.2858120101812588,2.714164546225617,2.3743634192721,0.1638961121679812,2.358,zhidaoyu,2.230515010201108,2.194,3431.0,8.54923125280482,10.39197812215133,1.0,0.0,1,817.0,817.0,817.0,817.0,292326.0,817.0,0.0,,0,0.0,7.0,0,0.0,,0.0,0.0,0,0,0.0,0.0,0,0,0.0,0.0,0,0,0.0,0.0,0,0,0.0,0.0,0,0,0.0,0.0,0,0,0.0,0.0,0,0,0.0,0.0,0,0,0.0,0.0,0,0,0.0,0.0,0,0,0.0,0.0,0,0,0.0,0.0,0,0,0.0,0.0,0.0,0.0,0.0,0.0,0.0,0.0,0.0,0.0,0.0,0.0,0.0,0.0,0.0,0.0,,,,,,,,0.0,0.0,0.0,0.0,,,,,,,,,,,,,,,,,,,,,,,,,
S029,R029,PUB,19,Image_011,292569,298852,6283,754,572,180,1229.111,505,292576,298851,1440.0,1080.0,960.0,720.0,2.4338831683168314,2.418,0.3631553443057158,2.5445292620865163,2.3743634192721,0.1638961121679812,2.358,zhidaoyu,2.230515010201108,2.194,3431.0,9.117542683444542,10.209662716499556,0.7586206896551724,0.2387267904509283,16,3902.0,243.875,100.0,817.0,292576.0,817.0,4085.562404585432,272.3708269723622,6,1.9182958340544891,7.0,30,1009.0,33.63333333333333,2.2697568914363515,0.0,0,0,0.0,0.0,0,0,0.0,0.0,0,0,0.0,0.0,0,0,0.0,0.0,0,0,0.0,0.0,0,0,0.0,0.0,0,0,0.0,0.0,0,0,0.0,150.0,1,1,150.0,0.0,0,0,0.0,0.0,0,0,0.0,434.0,2,2,434.0,0.0,0.0,0.0,0.0,0.0,0.0,0.0,0.0,0.0384418247052793,0.0,0.0,0.1112250128139415,0.8219546300182259,0.6182445111653219,0.8738584474885844,,,,,,,,0.0,17.0,,,46.0,,,,,,,,,2.591764705882353,,,2.459934782608696,,,,,,,,,16.19579756375071,,,10.285506771232296
S029,R029,PUB,20,Image_013,298852,313102,14250,1710,1453,247,2619.459,1053,298859,313101,1920.0,1080.0,3840.0,2160.0,2.487615384615385,2.476,0.690998485840897,5.004240882103472,2.3743634192721,0.1638961121679812,2.358,zhidaoyu,2.230515010201108,2.194,3431.0,11.526502769021764,12.85323609845032,0.8497076023391813,0.1444444444444444,42,8709.0,207.3571428571429,67.0,458.0,298868.0,67.0,10440.569750311408,254.64804269052212,14,2.495602923729013,16.0,98,2349.0,23.96938775510204,4.739450618757285,0.0,0,0,0.0,0.0,0,0,0.0,0.0,0,0,0.0,0.0,0,0,0.0,309.0,2,2,309.0,0.0,0,0,0.0,0.0,0,0,0.0,292.0,1,1,292.0,950.0,7,5,950.0,0.0,0,0,0.0,200.0,1,1,200.0,0.0,0,0,0.0,0.0,0.0,0.0,0.0,0.0354805373751291,0.0,0.0,0.0335285337007693,0.1090825582730508,0.0,0.0229647491101159,0.0,1.708699746030499,0.3663550664203958,0.7745573957738435,,,,,31.0,,,35.0,100.0,,21.0,0.0,,,,,2.379774193548387,,,2.325542857142857,2.38284,,2.424523809523809,,,,,,6.691691500153654,,,4.260354514860729,6.829139866902663,,8.697937401694924,
S029,R029,PUB,21,Image_014,313102,337968,24866,2984,2090,889,4453.473,1777,313109,337968,1440.0,1080.0,4032.0,3024.0,2.506175014068655,2.471,0.804238691528314,4.7921967769296,2.3743634192721,0.1638961121679812,2.358,zhidaoyu,2.230515010201108,2.194,3431.0,12.35858098272528,12.625341841385604,0.7004021447721179,0.2979222520107238,49,9611.0,196.14285714285717,67.0,617.0,313109.0,133.0,14291.732816465745,297.7444336763697,12,2.251629167387823,7.0,186,5508.0,29.61290322580645,7.939851564703192,0.0,0,0,0.0,0.0,0,0,0.0,367.0,2,2,367.0,0.0,0,0,0.0,0.0,0,0,0.0,0.0,0,0,0.0,0.0,0,0,0.0,0.0,0,0,0.0,1118.0,10,5,1118.0,0.0,0,0,0.0,0.0,0,0,0.0,0.0,0,0,0.0,0.0,0.0,0.0381854125481219,0.0,0.0,0.0,0.0,0.0,0.1163250442201643,0.0,0.0,0.0,0.8067104443533499,0.6278783344103209,0.8754769921436588,,,34.0,,0.0,0.0,,0.0,110.0,,,,,,2.419705882352941,,,,,,2.395036363636364,,,,,,8.481936740464933,,,,,,7.3759357225945,,,
S029,R029,PUB,22,Image_015,337968,370785,32817,3937,3267,639,5590.553,2398,337976,370777,1440.0,1080.0,4032.0,3024.0,2.3313398665554628,2.303,-0.2625050231364929,-2.3324851569126444,2.3743634192721,0.1638961121679812,2.358,zhidaoyu,2.230515010201108,2.194,3431.0,4.520250071989616,4.9680948040109385,0.8298196596393193,0.1623063246126492,86,14221.0,165.36046511627907,67.0,617.0,337976.0,617.0,10950.088051486951,128.82456531161122,35,2.7289039178493995,8.0,335,8239.0,24.594029850746267,6.0833822508260855,0.0,0,0,0.0,0.0,0,0,0.0,0.0,0,0,0.0,0.0,0,0,0.0,1051.0,5,4,1051.0,0.0,0,0,0.0,0.0,0,0,0.0,0.0,0,0,0.0,4976.0,37,11,4976.0,0.0,0,0,0.0,1117.0,5,4,1117.0,0.0,0,0,0.0,0.0,0.0,0.0,0.0,0.0739047886927782,0.0,0.0,0.0,0.3499050699669503,0.0,0.0785458125307643,0.0,1.188761599259802,0.531242162508198,0.8415686823441583,,,,,112.0,,,,418.0,0.0,124.0,,,,,,2.3009285714285714,,,,2.345875598086125,,2.267153225806452,,,,,,3.156829741357124,,,,5.171926095875742,,1.6425899596183562,
S029,R029,PUB,23,Image_016,370785,376284,5499,660,657,0,1340.552,576,370785,376277,1440.0,1080.0,4032.0,3024.0,2.327347222222222,2.3005,-0.2868658470781163,-2.4385072094995803,2.3743634192721,0.1638961121679812,2.358,zhidaoyu,2.230515010201108,2.194,3431.0,4.341249064823977,4.85414767547858,0.9954545454545456,0.0,23,4507.0,195.95652173913044,83.0,358.0,370785.0,133.0,4813.41212885682,218.79146040258277,7,1.950212064914747,0.0,35,1019.0,29.114285714285717,2.6741178493649,0.0,0,0,0.0,0.0,0,0,0.0,0.0,0,0,0.0,0.0,0,0,0.0,0.0,0,0,0.0,0.0,0,0,0.0,0.0,0,0,0.0,0.0,0,0,0.0,358.0,2,2,358.0,0.0,0,0,0.0,1174.0,7,2,1174.0,0.0,0,0,0.0,0.0,0.0,0.0,0.0,0.0,0.0,0.0,0.0,0.07943199467495,0.0,0.2604836920346128,0.0,0.7843739200634656,0.6418511272147196,0.8777197563098347,,,,,,,,,28.0,,123.0,,,,,,,,,,2.2826071428571426,,2.330382113821138,,,,,,,,,,2.33543071522921,,4.4773114353992085,
S029,R029,PUB,24,Image_017,376284,381284,5000,600,498,100,868.884,366,376285,381277,1440.0,1080.0,4032.0,3024.0,2.374,2.373,-0.0022173757955121,0.6361323155216337,2.3743634192721,0.1638961121679812,2.358,zhidaoyu,2.230515010201108,2.194,3431.0,6.432818839715193,8.15861440291706,0.83,0.1666666666666666,16,2642.0,165.125,83.0,350.0,376285.0,283.0,6034.083036109881,402.2722024073254,6,1.9182958340544891,1.0,46,1367.0,29.717391304347824,3.3522683533943782,0.0,0,0,0.0,0.0,0,0,0.0,0.0,0,0,0.0,0.0,0,0,0.0,458.0,3,1,458.0,0.0,0,0,0.0,0.0,0,0,0.0,0.0,0,0,0.0,0.0,0,0,0.0,0.0,0,0,0.0,1167.0,7,3,1167.0,0.0,0,0,0.0,0.0,0.0,0.0,0.0,0.1733535200605601,0.0,0.0,0.0,0.0,0.0,0.4417108251324754,0.0,0.8579541456407942,0.595182201183432,0.8696923076923077,,,,,9.0,,,,0.0,,107.0,,,,,,2.333333333333333,,,,,,2.2978317757009346,,,,,,4.609622560798423,,,,,,3.017992041835986,
S029,R029,PUB,25,Image_018,381284,387334,6050,726,711,10,1503.641,620,381285,387327,1440.0,1080.0,3648.0,2736.0,2.425227419354839,2.381,0.3103429325438004,0.9754028837998172,2.3743634192721,0.1638961121679812,2.358,zhidaoyu,2.230515010201108,2.194,3431.0,8.729482126918088,8.523245214220594,0.9793388429752066,0.0137741046831955,21,4450.0,211.9047619047619,67.0,467.0,381285.0,350.0,4337.658701213313,216.8829350606657,14,2.807354922057604,1.0,48,1329.0,27.6875,2.409810389562952,0.0,0,0,0.0,916.0,6,3,916.0,666.0,3,2,666.0,0.0,0,0,0.0,0.0,0,0,0.0,0.0,0,0,0.0,0.0,0,0,0.0,0.0,0,0,0.0,0.0,0,0,0.0,0.0,0,0,0.0,1451.0,5,4,1451.0,0.0,0,0,0.0,0.0,0.2058426966292134,0.1496629213483146,0.0,0.0,0.0,0.0,0.0,0.0,0.0,0.3260674157303371,0.0,1.5108141182433243,0.3682987521916573,0.7931366084185075,,98.0,76.0,,,,,,0.0,,134.0,,,2.4028877551020407,2.426986842105264,,,,,,,,2.3124477611940297,,,7.727934764509439,8.808361791138152,,,,,,,,3.6732660671731834,
S029,R029,PUB,26,Image_019,387334,392018,4684,562,461,97,763.529,319,387335,392010,1439.0,1080.0,1706.0,1280.0,2.3935078369905955,2.395,0.1168082480130707,1.5691263782866802,2.3743634192721,0.1638961121679812,2.358,zhidaoyu,2.230515010201108,2.194,3431.0,7.307407753099667,9.161349134001826,0.8202846975088968,0.1725978647686832,11,1801.0,163.72727272727272,67.0,367.0,387335.0,367.0,2478.7628762638824,247.87628762638823,5,1.9219280948873625,1.0,53,1321.0,24.92452830188679,1.377702722561336,0.0,0,0,0.0,0.0,0,0,0.0,0.0,0,0,0.0,0.0,0,0,0.0,359.0,3,2,359.0,0.0,0,0,0.0,0.0,0,0,0.0,0.0,0,0,0.0,0.0,0,0,0.0,0.0,0,0,0.0,667.0,3,2,667.0,0.0,0,0,0.0,0.0,0.0,0.0,0.0,0.1993337034980566,0.0,0.0,0.0,0.0,0.0,0.3703498056635202,0.0,0.9339809799515046,0.545058498531362,0.8583495776478233,,,,,30.0,,,,0.0,,43.0,,,,,,2.297066666666667,,,,,,2.4444418604651164,,,,,,2.9836901415677266,,,,,,9.59091731217358,
S029,R029,PUB,27,Image_020,392018,398217,6199,744,640,102,1242.223,532,392019,398210,1439.0,1080.0,1706.0,1280.0,2.3350056390977443,2.328,-0.240138583238734,-1.2722646310432677,2.3743634192721,0.1638961121679812,2.358,zhidaoyu,2.230515010201108,2.194,3431.0,4.68459653572182,6.1075660893345445,0.8602150537634409,0.1370967741935483,19,3873.0,203.8421052631579,75.0,517.0,392019.0,158.0,4263.551334193108,236.86396301072824,8,2.5,1.0,36,1093.0,30.36111111111111,2.369692695152556,1724.0,8,3,1724.0,0.0,0,0,0.0,0.0,0,0,0.0,0.0,0,0,0.0,0.0,0,0,0.0,0.0,0,0,0.0,0.0,0,0,0.0,533.0,3,1,533.0,2674.0,12,4,2674.0,0.0,0,0,0.0,0.0,0,0,0.0,0.0,0,0,0.0,0.445132971856442,0.0,0.0,0.0,0.0,0.0,0.0,0.1376194164730183,0.6904208623805835,0.0,0.0,0.0,1.3557839262965214,0.4279927324804878,0.8223653079159061,176.0,,,,,,,63.0,254.0,,,,2.2823636363636366,,,,,,,2.3694444444444445,2.3240196850393704,,,,2.324513662782024,,,,,,,6.228581005191725,4.192066603928922,,,
S029,R029,PUB,28,Image_021,398217,404734,6517,782,570,200,980.069,409,398219,404727,1440.0,1080.0,4032.0,3024.0,2.396256723716381,2.395,0.1335803769514818,1.5691263782866802,2.3743634192721,0.1638961121679812,2.358,zhidaoyu,2.230515010201108,2.194,3431.0,7.430647754319734,9.161349134001826,0.7289002557544757,0.2557544757033248,19,3817.0,200.8947368421053,67.0,417.0,398344.0,100.0,4589.560582397182,254.97558791095452,10,2.9219280948873623,127.0,36,788.0,21.88888888888889,2.5497558791095454,0.0,0,0,0.0,0.0,0,0,0.0,0.0,0,0,0.0,784.0,4,2,784.0,0.0,0,0,0.0,0.0,0,0,0.0,0.0,0,0,0.0,133.0,1,1,133.0,1716.0,8,4,1716.0,0.0,0,0,0.0,0.0,0,0,0.0,0.0,0,0,0.0,0.0,0.0,0.0,0.2053969085669373,0.0,0.0,0.0,0.0348441184176054,0.4495677233429395,0.0,0.0,0.0,1.1405320844899665,0.5159615554657074,0.8502025572857324,,,,85.0,,,,13.0,97.0,,,,,,,2.335658823529412,,,,2.3136153846153844,2.408701030927835,,,,,,,4.713880554375817,,,,3.725613772345065,7.9885595887858,,,
S029,R029,PUB,29,Image_022,404734,410067,5333,640,573,51,1117.64,454,404735,410061,1620.0,1080.0,5472.0,3648.0,2.4617621145374446,2.441,0.5332566716150509,3.519932145886333,2.3743634192721,0.1638961121679812,2.358,zhidaoyu,2.230515010201108,2.194,3431.0,10.367430986957892,11.25797629899726,0.8953125,0.0796875,17,3807.0,223.94117647058823,83.0,492.0,404735.0,292.0,2516.7951803997203,157.29969877498252,5,1.9219280948873625,1.0,38,869.0,22.86842105263158,1.2926544263207738,0.0,0,0,0.0,0.0,0,0,0.0,0.0,0,0,0.0,0.0,0,0,0.0,0.0,0,0,0.0,0.0,0,0,0.0,0.0,0,0,0.0,474.0,3,2,474.0,575.0,2,1,575.0,0.0,0,0,0.0,0.0,0,0,0.0,0.0,0,0,0.0,0.0,0.0,0.0,0.0,0.0,0.0,0.0,0.1245074862096138,0.1510375623850801,0.0,0.0,0.0,0.9933025528241466,0.5046351284668045,0.8413568477915475,,,,,,,,45.0,21.0,,,,,,,,,,,2.4564,2.506619047619048,,,,,,,,,,,10.127032939290808,12.37848820362997,,,
S029,R029,PUB,30,Image_024,410067,415817,5750,690,538,134,990.516,426,410069,415811,1440.0,1080.0,4032.0,3024.0,2.3251549295774647,2.3275,-0.3002419584193686,-1.2934690415606622,2.3743634192721,0.1638961121679812,2.358,zhidaoyu,2.230515010201108,2.194,3431.0,4.242962676490745,6.084776663628064,0.7797101449275362,0.1942028985507246,18,3252.0,180.66666666666663,67.0,492.0,410069.0,492.0,4020.618931412056,236.50699596541503,8,3.0,2.0,43,1281.0,29.79069767441861,2.2336771841178087,0.0,0,0,0.0,0.0,0,0,0.0,0.0,0,0,0.0,0.0,0,0,0.0,150.0,2,1,150.0,0.0,0,0,0.0,0.0,0,0,0.0,450.0,3,1,450.0,534.0,5,2,534.0,0.0,0,0,0.0,0.0,0,0,0.0,75.0,1,1,75.0,0.0,0.0,0.0,0.0,0.0461254612546125,0.0,0.0,0.1383763837638376,0.1642066420664206,0.0,0.0,0.0230627306273062,1.6737611686780784,0.352868375521061,0.782258064516129,,,,,17.0,0.0,,2.0,55.0,,,9.0,,,,,2.269294117647059,,,2.503,2.3042727272727275,,,2.3168888888888888,,,,,1.7385719113566844,,,12.216236544147906,3.306757261632117,,,3.872373792274688
S029,R029,PUB,31,Image_025,415817,421234,5417,650,619,24,1311.196,565,415819,421227,1620.0,1080.0,5472.0,3648.0,2.320700884955752,2.314,-0.3274179820772541,-1.865988125530112,2.3743634192721,0.1638961121679812,2.358,zhidaoyu,2.230515010201108,2.194,3431.0,4.043275850742331,5.469462169553332,0.9523076923076924,0.0369230769230769,21,4781.0,227.66666666666663,150.0,542.0,415819.0,408.0,4430.370825573785,221.51854127868924,6,2.2516291673878226,2.0,24,818.0,34.083333333333336,2.2754884873113967,0.0,0,0,0.0,0.0,0,0,0.0,0.0,0,0,0.0,0.0,0,0,0.0,0.0,0,0,0.0,0.0,0,0,0.0,0.0,0,0,0.0,408.0,1,1,408.0,375.0,2,2,375.0,0.0,0,0,0.0,0.0,0,0,0.0,217.0,1,1,217.0,0.0,0.0,0.0,0.0,0.0,0.0,0.0,0.0853377954402844,0.0784354737502614,0.0,0.0,0.0453879941434846,1.5366480831785487,0.3541779999999999,0.7818333333333334,,,,,,,,24.0,40.0,,,25.0,,,,,,,,2.212,2.34995,,,2.26408,,,,,,,,-0.8300778123630937,5.354592515749253,,,1.5048089631939128
S030,R030,PUB,1,Image_001,57965,67949,9984,1198,1118,80,3471.606,1102,57970,67946,1440.0,1080.0,4032.0,3024.0,3.150277676950998,3.18,0.0824148888026449,1.923076923076925,3.1364388454011736,0.167916644078275,3.12,zhidaoyu,3.2803195876288664,3.166,194.0,-3.9643061355453937,0.4421983575489651,0.9332220367278798,0.0667779632721202,30,8347.0,278.2333333333333,108.0,550.0,57970.0,333.0,7984.962958066692,275.3435502781618,13,2.661226256269789,5.0,35,1163.0,33.22857142857143,4.436090532259273,0.0,0,0,0.0,0.0,0,0,0.0,0.0,0,0,0.0,0.0,0,0,0.0,0.0,0,0,0.0,0.0,0,0,0.0,0.0,0,0,0.0,225.0,1,1,225.0,674.0,3,3,674.0,0.0,0,0,0.0,0.0,0,0,0.0,1333.0,4,4,1333.0,0.0,0.0,0.0,0.0,0.0,0.0,0.0,0.0269557925002995,0.0807475739786749,0.0,0.0,0.1596980951239966,1.2994945240585751,0.4580230052286069,0.8327359617682198,,,,,0.0,,,27.0,49.0,,0.0,160.0,,,,,,,,3.276407407407407,3.256591836734694,,,3.2802999999999995,,,,,,,,-0.1192621669002407,-0.7233365609758622,,,-0.0005971256258311
S030,R030,PUB,2,Image_012,67949,69632,1683,202,192,10,573.547,186,67954,69629,1440.0,1080.0,4032.0,3024.0,3.0835860215053765,3.096,-0.3147563136812064,-0.7692307692307698,3.1364388454011736,0.167916644078275,3.12,zhidaoyu,3.2803195876288664,3.166,194.0,-5.997390219704052,-2.210991787744783,0.9504950495049505,0.0495049504950495,7,1849.0,264.1428571428572,150.0,508.0,67954.0,458.0,1857.8070005495272,309.6345000915879,2,1.0,5.0,6,192.0,32.0,1.0321150003052928,0.0,0,0,0.0,0.0,0,0,0.0,0.0,0,0,0.0,0.0,0,0,0.0,158.0,1,1,158.0,0.0,0,0,0.0,0.0,0,0,0.0,0.0,0,0,0.0,0.0,0,0,0.0,0.0,0,0,0.0,508.0,1,1,508.0,0.0,0,0,0.0,0.0,0.0,0.0,0.0,0.0854515954570037,0.0,0.0,0.0,0.0,0.0,0.2747431043807463,0.0,0.7904156357015286,0.63808853898944,0.8771271271271271,,,,,19.0,,,,0.0,0.0,31.0,,,,,,3.087736842105264,,,,,,2.9561612903225805,,,,,,-5.870853140343221,,,,,,-9.881912071274716,
S030,R030,PUB,3,Image_023,69632,73048,3416,410,397,13,1255.603,395,69637,73046,1440.0,1080.0,960.0,720.0,3.178741772151899,3.118,0.2519281336459156,-0.0641025641025712,3.1364388454011736,0.167916644078275,3.12,zhidaoyu,3.2803195876288664,3.166,194.0,-3.0965829018626705,-1.5161086544535705,0.9682926829268292,0.0317073170731707,13,3350.0,257.6923076923077,100.0,508.0,69637.0,508.0,3146.0670957784923,262.172257981541,4,2.0,5.0,13,426.0,32.76923076923077,1.7478150532102734,0.0,0,0,0.0,0.0,0,0,0.0,0.0,0,0,0.0,0.0,0,0,0.0,0.0,0,0,0.0,0.0,0,0,0.0,0.0,0,0,0.0,0.0,0,0,0.0,233.0,1,1,233.0,359.0,2,1,359.0,0.0,0,0,0.0,0.0,0,0,0.0,0.0,0.0,0.0,0.0,0.0,0.0,0.0,0.0,0.0695522388059701,0.1071641791044776,0.0,0.0,0.967071703725364,0.5226499726077429,0.8510698198198198,,,,,,,,0.0,28.0,43.0,,0.0,,,,,,,,,3.246107142857143,3.3810465116279067,,,,,,,,,,,-1.0429607194600687,3.0706436159121107,,
S030,R030,PUB,4,Image_026,73048,74298,1250,150,150,0,481.417,150,73054,74296,1439.0,1080.0,1706.0,1280.0,3.209446666666667,3.1165000000000003,0.4347860908383836,-0.1121794871794819,3.1364388454011736,0.167916644078275,3.12,zhidaoyu,3.2803195876288664,3.166,194.0,-2.160549271768637,-1.5634870499052322,1.0,0.0,6,1483.0,247.16666666666663,150.0,342.0,73054.0,342.0,1736.8274445857558,347.36548891715114,3,1.584962500721156,6.0,5,208.0,41.6,0.9653331191693664,0.0,0,0,0.0,0.0,0,0,0.0,0.0,0,0,0.0,0.0,0,0,0.0,0.0,0,0,0.0,0.0,0,0,0.0,0.0,0,0,0.0,308.0,2,1,308.0,342.0,1,1,342.0,0.0,0,0,0.0,0.0,0,0,0.0,0.0,0,0,0.0,0.0,0.0,0.0,0.0,0.0,0.0,0.0,0.2076871207012811,0.2306136210384356,0.0,0.0,0.0,0.9980254238773448,0.5013680473372781,0.8376923076923077,,,,,0.0,,,37.0,25.0,,,,,,,,,,,3.0577297297297297,3.4257600000000004,,,,,,,,,,,-6.785614997349473,4.433726912451951,,,
S030,R030,PUB,5,Image_027,74298,75315,1017,122,122,0,371.861,122,74304,75312,810.0,1080.0,1280.0,1706.0,3.0480409836065574,3.047,-0.5264389499912179,-2.339743589743588,3.1364388454011736,0.167916644078275,3.12,zhidaoyu,3.2803195876288664,3.166,194.0,-7.080974820206723,-3.758686039166133,1.0,0.0,4,1334.0,333.5,225.0,475.0,74304.0,342.0,818.3721575909638,272.79071919698794,2,1.0,6.0,3,100.0,33.333333333333336,0.6062015982155287,0.0,0,0,0.0,0.0,0,0,0.0,1042.0,3,2,1042.0,0.0,0,0,0.0,0.0,0,0,0.0,0.0,0,0,0.0,0.0,0,0,0.0,292.0,1,1,292.0,0.0,0,0,0.0,0.0,0,0,0.0,0.0,0,0,0.0,0.0,0,0,0.0,0.0,0.0,0.7811094452773614,0.0,0.0,0.0,0.0,0.2188905547226386,0.0,0.0,0.0,0.0,0.7581365080907538,0.6580450404482916,0.8801849075462269,,,75.0,,,,,35.0,0.0,,,,,,3.04148,,,,,3.060314285714286,,,,,,,-7.280985320137918,,,,,-6.7068252356962645,,,,
S030,R030,PUB,6,Image_028,75315,76215,900,108,108,0,324.973,108,75321,76212,1620.0,1080.0,5472.0,3648.0,3.0090092592592588,3.014,-0.7588859748918813,-3.397435897435893,3.1364388454011736,0.167916644078275,3.12,zhidaoyu,3.2803195876288664,3.166,194.0,-8.27085048032532,-4.801010739102959,1.0,0.0,4,1134.0,283.5,142.0,475.0,75321.0,475.0,955.1155185837532,318.3718395279177,2,1.0,6.0,3,134.0,44.66666666666666,0.4905581162742308,0.0,0,0,0.0,0.0,0,0,0.0,0.0,0,0,0.0,0.0,0,0,0.0,0.0,0,0,0.0,0.0,0,0,0.0,0.0,0,0,0.0,0.0,0,0,0.0,942.0,3,2,942.0,0.0,0,0,0.0,0.0,0,0,0.0,0.0,0,0,0.0,0.0,0.0,0.0,0.0,0.0,0.0,0.0,0.0,0.8306878306878307,0.0,0.0,0.0,-0.0,1.0,0.9166666666666666,0.0,,,,,,,0.0,69.0,,,,,,,,,,,,3.000869565217392,,,,,,,,,,,,-8.518987706727431,,,
S030,R030,PUB,7,Image_029,76215,77315,1100,132,123,9,374.445,119,76221,77312,1620.0,1080.0,6000.0,4000.0,3.146596638655462,3.169,0.0604930697016154,1.5705128205128185,3.1364388454011736,0.167916644078275,3.12,zhidaoyu,3.2803195876288664,3.166,194.0,-4.076521979069247,0.0947567909033516,0.9318181818181818,0.0681818181818181,5,1109.0,221.8,117.0,325.0,76221.0,325.0,1464.1695011469274,366.04237528673184,2,1.0,6.0,5,200.0,40.0,0.7520139903640708,0.0,0,0,0.0,0.0,0,0,0.0,0.0,0,0,0.0,0.0,0,0,0.0,117.0,1,1,117.0,0.0,0,0,0.0,0.0,0,0,0.0,0.0,0,0,0.0,0.0,0,0,0.0,0.0,0,0,0.0,0.0,0,0,0.0,0.0,0,0,0.0,0.0,0.0,0.0,0.0,0.1055004508566276,0.0,0.0,0.0,0.0,0.0,0.0,0.0,-0.0,1.0,0.9166666666666666,,,,,14.0,,,0.0,0.0,,0.0,,,,,,3.261,,,,,,,,,,,,-0.5889544330292421,,,,,,,
S030,R030,PUB,8,Image_030,77315,82715,5400,648,553,95,1634.172,534,77321,82713,1920.0,1079.0,2275.0,1279.0,3.060247191011236,3.0380000000000003,-0.4537468861896764,-2.6282051282051238,3.1364388454011736,0.167916644078275,3.12,zhidaoyu,3.2803195876288664,3.166,194.0,-6.708870606619967,-4.042956411876173,0.8533950617283951,0.1466049382716049,17,4126.0,242.7058823529412,125.0,450.0,77321.0,325.0,6003.799245733932,375.2374528583708,6,1.9182958340544891,6.0,22,775.0,35.22727272727273,2.7260046685577697,0.0,0,0,0.0,0.0,0,0,0.0,0.0,0,0,0.0,0.0,0,0,0.0,0.0,0,0,0.0,0.0,0,0,0.0,0.0,0,0,0.0,292.0,1,1,292.0,942.0,3,3,942.0,0.0,0,0,0.0,0.0,0,0,0.0,0.0,0,0,0.0,0.0,0.0,0.0,0.0,0.0,0.0,0.0,0.0707707222491517,0.2283082888996606,0.0,0.0,0.0,0.7893890840698338,0.6387287260729887,0.8772285251215559,0.0,,,,,0.0,,35.0,84.0,,,,,,,,,,,2.8623142857142856,3.0289047619047618,,,,,,,,,,,-12.742822482632866,-7.664339373281503,,,
S030,R030,PUB,9,Image_031,82715,84732,2017,242,225,17,716.765,216,82721,84729,1621.0,1080.0,2731.0,1820.0,3.318356481481481,3.302,1.083380608747196,5.833333333333317,3.1364388454011736,0.167916644078275,3.12,zhidaoyu,3.2803195876288664,3.166,194.0,1.159548417052542,4.295641187618436,0.9297520661157024,0.0702479338842975,8,1993.0,249.125,133.0,450.0,82721.0,450.0,2171.910845330956,310.27297790442225,5,0.9709505944546686,6.0,8,283.0,35.375,1.1150413784760358,0.0,0,0,0.0,0.0,0,0,0.0,776.0,3,3,776.0,0.0,0,0,0.0,0.0,0,0,0.0,0.0,0,0,0.0,0.0,0,0,0.0,0.0,0,0,0.0,0.0,0,0,0.0,0.0,0,0,0.0,0.0,0,0,0.0,0.0,0,0,0.0,0.0,0.0,0.3893627696939287,0.0,0.0,0.0,0.0,0.0,0.0,0.0,0.0,0.0,-0.0,1.0,0.9166666666666666,,,68.0,,,,,,0.0,0.0,,,,,3.36425,,,,,,,,,,,,2.5586047374061405,,,,,,,,,
S030,R030,PUB,10,Image_002,84732,86398,1666,200,188,12,612.174,188,84738,86396,810.0,1080.0,3072.0,4096.0,3.256244680851064,3.31,0.713483979551438,6.089743589743588,3.1364388454011736,0.167916644078275,3.12,zhidaoyu,3.2803195876288664,3.166,194.0,-0.7339195506619824,4.548325963360711,0.94,0.06,6,1691.0,281.8333333333333,133.0,408.0,84738.0,242.0,759.2466040707827,151.84932081415656,2,1.0,6.0,6,167.0,27.83333333333333,0.5624048919042834,0.0,0,0,0.0,0.0,0,0,0.0,0.0,0,0,0.0,0.0,0,0,0.0,0.0,0,0,0.0,0.0,0,0,0.0,0.0,0,0,0.0,0.0,0,0,0.0,0.0,0,0,0.0,450.0,2,1,450.0,1241.0,4,2,1241.0,0.0,0,0,0.0,0.0,0.0,0.0,0.0,0.0,0.0,0.0,0.0,0.0,0.2661147250147841,0.7338852749852158,0.0,0.8358340966220239,0.60940464370982,0.8723142124975359,,,,,,,,,0.0,54.0,114.0,,,,,,,,,,,3.3765185185185183,3.217140350877193,,,,,,,,,,,2.932608494990815,-1.9260085812962355,
S030,R030,PUB,11,Image_003,86398,87248,850,102,102,0,321.56,102,86404,87246,1620.0,1080.0,5472.0,3648.0,3.152549019607843,3.147,0.0959414970153855,0.8653846153846196,3.1364388454011736,0.167916644078275,3.12,zhidaoyu,3.2803195876288664,3.166,194.0,-3.895064630375868,-0.6001263423878611,1.0,0.0,4,1167.0,291.75,200.0,408.0,86404.0,408.0,778.0374182197235,259.34580607324114,2,1.0,6.0,3,109.0,36.333333333333336,0.3996088042194919,0.0,0,0,0.0,0.0,0,0,0.0,0.0,0,0,0.0,0.0,0,0,0.0,0.0,0,0,0.0,0.0,0,0,0.0,0.0,0,0,0.0,342.0,1,1,342.0,408.0,1,1,408.0,0.0,0,0,0.0,0.0,0,0,0.0,0.0,0,0,0.0,0.0,0.0,0.0,0.0,0.0,0.0,0.0,0.2930591259640103,0.3496143958868895,0.0,0.0,0.0,0.9944066525627802,0.5038720000000001,0.8406666666666667,,,,,0.0,,,8.0,31.0,,,0.0,,,,,,,,2.87675,3.330064516129032,,,,,,,,,,,-12.302752120581678,1.516465916545744,,,
S030,R030,PUB,12,Image_004,87248,88182,934,112,112,0,340.453,112,87254,88179,1439.0,1080.0,1706.0,1280.0,3.039758928571428,3.0565,-0.575761368746017,-2.035256410256421,3.1364388454011736,0.167916644078275,3.12,zhidaoyu,3.2803195876288664,3.166,194.0,-7.333451897939135,-3.4586228679722093,1.0,0.0,4,1168.0,292.0,117.0,467.0,87254.0,342.0,1018.9832282681698,339.66107608938995,1,-0.0,6.0,3,126.0,42.0,0.5663534746596496,0.0,0,0,0.0,0.0,0,0,0.0,467.0,1,1,467.0,0.0,0,0,0.0,0.0,0,0,0.0,0.0,0,0,0.0,0.0,0,0,0.0,0.0,0,0,0.0,0.0,0,0,0.0,0.0,0,0,0.0,0.0,0,0,0.0,0.0,0,0,0.0,0.0,0.0,0.3998287671232877,0.0,0.0,0.0,0.0,0.0,0.0,0.0,0.0,0.0,-0.0,1.0,0.9166666666666666,,,21.0,,0.0,,,0.0,0.0,,,,,,3.053523809523809,,,,,,,,,,,,-6.913831779085694,,,,,,,,,
S030,R030,PUB,13,Image_005,88182,89015,833,100,100,0,307.629,100,88188,89013,1920.0,1080.0,960.0,540.0,3.0762900000000006,3.083,-0.358206571667394,-1.1858974358974337,3.1364388454011736,0.167916644078275,3.12,zhidaoyu,3.2803195876288664,3.166,194.0,-6.219808228391117,-2.621604548325955,1.0,0.0,4,1175.0,293.75,125.0,467.0,88188.0,467.0,1320.8172314696133,440.2724104898711,2,1.0,6.0,3,125.0,41.66666666666666,0.5995791603966085,0.0,0,0,0.0,0.0,0,0,0.0,0.0,0,0,0.0,0.0,0,0,0.0,0.0,0,0,0.0,0.0,0,0,0.0,0.0,0,0,0.0,0.0,0,0,0.0,0.0,0,0,0.0,0.0,0,0,0.0,0.0,0,0,0.0,233.0,1,1,233.0,0.0,0.0,0.0,0.0,0.0,0.0,0.0,0.0,0.0,0.0,0.0,0.1982978723404255,-0.0,1.0,0.9166666666666666,,,,,0.0,,0.0,0.0,,,,28.0,,,,,,,,,,,,3.097892857142857,,,,,,,,,,,,-5.561248701925231
S030,R030,PUB,14,Image_006,89015,89882,867,104,104,0,319.153,104,89021,89879,1439.0,1080.0,1706.0,1280.0,3.0687788461538457,3.12,-0.402938014981933,0.0,3.1364388454011736,0.167916644078275,3.12,zhidaoyu,3.2803195876288664,3.166,194.0,-6.448784510899746,-1.452937460517998,1.0,0.0,3,850.0,283.3333333333333,217.0,350.0,89021.0,350.0,401.9918661163992,200.9959330581996,2,1.0,6.0,3,100.0,33.333333333333336,0.2234281034702394,0.0,0,0,0.0,0.0,0,0,0.0,0.0,0,0,0.0,0.0,0,0,0.0,0.0,0,0,0.0,0.0,0,0,0.0,0.0,0,0,0.0,0.0,0,0,0.0,0.0,0,0,0.0,0.0,0,0,0.0,217.0,1,1,217.0,0.0,0,0,0.0,0.0,0.0,0.0,0.0,0.0,0.0,0.0,0.0,0.0,0.0,0.2552941176470588,0.0,-0.0,1.0,0.9166666666666666,,,,,0.0,,,,0.0,,26.0,,,,,,,,,,,,3.142423076923077,,,,,,,,,,,,-4.203752318092452,
S030,R030,PUB,15,Image_007,89882,90765,883,106,93,13,286.402,90,89888,90763,1439.0,1080.0,1706.0,1280.0,3.182244444444444,3.166,0.2727877233058429,1.4743589743589685,3.1364388454011736,0.167916644078275,3.12,zhidaoyu,3.2803195876288664,3.166,194.0,-2.989804516434782,0.0,0.8773584905660378,0.1226415094339622,3,984.0,328.0,125.0,642.0,89913.0,217.0,304.64934222964814,152.32467111482407,0,0.0,31.0,4,109.0,27.25,0.1693248806634235,0.0,0,0,0.0,0.0,0,0,0.0,0.0,0,0,0.0,0.0,0,0,0.0,0.0,0,0,0.0,0.0,0,0,0.0,0.0,0,0,0.0,0.0,0,0,0.0,0.0,0,0,0.0,0.0,0,0,0.0,0.0,0,0,0.0,0.0,0,0,0.0,0.0,0.0,0.0,0.0,0.0,0.0,0.0,0.0,0.0,0.0,0.0,0.0,0.0,0.0,0.0,0.0,,,,,,,0.0,0.0,,,,,,,,,,,,,,,,,,,,,,,,,,,
S030,R030,PUB,16,Image_008,90765,91765,1000,120,120,0,366.273,120,90771,91763,1440.0,1080.0,4096.0,3072.0,3.0522750000000003,3.0155000000000003,-0.5012239606333482,-3.349358974358968,3.1364388454011736,0.167916644078275,3.12,zhidaoyu,3.2803195876288664,3.166,194.0,-6.951901530841543,-4.753632343651284,1.0,0.0,4,1458.0,364.5,208.0,642.0,90771.0,642.0,1089.0379988878512,363.0126662959504,0,0.0,6.0,3,142.0,47.333333333333336,0.6050211104932507,0.0,0,0,0.0,0.0,0,0,0.0,0.0,0,0,0.0,0.0,0,0,0.0,0.0,0,0,0.0,0.0,0,0,0.0,0.0,0,0,0.0,0.0,0,0,0.0,0.0,0,0,0.0,0.0,0,0,0.0,0.0,0,0,0.0,0.0,0,0,0.0,0.0,0.0,0.0,0.0,0.0,0.0,0.0,0.0,0.0,0.0,0.0,0.0,0.0,0.0,0.0,,,,,,,,,0.0,,0.0,,,,,,,,,,,,,,,,,,,,,,,,,
S030,R030,PUB,17,Image_009,91765,92681,916,110,96,14,288.685,94,91771,92679,1440.0,1080.0,4032.0,3024.0,3.071117021276596,3.079,-0.3890133969931404,-1.3141025641025617,3.1364388454011736,0.167916644078275,3.12,zhidaoyu,3.2803195876288664,3.166,194.0,-6.377505629062501,-2.7479469361970863,0.8727272727272727,0.1272727272727272,3,742.0,247.33333333333331,192.0,333.0,91771.0,333.0,433.0017783996645,216.50088919983227,1,-0.0,6.0,4,133.0,33.25,0.2405565435553691,0.0,0,0,0.0,0.0,0,0,0.0,0.0,0,0,0.0,0.0,0,0,0.0,0.0,0,0,0.0,0.0,0,0,0.0,0.0,0,0,0.0,0.0,0,0,0.0,0.0,0,0,0.0,0.0,0,0,0.0,0.0,0,0,0.0,217.0,1,1,217.0,0.0,0.0,0.0,0.0,0.0,0.0,0.0,0.0,0.0,0.0,0.0,0.2924528301886792,-0.0,1.0,0.9166666666666666,,,,,0.0,,,0.0,0.0,,,26.0,,,,,,,,,,,,3.0811153846153845,,,,,,,,,,,,-6.072707176603911
S030,R030,PUB,18,Image_010,92681,93665,984,118,118,0,371.088,118,92688,93663,1440.0,1080.0,1600.0,1200.0,3.1448135593220337,3.1585,0.0498742335331343,1.233974358974358,3.1364388454011736,0.167916644078275,3.12,zhidaoyu,3.2803195876288664,3.166,194.0,-4.130878857592697,-0.2368919772583651,1.0,0.0,5,1100.0,220.0,133.0,292.0,92688.0,292.0,1260.558472318594,315.1396180796485,2,1.0,7.0,4,126.0,31.5,0.7003102623992189,0.0,0,0,0.0,0.0,0,0,0.0,0.0,0,0,0.0,0.0,0,0,0.0,0.0,0,0,0.0,0.0,0,0,0.0,0.0,0,0,0.0,0.0,0,0,0.0,0.0,0,0,0.0,408.0,2,1,408.0,0.0,0,0,0.0,0.0,0,0,0.0,0.0,0.0,0.0,0.0,0.0,0.0,0.0,0.0,0.0,0.3709090909090909,0.0,0.0,-0.0,1.0,0.9166666666666666,,,,,,,,0.0,0.0,49.0,0.0,,,,,,,,,,,3.1861428571428574,,,,,,,,,,,,-2.87096205019717,,
S030,R030,PUB,19,Image_011,93665,94981,1316,158,148,10,471.856,148,93671,94979,1440.0,1080.0,960.0,720.0,3.188216216216216,3.184,0.3083516294603076,2.051282051282053,3.1364388454011736,0.167916644078275,3.12,zhidaoyu,3.2803195876288664,3.166,194.0,-2.807756041819873,0.568540745420096,0.9367088607594936,0.0632911392405063,5,1083.0,216.6,183.0,267.0,93671.0,267.0,1332.6317302194377,333.1579325548594,2,1.0,6.0,5,175.0,35.0,0.7403509612330209,0.0,0,0,0.0,0.0,0,0,0.0,0.0,0,0,0.0,0.0,0,0,0.0,0.0,0,0,0.0,0.0,0,0,0.0,0.0,0,0,0.0,183.0,1,1,183.0,0.0,0,0,0.0,0.0,0,0,0.0,0.0,0,0,0.0,0.0,0,0,0.0,0.0,0.0,0.0,0.0,0.0,0.0,0.0,0.1689750692520775,0.0,0.0,0.0,0.0,-0.0,1.0,0.9166666666666666,,,,,,,,22.0,0.0,,,0.0,,,,,,,,3.150318181818182,,,,,,,,,,,,-3.9630713513695888,,,,
S030,R030,PUB,20,Image_013,94981,96148,1167,140,140,0,444.021,140,94988,96146,1920.0,1080.0,3840.0,2160.0,3.171578571428572,3.1615,0.2092688680165454,1.330128205128208,3.1364388454011736,0.167916644078275,3.12,zhidaoyu,3.2803195876288664,3.166,194.0,-3.314951890980141,-0.1421351863550135,1.0,0.0,4,1225.0,306.25,150.0,442.0,95054.0,283.0,1511.829963094511,503.9433210315037,2,1.0,73.0,4,209.0,52.25,0.6862885479818156,0.0,0,0,0.0,0.0,0,0,0.0,0.0,0,0,0.0,0.0,0,0,0.0,150.0,1,1,150.0,0.0,0,0,0.0,0.0,0,0,0.0,0.0,0,0,0.0,0.0,0,0,0.0,0.0,0,0,0.0,0.0,0,0,0.0,0.0,0,0,0.0,0.0,0.0,0.0,0.0,0.1224489795918367,0.0,0.0,0.0,0.0,0.0,0.0,0.0,-0.0,1.0,0.9166666666666666,,,,,18.0,,,0.0,0.0,,0.0,0.0,,,,,3.2768333333333333,,,,,,,,,,,,-0.1062778855048439,,,,,,,
S030,R030,PUB,21,Image_014,96148,97448,1300,156,144,12,437.222,142,96154,97446,1440.0,1080.0,4032.0,3024.0,3.079028169014084,3.0915,-0.3418998557422764,-0.9134615384615444,3.1364388454011736,0.167916644078275,3.12,zhidaoyu,3.2803195876288664,3.166,194.0,-6.136335598943364,-2.35312697409981,0.9230769230769232,0.0769230769230769,5,1316.0,263.2,100.0,483.0,96154.0,350.0,1109.534346111372,277.383586527843,3,1.584962500721156,6.0,5,193.0,38.6,0.6164079700618734,0.0,0,0,0.0,0.0,0,0,0.0,258.0,1,1,258.0,0.0,0,0,0.0,0.0,0,0,0.0,0.0,0,0,0.0,0.0,0,0,0.0,350.0,1,1,350.0,0.0,0,0,0.0,0.0,0,0,0.0,0.0,0,0,0.0,0.0,0,0,0.0,0.0,0.0,0.196048632218845,0.0,0.0,0.0,0.0,0.2659574468085106,0.0,0.0,0.0,0.0,0.9834200775216864,0.5114482340720222,0.8459429824561403,,,31.0,,0.0,0.0,,32.0,0.0,,,,,,3.1634838709677418,,,,,3.1030625,,,,,,,-3.5617174955071302,,,,,-5.403652994585025,,,,
S030,R030,PUB,22,Image_015,97448,99448,2000,240,240,0,724.296,240,97454,99446,1440.0,1080.0,4032.0,3024.0,3.0179,3.02,-0.7059386283703726,-3.2051282051282075,3.1364388454011736,0.167916644078275,3.12,zhidaoyu,3.2803195876288664,3.166,194.0,-7.9998177195458195,-4.61149715729627,1.0,0.0,8,2249.0,281.125,183.0,483.0,97454.0,483.0,2388.7537735814485,341.2505390830641,2,1.0,6.0,7,259.0,37.0,1.3270854297674717,0.0,0,0,0.0,0.0,0,0,0.0,0.0,0,0,0.0,0.0,0,0,0.0,283.0,1,1,283.0,0.0,0,0,0.0,0.0,0,0,0.0,0.0,0,0,0.0,0.0,0,0,0.0,0.0,0,0,0.0,0.0,0,0,0.0,0.0,0,0,0.0,0.0,0.0,0.0,0.0,0.1258337038683859,0.0,0.0,0.0,0.0,0.0,0.0,0.0,-0.0,1.0,0.9166666666666666,,,,,34.0,,,,0.0,0.0,0.0,,,,,,3.054705882352941,,,,,,,,,,,,-6.877796484427513,,,,,,,
S030,R030,PUB,23,Image_016,99448,101615,2167,260,252,8,744.65,251,99454,101613,1440.0,1080.0,4032.0,3024.0,2.966733067729084,2.985,-1.010654891322032,-4.326923076923085,3.1364388454011736,0.167916644078275,3.12,zhidaoyu,3.2803195876288664,3.166,194.0,-9.559633185815713,-5.716993051168669,0.9692307692307692,0.0307692307692307,9,2050.0,227.77777777777777,117.0,325.0,99454.0,325.0,2672.6146459399124,334.07683074248905,6,1.9182958340544891,6.0,9,351.0,39.0,1.4847859144110624,0.0,0,0,0.0,0.0,0,0,0.0,0.0,0,0,0.0,0.0,0,0,0.0,0.0,0,0,0.0,0.0,0,0,0.0,0.0,0,0,0.0,0.0,0,0,0.0,258.0,1,1,258.0,0.0,0,0,0.0,1025.0,4,3,1025.0,0.0,0,0,0.0,0.0,0.0,0.0,0.0,0.0,0.0,0.0,0.0,0.1258536585365853,0.0,0.5,0.0,0.7241051190399334,0.6786929503811763,0.8831514679137439,,,,,,,,,31.0,,87.0,,,,,,,,,,2.99,,2.8838735632183905,,,,,,,,,,-8.850344604341437,,-12.085591474245394,
S030,R030,PUB,24,Image_017,101615,102365,750,90,90,0,270.819,90,101621,102363,1440.0,1080.0,4032.0,3024.0,3.0091,3.026,-0.75834558331105,-3.0128205128205225,3.1364388454011736,0.167916644078275,3.12,zhidaoyu,3.2803195876288664,3.166,194.0,-8.26808426385411,-4.42198357548958,1.0,0.0,4,867.0,216.75,167.0,267.0,101621.0,233.0,798.8676741909435,266.2892247303145,2,1.0,6.0,3,108.0,36.0,0.4438153745505241,0.0,0,0,0.0,0.0,0,0,0.0,0.0,0,0,0.0,0.0,0,0,0.0,200.0,1,1,200.0,0.0,0,0,0.0,0.0,0,0,0.0,0.0,0,0,0.0,0.0,0,0,0.0,0.0,0,0,0.0,667.0,3,2,667.0,0.0,0,0,0.0,0.0,0.0,0.0,0.0,0.2306805074971165,0.0,0.0,0.0,0.0,0.0,0.7693194925028836,0.0,0.7791956960302973,0.6450659780840216,0.8782199154171473,,,,,24.0,,,,0.0,,53.0,,,,,,3.0335,,,,,,2.9968867924528304,,,,,,-7.524254300090208,,,,,,-8.640401875626743,
S030,R030,PUB,25,Image_018,102365,105465,3100,372,338,34,1084.208,325,102371,105463,1440.0,1080.0,3648.0,2736.0,3.336024615384616,3.353,1.1886002789003125,7.467948717948721,3.1364388454011736,0.167916644078275,3.12,zhidaoyu,3.2803195876288664,3.166,194.0,1.6981585564355022,5.906506632975372,0.9086021505376344,0.0913978494623656,10,2893.0,289.3,75.0,617.0,102371.0,267.0,1833.2064121585215,203.68960135094687,6,2.584962500721156,6.0,12,366.0,30.5,1.0184480067547343,0.0,0,0,0.0,1726.0,5,3,1726.0,158.0,1,1,158.0,0.0,0,0,0.0,0.0,0,0,0.0,0.0,0,0,0.0,0.0,0,0,0.0,0.0,0,0,0.0,442.0,2,1,442.0,0.0,0,0,0.0,0.0,0,0,0.0,0.0,0,0,0.0,0.0,0.5966125129623229,0.0546145869339785,0.0,0.0,0.0,0.0,0.0,0.1527825786380919,0.0,0.0,0.0,1.0381915299917603,0.5913568919589316,0.862353109773574,,155.0,19.0,,,,,,49.0,,0.0,,,3.400703225806452,3.314526315789473,,,,,,3.417612244897959,,,,,3.669875296040987,1.042786449515822,,,,,,4.185343945963892,,,
S030,R030,PUB,26,Image_019,105465,106765,1300,156,142,14,458.651,138,105471,106763,1439.0,1080.0,1706.0,1280.0,3.323557971014493,3.28,1.1143572255177572,5.128205128205118,3.1364388454011736,0.167916644078275,3.12,zhidaoyu,3.2803195876288664,3.166,194.0,1.3181149650385355,3.600758054327223,0.9102564102564102,0.0897435897435897,4,1217.0,304.25,150.0,542.0,105471.0,542.0,1225.2621136351568,408.4207045450523,1,-0.0,6.0,5,192.0,38.4,0.681003804749054,0.0,0,0,0.0,0.0,0,0,0.0,0.0,0,0,0.0,0.0,0,0,0.0,692.0,2,1,692.0,0.0,0,0,0.0,0.0,0,0,0.0,0.0,0,0,0.0,0.0,0,0,0.0,0.0,0,0,0.0,0.0,0,0,0.0,0.0,0,0,0.0,0.0,0.0,0.0,0.0,0.5686113393590797,0.0,0.0,0.0,0.0,0.0,0.0,0.0,-0.0,1.0,0.9166666666666666,,,,,70.0,,,,0.0,,0.0,,,,,,3.402171428571428,,,,,,,,,,,,3.714633214461907,,,,,,,
S030,R030,PUB,27,Image_020,106765,107581,816,98,98,0,309.819,98,106771,107580,1439.0,1080.0,1706.0,1280.0,3.161418367346939,3.1975,0.148761441028568,2.483974358974349,3.1364388454011736,0.167916644078275,3.12,zhidaoyu,3.2803195876288664,3.166,194.0,-3.624684031712703,0.9949463044851504,1.0,0.0,4,1100.0,275.0,183.0,375.0,106771.0,325.0,466.2324583819292,155.41081946064307,2,1.0,6.0,3,75.0,25.0,0.2591331883376439,183.0,1,1,183.0,0.0,0,0,0.0,0.0,0,0,0.0,0.0,0,0,0.0,0.0,0,0,0.0,0.0,0,0,0.0,0.0,0,0,0.0,375.0,1,1,375.0,542.0,2,1,542.0,0.0,0,0,0.0,0.0,0,0,0.0,0.0,0,0,0.0,0.1663636363636363,0.0,0.0,0.0,0.0,0.0,0.0,0.3409090909090909,0.4927272727272727,0.0,0.0,0.0,1.4628988126497544,0.3866760330578512,0.8043939393939394,22.0,,,,,,,20.0,47.0,,,,3.0787272727272725,,,,,,,3.0428,3.250574468085106,,,,-6.145508372472699,,,,,,,-7.240745338491668,-0.9067750488683696,,,
S030,R030,PUB,28,Image_021,107581,109015,1434,172,172,0,524.4639999999999,172,107588,109013,1440.0,1080.0,4032.0,3024.0,3.049209302325581,3.0265,-0.5194812197111938,-2.996794871794876,3.1364388454011736,0.167916644078275,3.12,zhidaoyu,3.2803195876288664,3.166,194.0,-7.045358817320007,-4.406190777005684,1.0,0.0,5,1708.0,341.6,158.0,500.0,107588.0,375.0,731.6574962690455,182.91437406726135,4,2.0,7.0,4,108.0,27.0,0.4064763868161364,0.0,0,0,0.0,0.0,0,0,0.0,0.0,0,0,0.0,992.0,2,2,992.0,0.0,0,0,0.0,0.0,0,0,0.0,0.0,0,0,0.0,0.0,0,0,0.0,183.0,1,1,183.0,0.0,0,0,0.0,0.0,0,0,0.0,0.0,0,0,0.0,0.0,0.0,0.0,0.5807962529274004,0.0,0.0,0.0,0.0,0.1071428571428571,0.0,0.0,0.0,0.6240315858695876,0.7370234495246717,0.890709219858156,,,,93.0,,,,0.0,22.0,,,,,,,3.011365591397849,,,,,3.188909090909091,,,,,,,-8.199018084863697,,,,,-2.7866338714225742,,,
S030,R030,PUB,29,Image_022,109015,110515,1500,180,166,14,532.233,161,109021,110513,1620.0,1080.0,5472.0,3648.0,3.3057950310559003,3.324,1.0085729534695838,6.53846153846153,3.1364388454011736,0.167916644078275,3.12,zhidaoyu,3.2803195876288664,3.166,194.0,0.776614678737704,4.990524320909662,0.9222222222222224,0.0777777777777777,4,1833.0,458.25,242.0,758.0,109021.0,500.0,982.4356292596904,327.47854308656343,3,0.9182958340544896,6.0,4,175.0,43.75,0.5045900336379692,0.0,0,0,0.0,0.0,0,0,0.0,0.0,0,0,0.0,0.0,0,0,0.0,0.0,0,0,0.0,0.0,0,0,0.0,0.0,0,0,0.0,0.0,0,0,0.0,1000.0,2,2,1000.0,0.0,0,0,0.0,0.0,0,0,0.0,0.0,0,0,0.0,0.0,0.0,0.0,0.0,0.0,0.0,0.0,0.0,0.5455537370430987,0.0,0.0,0.0,-0.0,1.0,0.9166666666666666,,,,,,,,0.0,76.0,,,,,,,,,,,,3.385013157894737,,,,,,,,,,,,3.191566171195745,,,
S030,R030,PUB,30,Image_024,110515,111998,1483,178,178,0,542.848,178,110521,111996,1440.0,1080.0,4032.0,3024.0,3.04970786516854,3.006,-0.5165121105695986,-3.653846153846164,3.1364388454011736,0.167916644078275,3.12,zhidaoyu,3.2803195876288664,3.166,194.0,-7.0301602115244295,-5.053695514845235,1.0,0.0,6,1933.0,322.1666666666667,83.0,758.0,110521.0,758.0,1828.6859797795616,365.7371959559124,4,2.0,6.0,5,192.0,38.4,1.01593665543309,0.0,0,0,0.0,0.0,0,0,0.0,0.0,0,0,0.0,0.0,0,0,0.0,0.0,0,0,0.0,0.0,0,0,0.0,0.0,0,0,0.0,0.0,0,0,0.0,650.0,2,2,650.0,0.0,0,0,0.0,0.0,0,0,0.0,200.0,1,1,200.0,0.0,0.0,0.0,0.0,0.0,0.0,0.0,0.0,0.3362648732540093,0.0,0.0,0.1034661148473874,0.7871265862012691,0.6401384083044982,0.8774509803921569,,,,,0.0,0.0,,0.0,49.0,,,24.0,,,,,,,,,3.0293877551020407,,,2.91075,,,,,,,,,-7.649615405558954,,,-11.266267744845084
S030,R030,PUB,31,Image_025,111998,112881,883,106,92,14,269.75,89,112005,112880,1620.0,1080.0,5472.0,3648.0,3.0308988764044944,3.043,-0.6285259545056252,-2.4679487179487163,3.1364388454011736,0.167916644078275,3.12,zhidaoyu,3.2803195876288664,3.166,194.0,-7.603549122622602,-3.885028427037264,0.8679245283018868,0.1320754716981132,3,966.0,322.0,233.0,433.0,112005.0,433.0,401.7586476106134,200.8793238053067,2,1.0,7.0,3,84.0,28.0,0.206347778393324,0.0,0,0,0.0,0.0,0,0,0.0,0.0,0,0,0.0,0.0,0,0,0.0,0.0,0,0,0.0,0.0,0,0,0.0,0.0,0,0,0.0,0.0,0,0,0.0,666.0,2,2,666.0,0.0,0,0,0.0,0.0,0,0,0.0,0.0,0,0,0.0,0.0,0.0,0.0,0.0,0.0,0.0,0.0,0.0,0.6894409937888198,0.0,0.0,0.0,-0.0,1.0,0.9166666666666666,,,,,,,,0.0,45.0,,,0.0,,,,,,,,,3.0472888888888887,,,,,,,,,,,,-7.1039023032637125,,,
S031,R031,PUB,1,Image_001,64671,66754,2083,250,231,19,743.208,231,64674,66749,1440.0,1080.0,4032.0,3024.0,3.2173506493506494,3.219,-1.4367522703708862,-8.264462809917356,3.493951247165533,0.1925179472613475,3.509,zhidaoyu,3.3986523388116305,3.262,1582.0,-5.334517078742302,-1.3182096873084044,0.924,0.076,7,2116.0,302.2857142857143,183.0,558.0,64674.0,375.0,1565.8790816357794,260.9798469392966,2,1.0,3.0,7,284.0,40.57142857142857,0.8699328231309885,0.0,0,0,0.0,0.0,0,0,0.0,0.0,0,0,0.0,0.0,0,0,0.0,242.0,1,1,242.0,0.0,0,0,0.0,0.0,0,0,0.0,0.0,0,0,0.0,0.0,0,0,0.0,0.0,0,0,0.0,0.0,0,0,0.0,0.0,0,0,0.0,0.0,0.0,0.0,0.0,0.1143667296786389,0.0,0.0,0.0,0.0,0.0,0.0,0.0,-0.0,1.0,0.9166666666666666,,,,,29.0,,,0.0,0.0,,0.0,0.0,,,,,3.085379310344828,,,,,,,,,,,,-9.217566177314316,,,,,,,
S031,R031,PUB,2,Image_012,66754,68571,1817,218,218,0,726.049,218,66757,68566,1440.0,1080.0,4032.0,3024.0,3.3305,3.302,-0.8490182317581247,-5.899116557423763,3.493951247165533,0.1925179472613475,3.509,zhidaoyu,3.3986523388116305,3.262,1582.0,-2.005275386168531,1.2262415695892102,1.0,0.0,6,1892.0,315.3333333333333,150.0,558.0,66757.0,558.0,1335.187075339018,267.03741506780364,2,1.0,3.0,5,167.0,33.4,0.7417705974105656,0.0,0,0,0.0,0.0,0,0,0.0,0.0,0,0,0.0,0.0,0,0,0.0,0.0,0,0,0.0,0.0,0,0,0.0,0.0,0,0,0.0,0.0,0,0,0.0,0.0,0,0,0.0,0.0,0,0,0.0,617.0,2,1,617.0,0.0,0,0,0.0,0.0,0.0,0.0,0.0,0.0,0.0,0.0,0.0,0.0,0.0,0.3261099365750528,0.0,-0.0,1.0,0.9166666666666666,,,,,0.0,,,,0.0,0.0,74.0,,,,,,,,,,,,3.167243243243244,,,,,,,,,,,,-6.808848699402466,
S031,R031,PUB,3,Image_023,68571,70287,1716,206,188,18,630.967,188,68574,70282,1440.0,1080.0,960.0,720.0,3.356207446808511,3.3905000000000003,-0.7154855031257507,-3.377030493017943,3.493951247165533,0.1925179472613475,3.509,zhidaoyu,3.3986523388116305,3.262,1582.0,-1.2488741939977526,3.9393010423053423,0.912621359223301,0.087378640776699,4,1842.0,460.5,275.0,617.0,68616.0,275.0,624.1334652289225,208.04448840964085,0,0.0,45.0,5,150.0,30.0,0.3467408140160681,0.0,0,0,0.0,0.0,0,0,0.0,0.0,0,0,0.0,0.0,0,0,0.0,0.0,0,0,0.0,0.0,0,0,0.0,0.0,0,0,0.0,0.0,0,0,0.0,0.0,0,0,0.0,0.0,0,0,0.0,0.0,0,0,0.0,0.0,0,0,0.0,0.0,0.0,0.0,0.0,0.0,0.0,0.0,0.0,0.0,0.0,0.0,0.0,0.0,0.0,0.0,,,,,,,,0.0,0.0,0.0,,0.0,,,,,,,,,,,,,,,,,,,,,,,,
S031,R031,PUB,4,Image_026,70287,71904,1617,194,173,21,605.689,173,70291,71899,1439.0,1080.0,1706.0,1280.0,3.501092485549133,3.53,0.0370938838959562,0.5984611000284955,3.493951247165533,0.1925179472613475,3.509,zhidaoyu,3.3986523388116305,3.262,1582.0,3.0141402098610004,8.215818516247694,0.8917525773195877,0.1082474226804123,4,1659.0,414.75,183.0,617.0,70291.0,617.0,608.2588846491929,202.7529615497309,1,-0.0,4.0,4,126.0,31.5,0.3380718379429623,0.0,0,0,0.0,0.0,0,0,0.0,0.0,0,0,0.0,0.0,0,0,0.0,0.0,0,0,0.0,0.0,0,0,0.0,0.0,0,0,0.0,342.0,1,1,342.0,0.0,0,0,0.0,0.0,0,0,0.0,0.0,0,0,0.0,0.0,0,0,0.0,0.0,0.0,0.0,0.0,0.0,0.0,0.0,0.2061482820976491,0.0,0.0,0.0,0.0,-0.0,1.0,0.9166666666666666,,,,,0.0,,,22.0,0.0,,,,,,,,,,,3.5948636363636366,,,,,,,,,,,,5.773208848440588,,,,
S031,R031,PUB,5,Image_027,71904,73104,1200,144,144,0,502.65,144,71907,73099,810.0,1080.0,1280.0,1706.0,3.490625,3.4755000000000003,-0.0172775952208645,-0.9546879452835464,3.493951247165533,0.1925179472613475,3.509,zhidaoyu,3.3986523388116305,3.262,1582.0,2.7061509098199843,6.545064377682411,1.0,0.0,5,1592.0,318.4,250.0,442.0,71907.0,342.0,576.3027163475979,144.07567908689947,3,0.9182958340544896,3.0,4,109.0,27.25,0.4268909009982206,0.0,0,0,0.0,0.0,0,0,0.0,975.0,3,2,975.0,0.0,0,0,0.0,0.0,0,0,0.0,0.0,0,0,0.0,0.0,0,0,0.0,0.0,0,0,0.0,0.0,0,0,0.0,0.0,0,0,0.0,0.0,0,0,0.0,0.0,0,0,0.0,0.0,0.0,0.6124371859296482,0.0,0.0,0.0,0.0,0.0,0.0,0.0,0.0,0.0,-0.0,1.0,0.9166666666666666,,,79.0,,,,,0.0,0.0,,,,,,3.506683544303798,,,,,,,,,,,,3.1786483206440987,,,,,,,,,
S031,R031,PUB,6,Image_028,73104,74437,1333,160,160,0,551.597,160,73107,74432,1620.0,1080.0,5472.0,3648.0,3.44748125,3.393,-0.24138007820356,-3.305785123966945,3.493951247165533,0.1925179472613475,3.509,zhidaoyu,3.3986523388116305,3.262,1582.0,1.4367139183598574,4.015941140404653,1.0,0.0,6,1292.0,215.33333333333331,117.0,442.0,73107.0,442.0,1091.3170261015084,218.26340522030168,3,0.9182958340544896,3.0,6,183.0,30.5,0.560512748631889,825.0,3,2,825.0,0.0,0,0,0.0,0.0,0,0,0.0,0.0,0,0,0.0,0.0,0,0,0.0,0.0,0,0,0.0,0.0,0,0,0.0,825.0,3,2,825.0,467.0,3,2,467.0,0.0,0,0,0.0,0.0,0,0,0.0,0.0,0,0,0.0,0.6385448916408669,0.0,0.0,0.0,0.0,0.0,0.0,0.6385448916408669,0.3614551083591331,0.0,0.0,0.0,1.5406576175342042,0.3523981695293894,0.7781845378680523,84.0,,,,,,,84.0,56.0,,,,3.465654761904762,,,,,,,3.465654761904762,3.4188392857142857,,,,1.9714409246271904,,,,,,,1.9714409246271904,0.5939691645457846,,,
S031,R031,PUB,7,Image_029,74437,76071,1634,196,196,0,716.622,196,74441,76066,1620.0,1080.0,6000.0,4000.0,3.656234693877552,3.6865,0.8429523014377198,5.058421202621823,3.493951247165533,0.1925179472613475,3.509,zhidaoyu,3.3986523388116305,3.262,1582.0,7.578955697362881,13.013488657265473,1.0,0.0,7,1634.0,233.42857142857144,133.0,392.0,74457.0,392.0,1888.9879697223855,314.8313282870643,3,1.584962500721156,20.0,7,233.0,33.285714285714285,0.9702055532149116,0.0,0,0,0.0,0.0,0,0,0.0,0.0,0,0,0.0,0.0,0,0,0.0,400.0,2,1,400.0,0.0,0,0,0.0,0.0,0,0,0.0,133.0,1,1,133.0,0.0,0,0,0.0,0.0,0,0,0.0,0.0,0,0,0.0,0.0,0,0,0.0,0.0,0.0,0.0,0.0,0.244798041615667,0.0,0.0,0.0813953488372093,0.0,0.0,0.0,0.0,0.8105338619119937,0.6254694831549268,0.8750781738586617,,,,,48.0,,,16.0,0.0,,0.0,,,,,,3.723104166666667,,,3.7008125,,,,,,,,,9.54648476838569,,,8.890587534882211,,,,
S031,R031,PUB,8,Image_030,76071,77454,1383,166,152,14,518.542,152,76074,77449,1920.0,1079.0,2275.0,1279.0,3.411460526315789,3.449,-0.4284832766150411,-1.709888857224282,3.493951247165533,0.1925179472613475,3.509,zhidaoyu,3.3986523388116305,3.262,1582.0,0.3768607738394646,5.732679337829548,0.9156626506024096,0.0843373493975903,5,1809.0,361.8,217.0,683.0,76074.0,367.0,1485.854069366364,371.463517341591,2,1.0,3.0,5,176.0,35.2,0.6746469966940281,0.0,0,0,0.0,0.0,0,0,0.0,0.0,0,0,0.0,0.0,0,0,0.0,0.0,0,0,0.0,0.0,0,0,0.0,0.0,0,0,0.0,0.0,0,0,0.0,242.0,1,1,242.0,0.0,0,0,0.0,0.0,0,0,0.0,0.0,0,0,0.0,0.0,0.0,0.0,0.0,0.0,0.0,0.0,0.0,0.1337755666113875,0.0,0.0,0.0,-0.0,1.0,0.9166666666666666,0.0,,,,,0.0,,0.0,29.0,,,,,,,,,,,,3.510172413793104,,,,,,,,,,,,3.2813028184126387,,,
S031,R031,PUB,9,Image_031,77454,78887,1433,172,172,0,568.607,172,77457,78882,1621.0,1080.0,2731.0,1820.0,3.3058546511627904,3.269,-0.9770340826842348,-6.839555428897115,3.493951247165533,0.1925179472613475,3.509,zhidaoyu,3.3986523388116305,3.262,1582.0,-2.730426015898044,0.2145922746781151,1.0,0.0,6,1592.0,265.3333333333333,83.0,683.0,77457.0,683.0,1701.4717839995824,340.2943567999165,1,-0.0,3.0,5,200.0,40.0,0.8735217872996427,0.0,0,0,0.0,0.0,0,0,0.0,0.0,0,0,0.0,0.0,0,0,0.0,0.0,0,0,0.0,0.0,0,0,0.0,0.0,0,0,0.0,0.0,0,0,0.0,317.0,1,1,317.0,0.0,0,0,0.0,0.0,0,0,0.0,0.0,0,0,0.0,0.0,0.0,0.0,0.0,0.0,0.0,0.0,0.0,0.1991206030150753,0.0,0.0,0.0,-0.0,1.0,0.9166666666666666,,,0.0,,,,,,9.0,0.0,,,,,,,,,,,3.6242222222222233,,,,,,,,,,,,6.637039065003762,,,
S031,R031,PUB,10,Image_002,78887,81337,2450,294,274,20,1002.127,274,78891,81332,810.0,1080.0,3072.0,4096.0,3.657397810218978,3.6705,0.8489939009767372,4.602450840695347,3.493951247165533,0.1925179472613475,3.509,zhidaoyu,3.3986523388116305,3.262,1582.0,7.613178566473213,12.522992029429783,0.9319727891156464,0.0680272108843537,7,2383.0,340.42857142857144,142.0,567.0,78891.0,317.0,842.2400668387265,140.37334447312108,1,-0.0,4.0,7,167.0,23.857142857142858,0.6238815309916493,0.0,0,0,0.0,0.0,0,0,0.0,0.0,0,0,0.0,0.0,0,0,0.0,0.0,0,0,0.0,0.0,0,0,0.0,0.0,0,0,0.0,0.0,0,0,0.0,0.0,0,0,0.0,2066.0,6,1,2066.0,0.0,0,0,0.0,0.0,0,0,0.0,0.0,0.0,0.0,0.0,0.0,0.0,0.0,0.0,0.0,0.8669744020142677,0.0,0.0,-0.0,1.0,0.9166666666666666,,,,,,,,,0.0,223.0,0.0,,,,,,,,,,,3.660538116591928,,,,,,,,,,,,7.705577142729113,,
S031,R031,PUB,11,Image_003,81337,82720,1383,166,149,17,509.005,149,81341,82716,1620.0,1080.0,5472.0,3648.0,3.4161409395973155,3.379,-0.404171708015296,-3.704759190652605,3.493951247165533,0.1925179472613475,3.509,zhidaoyu,3.3986523388116305,3.262,1582.0,0.5145745737500169,3.5867565910484367,0.8975903614457831,0.1024096385542168,5,1457.0,291.4,108.0,508.0,81341.0,308.0,685.7308897225582,171.43272243063956,3,1.584962500721156,4.0,5,151.0,30.2,0.3521991287840778,0.0,0,0,0.0,0.0,0,0,0.0,0.0,0,0,0.0,0.0,0,0,0.0,300.0,1,1,300.0,0.0,0,0,0.0,0.0,0,0,0.0,0.0,0,0,0.0,416.0,2,1,416.0,0.0,0,0,0.0,0.0,0,0,0.0,0.0,0,0,0.0,0.0,0.0,0.0,0.0,0.2059025394646534,0.0,0.0,0.0,0.2855181880576527,0.0,0.0,0.0,0.9809826349521632,0.513123810118286,0.8468342644320298,,,,,36.0,,,0.0,38.0,,,0.0,,,,,3.3255,,,,3.585631578947368,,,,,,,,-2.152392522655289,,,,5.5015700782480295,,,
S031,R031,PUB,12,Image_004,82720,83937,1217,146,125,21,449.237,125,82724,83933,1439.0,1080.0,1706.0,1280.0,3.5938959999999995,3.612,0.51914512000686,2.935309204901687,3.493951247165533,0.1925179472613475,3.509,zhidaoyu,3.3986523388116305,3.262,1582.0,5.744737670244839,10.729613733905582,0.8561643835616438,0.1438356164383561,5,1400.0,280.0,92.0,508.0,82724.0,508.0,815.8712048820237,203.96780122050592,3,1.584962500721156,4.0,5,158.0,31.6,0.4534632945284196,0.0,0,0,0.0,0.0,0,0,0.0,0.0,0,0,0.0,0.0,0,0,0.0,183.0,1,1,183.0,0.0,0,0,0.0,0.0,0,0,0.0,0.0,0,0,0.0,92.0,1,1,92.0,0.0,0,0,0.0,0.0,0,0,0.0,0.0,0,0,0.0,0.0,0.0,0.0,0.0,0.1307142857142857,0.0,0.0,0.0,0.0657142857142857,0.0,0.0,0.0,0.919503188909386,0.5547504132231404,0.860909090909091,,,0.0,,22.0,,,0.0,11.0,,,,,,,,3.638409090909091,,,,3.5764545454545456,,,,,,,,7.054465364388925,,,,5.231550300466601,,,
S031,R031,PUB,13,Image_005,83937,85487,1550,186,186,0,651.801,186,83941,85483,1920.0,1080.0,960.0,540.0,3.504306451612904,3.5315000000000003,0.0537882550415586,0.6412083214591169,3.493951247165533,0.1925179472613475,3.509,zhidaoyu,3.3986523388116305,3.262,1582.0,3.108706106674507,8.261802575107305,1.0,0.0,5,1850.0,370.0,133.0,817.0,83941.0,475.0,1451.717016933291,362.9292542333228,2,1.0,4.0,4,167.0,41.75,0.6590005410346258,0.0,0,0,0.0,0.0,0,0,0.0,0.0,0,0,0.0,0.0,0,0,0.0,0.0,0,0,0.0,0.0,0,0,0.0,133.0,1,1,133.0,0.0,0,0,0.0,0.0,0,0,0.0,0.0,0,0,0.0,0.0,0,0,0.0,0.0,0,0,0.0,0.0,0.0,0.0,0.0,0.0,0.0,0.0718918918918919,0.0,0.0,0.0,0.0,0.0,-0.0,1.0,0.9166666666666666,,,,,0.0,,16.0,0.0,,,,0.0,,,,,,,3.4918125,,,,,,,,,,,,2.7410912297356,,,,,
S031,R031,PUB,14,Image_006,85487,87037,1550,186,186,0,662.998,186,85491,87033,1439.0,1080.0,1706.0,1280.0,3.564505376344086,3.5765,0.3664807888418546,1.923624964377325,3.493951247165533,0.1925179472613475,3.509,zhidaoyu,3.3986523388116305,3.262,1582.0,4.879964791881232,9.641324340895164,1.0,0.0,5,2284.0,456.8,200.0,817.0,85491.0,817.0,632.9123449995516,158.2280862498879,2,1.0,4.0,4,108.0,27.0,0.3517742940231668,0.0,0,0,0.0,0.0,0,0,0.0,0.0,0,0,0.0,0.0,0,0,0.0,0.0,0,0,0.0,0.0,0,0,0.0,0.0,0,0,0.0,0.0,0,0,0.0,0.0,0,0,0.0,0.0,0,0,0.0,1100.0,3,1,1100.0,0.0,0,0,0.0,0.0,0.0,0.0,0.0,0.0,0.0,0.0,0.0,0.0,0.0,0.4816112084063047,0.0,-0.0,1.0,0.9166666666666666,,,,,0.0,,,,0.0,,132.0,,,,,,,,,,,,3.603,,,,,,,,,,,,6.012608552359953,
S031,R031,PUB,15,Image_007,87037,88220,1183,142,126,16,464.94,126,87041,88216,1439.0,1080.0,1706.0,1280.0,3.69,3.73,1.0183401372357554,6.298090624109435,3.493951247165533,0.1925179472613475,3.509,zhidaoyu,3.3986523388116305,3.262,1582.0,8.572446727229572,14.347026364193749,0.8873239436619719,0.1126760563380281,5,1225.0,245.0,75.0,367.0,87041.0,367.0,739.07530413178,184.768826032945,0,0.0,4.0,5,168.0,33.6,0.410779937214052,0.0,0,0,0.0,0.0,0,0,0.0,0.0,0,0,0.0,0.0,0,0,0.0,0.0,0,0,0.0,0.0,0,0,0.0,0.0,0,0,0.0,0.0,0,0,0.0,0.0,0,0,0.0,0.0,0,0,0.0,0.0,0,0,0.0,0.0,0,0,0.0,0.0,0.0,0.0,0.0,0.0,0.0,0.0,0.0,0.0,0.0,0.0,0.0,0.0,0.0,0.0,0.0,,,,,,,0.0,0.0,,,,,,,,,,,,,,,,,,,,,,,,,,,
S031,R031,PUB,16,Image_008,88220,89554,1334,160,160,0,578.37,160,88224,89549,1440.0,1080.0,4096.0,3072.0,3.6148125,3.567,0.6277921334284504,1.652892561983479,3.493951247165533,0.1925179472613475,3.509,zhidaoyu,3.3986523388116305,3.262,1582.0,6.360172787309926,9.350091968117724,1.0,0.0,5,1484.0,296.8,150.0,392.0,88224.0,342.0,1181.2555477768915,295.3138869442229,0,0.0,4.0,4,133.0,33.25,0.656253082098273,0.0,0,0,0.0,0.0,0,0,0.0,0.0,0,0,0.0,0.0,0,0,0.0,0.0,0,0,0.0,0.0,0,0,0.0,0.0,0,0,0.0,0.0,0,0,0.0,0.0,0,0,0.0,0.0,0,0,0.0,0.0,0,0,0.0,0.0,0,0,0.0,0.0,0.0,0.0,0.0,0.0,0.0,0.0,0.0,0.0,0.0,0.0,0.0,0.0,0.0,0.0,,,,,,,,,0.0,,0.0,,,,,,,,,,,,,,,,,,,,,,,,,
S031,R031,PUB,17,Image_009,89554,90854,1300,156,156,0,568.99,156,89558,90849,1440.0,1080.0,4032.0,3024.0,3.6473717948717943,3.6305,0.7969155597633186,3.462524935879173,3.493951247165533,0.1925179472613475,3.509,zhidaoyu,3.3986523388116305,3.262,1582.0,7.318178832823224,11.29675045984059,1.0,0.0,5,1575.0,315.0,158.0,392.0,89558.0,392.0,1420.7565280663748,355.1891320165937,3,1.584962500721156,4.0,4,159.0,39.75,0.7893091822590971,0.0,0,0,0.0,0.0,0,0,0.0,0.0,0,0,0.0,0.0,0,0,0.0,0.0,0,0,0.0,0.0,0,0,0.0,0.0,0,0,0.0,392.0,1,1,392.0,0.0,0,0,0.0,0.0,0,0,0.0,0.0,0,0,0.0,158.0,1,1,158.0,0.0,0.0,0.0,0.0,0.0,0.0,0.0,0.2488888888888888,0.0,0.0,0.0,0.1003174603174603,0.8651721409481241,0.590505785123967,0.8687878787878788,,,,,0.0,,,25.0,0.0,,,19.0,,,,,,,,3.58572,,,,3.563578947368421,,,,,,,,5.504171728661708,,,,4.852706076269593
S031,R031,PUB,18,Image_010,90854,92070,1216,146,146,0,552.372,146,90858,92066,1440.0,1080.0,1600.0,1200.0,3.783369863013698,3.6955,1.5033331695318408,5.314904531205475,3.493951247165533,0.1925179472613475,3.509,zhidaoyu,3.3986523388116305,3.262,1582.0,11.319708103376872,13.289393010423051,1.0,0.0,4,1241.0,310.25,200.0,383.0,90858.0,333.0,810.2056656083513,270.0685552027838,1,-0.0,4.0,3,92.0,30.666666666666668,0.4501142586713063,0.0,0,0,0.0,0.0,0,0,0.0,0.0,0,0,0.0,0.0,0,0,0.0,0.0,0,0,0.0,0.0,0,0,0.0,0.0,0,0,0.0,0.0,0,0,0.0,0.0,0,0,0.0,908.0,3,1,908.0,0.0,0,0,0.0,0.0,0,0,0.0,0.0,0.0,0.0,0.0,0.0,0.0,0.0,0.0,0.0,0.7316680096696213,0.0,0.0,-0.0,1.0,0.9166666666666666,,,,,,,,0.0,0.0,105.0,0.0,,,,,,,,,,,3.734057142857143,,,,,,,,,,,,9.868758867015794,,
S031,R031,PUB,19,Image_011,92070,92887,817,98,79,19,287.219,79,92074,92883,1440.0,1080.0,960.0,720.0,3.6356835443037983,3.658,0.7362030353765432,4.246223995440297,3.493951247165533,0.1925179472613475,3.509,zhidaoyu,3.3986523388116305,3.262,1582.0,6.9742704420025445,12.139791538933167,0.8061224489795918,0.1938775510204081,4,800.0,200.0,125.0,258.0,92074.0,200.0,754.6909798874699,251.56365996249,1,-0.0,4.0,4,175.0,43.75,0.4192727666041499,0.0,0,0,0.0,0.0,0,0,0.0,0.0,0,0,0.0,0.0,0,0,0.0,0.0,0,0,0.0,0.0,0,0,0.0,0.0,0,0,0.0,0.0,0,0,0.0,200.0,1,1,200.0,0.0,0,0,0.0,0.0,0,0,0.0,0.0,0,0,0.0,0.0,0.0,0.0,0.0,0.0,0.0,0.0,0.0,0.25,0.0,0.0,0.0,-0.0,1.0,0.9166666666666666,,,,,,,,0.0,4.0,,,0.0,,,,,,,,,3.70375,,,,,,,,,,,,8.97701885256819,,,
S031,R031,PUB,20,Image_013,92887,93787,900,108,108,0,381.916,108,92891,93783,1920.0,1080.0,3840.0,2160.0,3.536259259259259,3.5105,0.2197613920965621,0.0427472214306086,3.493951247165533,0.1925179472613475,3.509,zhidaoyu,3.3986523388116305,3.262,1582.0,4.048867219403329,7.61802575107296,1.0,0.0,5,1067.0,213.4,117.0,292.0,92891.0,258.0,1143.752768091467,285.9381920228668,3,1.584962500721156,4.0,4,126.0,31.5,0.5192015277015679,0.0,0,0,0.0,0.0,0,0,0.0,0.0,0,0,0.0,0.0,0,0,0.0,192.0,1,1,192.0,0.0,0,0,0.0,0.0,0,0,0.0,0.0,0,0,0.0,325.0,2,1,325.0,0.0,0,0,0.0,0.0,0,0,0.0,0.0,0,0,0.0,0.0,0.0,0.0,0.0,0.1799437675726335,0.0,0.0,0.0,0.3045923149015933,0.0,0.0,0.0,0.9517207213572896,0.5330896520245877,0.8547711154094133,,,,,23.0,,,0.0,39.0,,0.0,0.0,,,,,3.386,,,,3.599282051282052,,,,,,,,-0.3722751711654749,,,,5.903213758562108,,,
S031,R031,PUB,21,Image_014,93787,94937,1150,138,138,0,496.073,138,93791,94933,1440.0,1080.0,4032.0,3024.0,3.5947318840579707,3.5885,0.5234869700518142,2.265602735822169,3.493951247165533,0.1925179472613475,3.509,zhidaoyu,3.3986523388116305,3.262,1582.0,5.769332244053571,10.009196811771911,1.0,0.0,4,1508.0,377.0,183.0,758.0,93791.0,292.0,1239.088552113923,413.0295173713077,1,-0.0,4.0,3,133.0,44.333333333333336,0.6883825289521794,0.0,0,0,0.0,0.0,0,0,0.0,0.0,0,0,0.0,0.0,0,0,0.0,0.0,0,0,0.0,0.0,0,0,0.0,0.0,0,0,0.0,0.0,0,0,0.0,758.0,1,1,758.0,0.0,0,0,0.0,0.0,0,0,0.0,0.0,0,0,0.0,0.0,0.0,0.0,0.0,0.0,0.0,0.0,0.0,0.5026525198938993,0.0,0.0,0.0,-0.0,1.0,0.9166666666666666,,,0.0,,0.0,0.0,,0.0,45.0,,,,,,,,,,,,3.5645333333333333,,,,,,,,,,,,4.8807873823218,,,
S031,R031,PUB,22,Image_015,94937,95854,917,110,91,19,320.584,91,94941,95849,1440.0,1080.0,4032.0,3024.0,3.5229010989010985,3.514,0.1503748203603347,0.1424907381020203,3.493951247165533,0.1925179472613475,3.509,zhidaoyu,3.3986523388116305,3.262,1582.0,3.6558243592786153,7.725321888412011,0.8272727272727273,0.1727272727272727,3,1041.0,347.0,125.0,758.0,94941.0,758.0,677.9887735374851,338.9943867687426,1,-0.0,4.0,3,92.0,30.666666666666668,0.3766604297430473,0.0,0,0,0.0,0.0,0,0,0.0,0.0,0,0,0.0,0.0,0,0,0.0,0.0,0,0,0.0,0.0,0,0,0.0,0.0,0,0,0.0,0.0,0,0,0.0,158.0,1,1,158.0,0.0,0,0,0.0,0.0,0,0,0.0,0.0,0,0,0.0,0.0,0.0,0.0,0.0,0.0,0.0,0.0,0.0,0.1517771373679154,0.0,0.0,0.0,-0.0,1.0,0.9166666666666666,,,,,0.0,,,,19.0,0.0,0.0,,,,,,,,,,3.638526315789474,,,,,,,,,,,,7.057914522134305,,,
S031,R031,PUB,23,Image_016,95854,96654,800,96,95,1,346.702,95,95858,96649,1440.0,1080.0,4032.0,3024.0,3.649494736842105,3.643,0.8079428016413377,3.8187517811342233,3.493951247165533,0.1925179472613475,3.509,zhidaoyu,3.3986523388116305,3.262,1582.0,7.3806430615431555,11.67995095033721,0.9895833333333334,0.0104166666666666,2,975.0,487.5,317.0,658.0,95916.0,317.0,91.35097153287424,91.35097153287424,0,0.0,62.0,2,67.0,33.5,0.0507505397404856,0.0,0,0,0.0,0.0,0,0,0.0,0.0,0,0,0.0,0.0,0,0,0.0,0.0,0,0,0.0,0.0,0,0,0.0,0.0,0,0,0.0,0.0,0,0,0.0,0.0,0,0,0.0,0.0,0,0,0.0,0.0,0,0,0.0,0.0,0,0,0.0,0.0,0.0,0.0,0.0,0.0,0.0,0.0,0.0,0.0,0.0,0.0,0.0,0.0,0.0,0.0,,,,,,,,,0.0,,0.0,,,,,,,,,,,,,,,,,,,,,,,,,
S031,R031,PUB,24,Image_017,96654,97570,916,110,91,19,310.608,91,96658,97566,1440.0,1080.0,4032.0,3024.0,3.413274725274725,3.401,-0.4190597450184071,-3.077799943003708,3.493951247165533,0.1925179472613475,3.509,zhidaoyu,3.3986523388116305,3.262,1582.0,0.4302407250106624,4.261189454322495,0.8272727272727273,0.1727272727272727,3,1308.0,436.0,150.0,658.0,96658.0,658.0,259.1958105838863,129.59790529194316,1,-0.0,4.0,3,92.0,30.666666666666668,0.1439976725466035,0.0,0,0,0.0,0.0,0,0,0.0,0.0,0,0,0.0,0.0,0,0,0.0,650.0,2,1,650.0,0.0,0,0,0.0,0.0,0,0,0.0,0.0,0,0,0.0,0.0,0,0,0.0,0.0,0,0,0.0,658.0,1,1,658.0,0.0,0,0,0.0,0.0,0.0,0.0,0.0,0.4969418960244648,0.0,0.0,0.0,0.0,0.0,0.5030581039755352,0.0,0.9999730156639312,0.5000187039998504,0.8338430173292558,,,,,49.0,,,,0.0,,30.0,,,,,,3.3641836734693875,,,,,,3.5545666666666667,,,,,,-1.0141862687342509,,,,,,4.587533890258189,
S031,R031,PUB,25,Image_018,97570,98487,917,110,89,21,312.97,89,97574,98483,1440.0,1080.0,3648.0,2736.0,3.5165168539325844,3.505,0.117213003192986,-0.1139925904816188,3.493951247165533,0.1925179472613475,3.509,zhidaoyu,3.3986523388116305,3.262,1582.0,3.4679779915990543,7.449417535254442,0.8090909090909091,0.1909090909090909,3,1183.0,394.3333333333333,183.0,500.0,97574.0,500.0,217.74229034696748,108.87114517348374,1,-0.0,4.0,3,92.0,30.666666666666668,0.1209679390816486,0.0,0,0,0.0,683.0,2,1,683.0,0.0,0,0,0.0,0.0,0,0,0.0,0.0,0,0,0.0,0.0,0,0,0.0,0.0,0,0,0.0,0.0,0,0,0.0,500.0,1,1,500.0,0.0,0,0,0.0,0.0,0,0,0.0,0.0,0,0,0.0,0.0,0.577345731191885,0.0,0.0,0.0,0.0,0.0,0.0,0.4226542688081149,0.0,0.0,0.0,0.982669041287231,0.5119647242672146,0.8462242885319808,,49.0,0.0,,,,,,29.0,,0.0,,,3.554653061224489,,,,,,,3.473413793103448,,,,,4.590075914249177,,,,,,,2.199738214999613,,,
S031,R031,PUB,26,Image_019,98487,99220,733,88,88,0,324.784,88,98491,99216,1439.0,1080.0,1706.0,1280.0,3.6907272727272726,3.719,1.0221178251740433,5.984611000284993,3.493951247165533,0.1925179472613475,3.509,zhidaoyu,3.3986523388116305,3.262,1582.0,8.593845583445841,14.009809932556722,1.0,0.0,3,1200.0,400.0,308.0,500.0,98491.0,500.0,276.5844718514504,138.29223592572518,1,-0.0,4.0,2,42.0,21.0,0.15372635419741,0.0,0,0,0.0,0.0,0,0,0.0,0.0,0,0,0.0,0.0,0,0,0.0,700.0,2,1,700.0,0.0,0,0,0.0,0.0,0,0,0.0,0.0,0,0,0.0,0.0,0,0,0.0,0.0,0,0,0.0,0.0,0,0,0.0,0.0,0,0,0.0,0.0,0.0,0.0,0.0,0.5833333333333334,0.0,0.0,0.0,0.0,0.0,0.0,0.0,-0.0,1.0,0.9166666666666666,,,,,50.0,,,,0.0,,0.0,,,,,,3.62194,,,,,,,,,,,,6.56988826537181,,,,,,,
S031,R031,PUB,27,Image_020,99220,100203,983,118,118,0,399.979,118,99224,100199,1439.0,1080.0,1706.0,1280.0,3.389652542372882,3.405,-0.5417609437267843,-2.963807352522076,3.493951247165533,0.1925179472613475,3.509,zhidaoyu,3.3986523388116305,3.262,1582.0,-0.2648048562064852,4.38381361128143,1.0,0.0,4,941.0,235.25,158.0,308.0,99224.0,308.0,490.2748821542396,163.42496071807986,1,-0.0,4.0,3,91.0,30.33333333333333,0.2724960287308365,766.0,3,1,766.0,0.0,0,0,0.0,0.0,0,0,0.0,0.0,0,0,0.0,0.0,0,0,0.0,0.0,0,0,0.0,0.0,0,0,0.0,0.0,0,0,0.0,608.0,2,2,608.0,0.0,0,0,0.0,0.0,0,0,0.0,0.0,0,0,0.0,0.8140276301806588,0.0,0.0,0.0,0.0,0.0,0.0,0.0,0.6461211477151966,0.0,0.0,0.0,0.9904402524802418,0.5066116630541413,0.8429160601649685,89.0,,,,,,,0.0,70.0,,,,3.413831460674157,,,,,,,,3.3994,,,,0.4466217885597127,,,,,,,,0.0219987546190402,,,
S031,R031,PUB,28,Image_021,100203,101120,917,110,110,0,365.497,110,100208,101116,1440.0,1080.0,4032.0,3024.0,3.3227,3.294,-0.8895339348962374,-6.127101738387001,3.493951247165533,0.1925179472613475,3.509,zhidaoyu,3.3986523388116305,3.262,1582.0,-2.234778119087866,0.980993255671368,1.0,0.0,4,1224.0,306.0,175.0,458.0,100208.0,175.0,641.136737868426,213.71224595614203,1,-0.0,5.0,3,92.0,30.666666666666668,0.35618707659357,0.0,0,0,0.0,0.0,0,0,0.0,0.0,0,0,0.0,633.0,2,1,633.0,0.0,0,0,0.0,0.0,0,0,0.0,0.0,0,0,0.0,0.0,0,0,0.0,0.0,0,0,0.0,0.0,0,0,0.0,0.0,0,0,0.0,0.0,0,0,0.0,0.0,0.0,0.0,0.5171568627450981,0.0,0.0,0.0,0.0,0.0,0.0,0.0,0.0,-0.0,1.0,0.9166666666666666,,,,58.0,,,,0.0,0.0,,,,,,,3.265758620689655,,,,,,,,,,,,-3.910188653436758,,,,,,,,
S031,R031,PUB,29,Image_022,101120,101937,817,98,79,19,259.467,79,101124,101933,1620.0,1080.0,5472.0,3648.0,3.284392405063291,3.283,-1.08851587648481,-6.440581362211456,3.493951247165533,0.1925179472613475,3.509,zhidaoyu,3.3986523388116305,3.262,1582.0,-3.36191885364455,0.6437768240343319,0.8061224489795918,0.1938775510204081,2,1066.0,533.0,358.0,708.0,101124.0,358.0,271.4148116813082,271.4148116813082,0,0.0,4.0,2,59.0,29.5,0.1394017123130141,0.0,0,0,0.0,0.0,0,0,0.0,0.0,0,0,0.0,0.0,0,0,0.0,0.0,0,0,0.0,0.0,0,0,0.0,0.0,0,0,0.0,0.0,0,0,0.0,0.0,0,0,0.0,0.0,0,0,0.0,0.0,0,0,0.0,0.0,0,0,0.0,0.0,0.0,0.0,0.0,0.0,0.0,0.0,0.0,0.0,0.0,0.0,0.0,0.0,0.0,0.0,,,,,,,,0.0,0.0,,,,,,,,,,,,,,,,,,,,,,,,,,,
S031,R031,PUB,30,Image_024,101937,102870,933,112,112,0,369.396,112,101941,102866,1440.0,1080.0,4032.0,3024.0,3.298178571428571,3.2885,-1.0169061041939944,-6.283841550299228,3.493951247165533,0.1925179472613475,3.509,zhidaoyu,3.3986523388116305,3.262,1582.0,-2.956282589886523,0.81238503985285,1.0,0.0,3,1450.0,483.3333333333333,300.0,708.0,101941.0,708.0,356.0759399195467,178.03796995977336,2,1.0,4.0,2,66.0,33.0,0.1978199666219704,0.0,0,0,0.0,0.0,0,0,0.0,0.0,0,0,0.0,0.0,0,0,0.0,300.0,1,1,300.0,0.0,0,0,0.0,0.0,0,0,0.0,0.0,0,0,0.0,300.0,1,1,300.0,0.0,0,0,0.0,0.0,0,0,0.0,442.0,1,1,442.0,0.0,0.0,0.0,0.0,0.2068965517241379,0.0,0.0,0.0,0.2068965517241379,0.0,0.0,0.3048275862068965,1.5591662939977584,0.3457141699301137,0.7727127319257837,,,,,36.0,0.0,,0.0,36.0,,,25.0,,,,,3.2638055555555554,,,,3.2638055555555554,,,3.24988,,,,,-3.967654523416936,,,,-3.967654523416936,,,-4.377392094881056
S031,R031,PUB,31,Image_025,102870,103620,750,90,70,20,229.359,70,102874,103616,1620.0,1080.0,5472.0,3648.0,3.2765571428571425,3.3125,-1.1292147428378354,-5.599886007409516,3.493951247165533,0.1925179472613475,3.509,zhidaoyu,3.3986523388116305,3.262,1582.0,-3.592459121522848,1.548129981606376,0.7777777777777778,0.2222222222222222,3,825.0,275.0,133.0,442.0,102874.0,442.0,275.7248596115425,137.86242980577126,1,-0.0,4.0,3,100.0,33.333333333333336,0.1416154016024966,0.0,0,0,0.0,0.0,0,0,0.0,0.0,0,0,0.0,0.0,0,0,0.0,0.0,0,0,0.0,0.0,0,0,0.0,0.0,0,0,0.0,0.0,0,0,0.0,442.0,1,1,442.0,0.0,0,0,0.0,0.0,0,0,0.0,0.0,0,0,0.0,0.0,0.0,0.0,0.0,0.0,0.0,0.0,0.0,0.5357575757575758,0.0,0.0,0.0,-0.0,1.0,0.9166666666666666,,,,,,,,0.0,28.0,,,0.0,,,,,,,,,3.3235357142857143,,,,,,,,,,,,-2.2101885405608,,,
S032,R032,PUB,1,Image_001,60100,62850,2750,330,309,21,904.326,308,60107,62848,1440.0,1080.0,4032.0,3024.0,2.9361233766233767,2.927,0.1124656446860343,0.4806041881222188,2.9219976790450923,0.1256001120850597,2.913,zhidaoyu,3.0683397212543557,2.882,574.0,-4.309051690564685,1.5614156835530857,0.9363636363636364,0.0636363636363636,11,2702.0,245.63636363636363,92.0,475.0,60107.0,475.0,2487.91131350707,248.79113135070708,0,0.0,7.0,10,351.0,35.1,1.3821729519483723,0.0,0,0,0.0,0.0,0,0,0.0,0.0,0,0,0.0,0.0,0,0,0.0,0.0,0,0,0.0,0.0,0,0,0.0,0.0,0,0,0.0,0.0,0,0,0.0,0.0,0,0,0.0,0.0,0,0,0.0,0.0,0,0,0.0,0.0,0,0,0.0,0.0,0.0,0.0,0.0,0.0,0.0,0.0,0.0,0.0,0.0,0.0,0.0,0.0,0.0,0.0,,,,,0.0,,,0.0,0.0,,0.0,0.0,,,,,,,,,,,,,,,,,,,,,,,,
S032,R032,PUB,2,Image_012,62850,65433,2583,310,310,0,887.499,310,62857,65432,1440.0,1080.0,4032.0,3024.0,2.8629,2.885,-0.4705225024406792,-0.9612083762444223,2.9219976790450923,0.1256001120850597,2.913,zhidaoyu,3.0683397212543557,2.882,574.0,-6.695468556864038,0.1040943789035277,1.0,0.0,11,2775.0,252.27272727272728,150.0,475.0,62857.0,467.0,2752.205562826726,275.2205562826726,6,2.2516291673878226,7.0,10,327.0,32.7,1.5290030904592922,0.0,0,0,0.0,0.0,0,0,0.0,0.0,0,0,0.0,0.0,0,0,0.0,1016.0,4,2,1016.0,0.0,0,0,0.0,0.0,0,0,0.0,0.0,0,0,0.0,0.0,0,0,0.0,0.0,0,0,0.0,1050.0,4,3,1050.0,0.0,0,0,0.0,0.0,0.0,0.0,0.0,0.3661261261261261,0.0,0.0,0.0,0.0,0.0,0.3783783783783784,0.0,0.9998046284383026,0.5001354151340703,0.8347047434656341,,,,,90.0,,,,0.0,0.0,96.0,,,,,,2.9024222222222216,,,,,,2.83340625,,,,,,-5.407403159527123,,,,,,-7.656696865310376,
S032,R032,PUB,3,Image_023,65433,67300,1867,224,224,0,636.222,224,65440,67298,1440.0,1080.0,960.0,720.0,2.840276785714285,2.837,-0.6506434745493167,-2.6089941640919885,2.9219976790450923,0.1256001120850597,2.913,zhidaoyu,3.0683397212543557,2.882,574.0,-7.432779817706639,-1.5614156835530857,1.0,0.0,7,2025.0,289.2857142857143,150.0,475.0,65440.0,475.0,1941.4078358271963,323.56797263786603,1,-0.0,7.0,6,242.0,40.333333333333336,1.0785599087928868,0.0,0,0,0.0,0.0,0,0,0.0,0.0,0,0,0.0,0.0,0,0,0.0,0.0,0,0,0.0,0.0,0,0,0.0,0.0,0,0,0.0,475.0,1,1,475.0,0.0,0,0,0.0,0.0,0,0,0.0,0.0,0,0,0.0,0.0,0,0,0.0,0.0,0.0,0.0,0.0,0.0,0.0,0.0,0.2345679012345679,0.0,0.0,0.0,0.0,-0.0,1.0,0.9166666666666666,,,,,,,,32.0,0.0,0.0,,0.0,,,,,,,,2.90084375,,,,,,,,,,,,-5.458847014041914,,,,
S032,R032,PUB,4,Image_026,67300,69233,1933,232,232,0,696.48,232,67307,69232,1439.0,1080.0,1706.0,1280.0,3.0020689655172417,3.033,0.6375096737009512,4.119464469618953,2.9219976790450923,0.1256001120850597,2.913,zhidaoyu,3.0683397212543557,2.882,574.0,-2.159824587807433,5.239417071478133,1.0,0.0,6,2208.0,368.0,183.0,708.0,67307.0,433.0,1856.0225396685728,371.2045079337145,3,1.584962500721156,7.0,5,226.0,45.2,1.031582056727713,0.0,0,0,0.0,0.0,0,0,0.0,0.0,0,0,0.0,0.0,0,0,0.0,242.0,1,1,242.0,0.0,0,0,0.0,0.0,0,0,0.0,433.0,1,1,433.0,0.0,0,0,0.0,0.0,0,0,0.0,0.0,0,0,0.0,0.0,0,0,0.0,0.0,0.0,0.0,0.0,0.1096014492753623,0.0,0.0,0.1961050724637681,0.0,0.0,0.0,0.0,0.9414465728313433,0.5400340192043895,0.8569135802469136,,,,,29.0,,,23.0,0.0,,,,,,,,3.018448275862069,,,2.9683478260869567,,,,,,,,,-1.626007871510733,,,-3.2588273871617224,,,,
S032,R032,PUB,5,Image_027,69233,70433,1200,144,144,0,411.796,144,69240,70432,810.0,1080.0,1280.0,1706.0,2.8596944444444445,2.832,-0.4960444188015881,-2.7806385169927896,2.9219976790450923,0.1256001120850597,2.913,zhidaoyu,3.0683397212543557,2.882,574.0,-6.799940546499047,-1.7349063150589958,1.0,0.0,6,1817.0,302.8333333333333,125.0,708.0,69240.0,708.0,1515.5075112458608,303.10150224917214,3,0.9182958340544896,7.0,5,183.0,36.6,1.122598156478415,0.0,0,0,0.0,0.0,0,0,0.0,726.0,3,2,726.0,0.0,0,0,0.0,0.0,0,0,0.0,0.0,0,0,0.0,0.0,0,0,0.0,0.0,0,0,0.0,0.0,0,0,0.0,0.0,0,0,0.0,0.0,0,0,0.0,0.0,0,0,0.0,0.0,0.0,0.3995597138139791,0.0,0.0,0.0,0.0,0.0,0.0,0.0,0.0,0.0,-0.0,1.0,0.9166666666666666,,,45.0,,,,,0.0,0.0,,,,,,2.862311111111111,,,,,,,,,,,,-6.714660984769266,,,,,,,,,
S032,R032,PUB,6,Image_028,70433,71933,1500,180,180,0,522.55,180,70440,71932,1620.0,1080.0,5472.0,3648.0,2.9030555555555555,2.8855,-0.1508129505227568,-0.944043940954338,2.9219976790450923,0.1256001120850597,2.913,zhidaoyu,3.0683397212543557,2.882,574.0,-5.386762246496963,0.1214434420541233,1.0,0.0,7,1550.0,221.42857142857144,133.0,367.0,70440.0,367.0,1332.3156254606856,222.0526042434476,5,1.9219280948873625,7.0,6,184.0,30.666666666666668,0.6842923508120196,392.0,2,1,392.0,0.0,0,0,0.0,0.0,0,0,0.0,0.0,0,0,0.0,0.0,0,0,0.0,0.0,0,0,0.0,0.0,0,0,0.0,542.0,3,1,542.0,508.0,2,2,508.0,0.0,0,0,0.0,0.0,0,0,0.0,0.0,0,0,0.0,0.2529032258064516,0.0,0.0,0.0,0.0,0.0,0.0,0.3496774193548387,0.327741935483871,0.0,0.0,0.0,1.571703673798922,0.3392825883298931,0.7673370319001387,47.0,,,,,,,65.0,35.0,,,,2.941021276595745,,,,,,,2.9477538461538457,2.8755714285714284,,,,-4.149424647364721,,,,,,,-3.9300040430729535,-6.282495101426449,,,
S032,R032,PUB,7,Image_029,71933,73783,1850,222,222,0,666.954,222,71940,73782,1620.0,1080.0,6000.0,4000.0,3.004297297297297,3.005,0.6552511529326454,3.1582560933745314,2.9219976790450923,0.1256001120850597,2.913,zhidaoyu,3.0683397212543557,2.882,574.0,-2.0872012154793973,4.2678695350451,1.0,0.0,8,1916.0,239.5,125.0,442.0,71940.0,275.0,3534.8482287817533,504.9783183973933,4,2.0,7.0,7,318.0,45.42857142857143,1.8155379686404092,0.0,0,0,0.0,0.0,0,0,0.0,0.0,0,0,0.0,0.0,0,0,0.0,275.0,1,1,275.0,0.0,0,0,0.0,0.0,0,0,0.0,508.0,3,2,508.0,0.0,0,0,0.0,0.0,0,0,0.0,0.0,0,0,0.0,0.0,0,0,0.0,0.0,0.0,0.0,0.0,0.1435281837160751,0.0,0.0,0.2651356993736952,0.0,0.0,0.0,0.0,0.9351469542596662,0.5442749747589665,0.8581311196253725,,,,,33.0,,,61.0,0.0,,0.0,,,,,,3.024454545454545,,,2.993786885245902,,,,,,,,,-1.430258047888819,,,-2.4297451645274686,,,,
S032,R032,PUB,8,Image_030,73783,75900,2117,254,236,18,687.024,235,73790,75898,1920.0,1079.0,2275.0,1279.0,2.923506382978723,2.904,0.012011963274436,-0.3089598352214177,2.9219976790450923,0.1256001120850597,2.913,zhidaoyu,3.0683397212543557,2.882,574.0,-4.720251061913817,0.7633587786259471,0.9291338582677166,0.0708661417322834,8,2017.0,252.125,158.0,442.0,73790.0,442.0,2226.317852905782,318.0454075579688,4,1.5,7.0,8,276.0,34.5,1.010852064220341,0.0,0,0,0.0,0.0,0,0,0.0,0.0,0,0,0.0,0.0,0,0,0.0,0.0,0,0,0.0,208.0,1,1,208.0,0.0,0,0,0.0,0.0,0,0,0.0,725.0,3,2,725.0,0.0,0,0,0.0,0.0,0,0,0.0,0.0,0,0,0.0,0.0,0.0,0.0,0.0,0.0,0.1031234506693108,0.0,0.0,0.3594447198810114,0.0,0.0,0.0,0.7654938062992267,0.653528074450108,0.8795105394783851,0.0,,,,,25.0,,0.0,62.0,,,,,,,,,2.88812,,,2.967,,,,,,,,,-5.8735256727270135,,,-3.3027542730153403,,,
S032,R032,PUB,9,Image_031,75900,77550,1650,198,198,0,580.86,198,75907,77548,1621.0,1080.0,2731.0,1820.0,2.933636363636364,2.922,0.0926646035426245,0.3089598352214329,2.9219976790450923,0.1256001120850597,2.913,zhidaoyu,3.0683397212543557,2.882,574.0,-4.390105720201157,1.3879250520471906,1.0,0.0,7,1559.0,222.7142857142857,117.0,342.0,75907.0,342.0,1892.411412960406,315.40190216006766,2,1.0,7.0,6,225.0,37.5,0.9715486411826514,0.0,0,0,0.0,0.0,0,0,0.0,0.0,0,0,0.0,0.0,0,0,0.0,0.0,0,0,0.0,0.0,0,0,0.0,0.0,0,0,0.0,0.0,0,0,0.0,200.0,1,1,200.0,0.0,0,0,0.0,0.0,0,0,0.0,0.0,0,0,0.0,0.0,0.0,0.0,0.0,0.0,0.0,0.0,0.0,0.128287363694676,0.0,0.0,0.0,-0.0,1.0,0.9166666666666666,,,0.0,,,,,,24.0,0.0,,,,,,,,,,,2.875583333333333,,,,,,,,,,,,-6.282107114339418,,,
S032,R032,PUB,10,Image_002,77550,79250,1700,204,204,0,630.347,204,77557,79248,810.0,1080.0,3072.0,4096.0,3.089936274509804,3.1055,1.3370895350075738,6.608307586680411,2.9219976790450923,0.1256001120850597,2.913,zhidaoyu,3.0683397212543557,2.882,574.0,0.7038514381523548,7.755031228313672,1.0,0.0,6,1709.0,284.8333333333333,217.0,350.0,77598.0,300.0,1262.5355536755528,252.50711073511056,2,1.0,48.0,6,208.0,34.666666666666664,0.9352115212411504,0.0,0,0,0.0,0.0,0,0,0.0,0.0,0,0,0.0,0.0,0,0,0.0,0.0,0,0,0.0,0.0,0,0,0.0,0.0,0,0,0.0,0.0,0,0,0.0,0.0,0,0,0.0,517.0,2,1,517.0,542.0,2,1,542.0,0.0,0,0,0.0,0.0,0.0,0.0,0.0,0.0,0.0,0.0,0.0,0.0,0.3025160912814511,0.3171445289643066,0.0,0.9995979565545464,0.5002786493930793,0.8353005980484735,,,,,,,,,0.0,62.0,65.0,,,,,,,,,,,3.110161290322581,3.0579384615384613,,,,,,,,,,,1.363003215665071,-0.33898657452578,
S032,R032,PUB,11,Image_003,79250,80750,1500,180,180,0,532.788,180,79257,80748,1620.0,1080.0,5472.0,3648.0,2.9599333333333333,3.0,0.3020351945430585,2.986611740473745,2.9219976790450923,0.1256001120850597,2.913,zhidaoyu,3.0683397212543557,2.882,574.0,-3.533063407877952,4.094378903539204,1.0,0.0,6,1717.0,286.1666666666667,200.0,367.0,79257.0,300.0,1810.290730464413,362.05814609288257,2,1.0,7.0,5,192.0,38.4,0.9297857624197436,0.0,0,0,0.0,0.0,0,0,0.0,0.0,0,0,0.0,0.0,0,0,0.0,0.0,0,0,0.0,0.0,0,0,0.0,0.0,0,0,0.0,358.0,1,1,358.0,300.0,1,1,300.0,0.0,0,0,0.0,0.0,0,0,0.0,0.0,0,0,0.0,0.0,0.0,0.0,0.0,0.0,0.0,0.0,0.2085032032615026,0.17472335468841,0.0,0.0,0.0,0.9943880664261716,0.5038848495486923,0.8406788247213779,,,,,0.0,,,4.0,26.0,,,0.0,,,,,,,,3.12325,3.214961538461538,,,,,,,,,,,1.7895762442887897,4.778539227307042,,,
S032,R032,PUB,12,Image_004,80750,82683,1933,232,215,17,661.522,215,80757,82682,1439.0,1080.0,1706.0,1280.0,3.076846511627908,3.081,1.2328717706712495,5.767250257466535,2.9219976790450923,0.1256001120850597,2.913,zhidaoyu,3.0683397212543557,2.882,574.0,0.2772440846307083,6.904927133934762,0.9267241379310344,0.0732758620689655,7,1808.0,258.2857142857143,183.0,358.0,80757.0,358.0,1914.9447427232203,319.1574571205368,3,1.584962500721156,7.0,7,209.0,29.857142857142858,1.0643311673203548,0.0,0,0,0.0,0.0,0,0,0.0,1066.0,4,2,1066.0,0.0,0,0,0.0,475.0,2,1,475.0,0.0,0,0,0.0,0.0,0,0,0.0,0.0,0,0,0.0,267.0,1,1,267.0,0.0,0,0,0.0,0.0,0,0,0.0,0.0,0,0,0.0,0.0,0.0,0.5896017699115044,0.0,0.2627212389380531,0.0,0.0,0.0,0.1476769911504424,0.0,0.0,0.0,1.3635294882721811,0.438461190187172,0.8236541297935103,,,101.0,,57.0,,,0.0,32.0,,,,,,3.0797425742574256,,3.069824561403509,,,,3.09259375,,,,,,0.3716294165239551,,0.048392299551069,,,,0.7904609967937104,,,
S032,R032,PUB,13,Image_005,82683,83983,1300,156,156,0,455.56,156,82690,83982,1920.0,1080.0,960.0,540.0,2.9202564102564104,2.916,-0.0138635926336016,0.1029866117404776,2.9219976790450923,0.1256001120850597,2.913,zhidaoyu,3.0683397212543557,2.882,574.0,-4.826170647668948,1.1797362942401044,1.0,0.0,5,1434.0,286.8,183.0,417.0,82690.0,325.0,1644.9885406995809,411.2471351748952,4,2.0,7.0,4,167.0,41.75,0.746735297356232,0.0,0,0,0.0,0.0,0,0,0.0,0.0,0,0,0.0,0.0,0,0,0.0,0.0,0,0,0.0,0.0,0,0,0.0,0.0,0,0,0.0,292.0,1,1,292.0,0.0,0,0,0.0,0.0,0,0,0.0,0.0,0,0,0.0,183.0,1,1,183.0,0.0,0.0,0.0,0.0,0.0,0.0,0.0,0.203626220362622,0.0,0.0,0.0,0.1276150627615062,0.9616745630100054,0.5263290858725762,0.8524561403508772,,,,,0.0,,0.0,35.0,,,,22.0,,,,,,,,2.927457142857143,,,,2.953863636363636,,,,,,,,-4.59149218130314,,,,-3.7308803877792474
S032,R032,PUB,14,Image_006,83983,85233,1250,150,150,0,427.098,150,83990,85232,1439.0,1080.0,1706.0,1280.0,2.84732,2.8485,-0.5945669777310291,-2.214212152420178,2.9219976790450923,0.1256001120850597,2.913,zhidaoyu,3.0683397212543557,2.882,574.0,-7.203235017405481,-1.162387231089524,1.0,0.0,5,1509.0,301.8,150.0,417.0,83990.0,417.0,1251.781755264636,312.945438816159,2,1.0,7.0,4,150.0,37.5,0.6957434891392583,0.0,0,0,0.0,0.0,0,0,0.0,0.0,0,0,0.0,0.0,0,0,0.0,0.0,0,0,0.0,0.0,0,0,0.0,0.0,0,0,0.0,0.0,0,0,0.0,0.0,0,0,0.0,0.0,0,0,0.0,367.0,2,1,367.0,0.0,0,0,0.0,0.0,0.0,0.0,0.0,0.0,0.0,0.0,0.0,0.0,0.0,0.2432074221338634,0.0,-0.0,1.0,0.9166666666666666,,,,,0.0,,,,0.0,,44.0,,,,,,,,,,,,2.8847045454545457,,,,,,,,,,,,-5.984838462565627,
S032,R032,PUB,15,Image_007,85233,86616,1383,166,166,0,476.685,166,85240,86615,1439.0,1080.0,1706.0,1280.0,2.871596385542169,2.836,-0.4012838258360001,-2.643323034672158,2.9219976790450923,0.1256001120850597,2.913,zhidaoyu,3.0683397212543557,2.882,574.0,-6.412045392149612,-1.596113809854277,1.0,0.0,5,1634.0,326.8,142.0,608.0,85240.0,342.0,1037.233045000463,259.30826125011583,0,0.0,7.0,4,166.0,41.5,0.5764967693003304,0.0,0,0,0.0,0.0,0,0,0.0,0.0,0,0,0.0,0.0,0,0,0.0,0.0,0,0,0.0,0.0,0,0,0.0,0.0,0,0,0.0,0.0,0,0,0.0,0.0,0,0,0.0,0.0,0,0,0.0,0.0,0,0,0.0,0.0,0,0,0.0,0.0,0.0,0.0,0.0,0.0,0.0,0.0,0.0,0.0,0.0,0.0,0.0,0.0,0.0,0.0,0.0,,,,,,,0.0,0.0,,,,,,,,,,,,,,,,,,,,,,,,,,,
S032,R032,PUB,16,Image_008,86616,88083,1467,176,176,0,517.85,176,86624,88082,1440.0,1080.0,4096.0,3072.0,2.942329545454545,2.943,0.1618777728134819,1.029866117404746,2.9219976790450923,0.1256001120850597,2.913,zhidaoyu,3.0683397212543557,2.882,574.0,-4.1067869677838695,2.116585704371962,1.0,0.0,7,1817.0,259.57142857142856,75.0,608.0,86624.0,608.0,1780.8936582695608,296.8156097115935,2,1.0,8.0,7,233.0,33.285714285714285,0.9893853657053115,0.0,0,0,0.0,0.0,0,0,0.0,0.0,0,0,0.0,0.0,0,0,0.0,0.0,0,0,0.0,0.0,0,0,0.0,0.0,0,0,0.0,0.0,0,0,0.0,0.0,0,0,0.0,0.0,0,0,0.0,367.0,3,1,367.0,0.0,0,0,0.0,0.0,0.0,0.0,0.0,0.0,0.0,0.0,0.0,0.0,0.0,0.2019812878370941,0.0,-0.0,1.0,0.9166666666666666,,,,,,,,,0.0,,44.0,,,,,,,,,,,,2.96225,,,,,,,,,,,,-3.4575611207413868,
S032,R032,PUB,17,Image_009,88083,89666,1583,190,160,30,472.473,160,88090,89665,1440.0,1080.0,4032.0,3024.0,2.95295625,2.889,0.2464852175764132,-0.8238928939237907,2.9219976790450923,0.1256001120850597,2.913,zhidaoyu,3.0683397212543557,2.882,574.0,-3.760452939910632,0.2428868841082467,0.8421052631578947,0.1578947368421052,5,1416.0,283.2,208.0,467.0,88090.0,467.0,1532.2932324689311,383.0733081172328,1,-0.0,7.0,5,168.0,33.6,0.851274018038295,0.0,0,0,0.0,0.0,0,0,0.0,0.0,0,0,0.0,0.0,0,0,0.0,0.0,0,0,0.0,0.0,0,0,0.0,0.0,0,0,0.0,0.0,0,0,0.0,0.0,0,0,0.0,0.0,0,0,0.0,0.0,0,0,0.0,258.0,1,1,258.0,0.0,0.0,0.0,0.0,0.0,0.0,0.0,0.0,0.0,0.0,0.0,0.1822033898305084,-0.0,1.0,0.9166666666666666,,,,,0.0,,,0.0,0.0,,,31.0,,,,,,,,,,,,2.833096774193548,,,,,,,,,,,,-7.666782965109169
S032,R032,PUB,18,Image_010,89666,91733,2067,248,248,0,743.953,248,89674,91732,1440.0,1080.0,1600.0,1200.0,2.999810483870968,2.989,0.6195281479779141,2.608994164092004,2.9219976790450923,0.1256001120850597,2.913,zhidaoyu,3.0683397212543557,2.882,574.0,-2.2334305718720184,3.712699514226223,1.0,0.0,8,1875.0,234.375,167.0,425.0,89707.0,275.0,2714.5746404692563,387.79637720989376,2,1.0,41.0,9,342.0,38.0,1.5080970224829202,0.0,0,0,0.0,0.0,0,0,0.0,0.0,0,0,0.0,0.0,0,0,0.0,0.0,0,0,0.0,0.0,0,0,0.0,0.0,0,0,0.0,0.0,0,0,0.0,0.0,0,0,0.0,650.0,3,1,650.0,0.0,0,0,0.0,0.0,0,0,0.0,0.0,0.0,0.0,0.0,0.0,0.0,0.0,0.0,0.0,0.3466666666666667,0.0,0.0,-0.0,1.0,0.9166666666666666,,,,,,,,0.0,0.0,78.0,0.0,,,,,,,,,,,3.0717435897435896,,,,,,,,,,,,0.1109351896615551,,
S032,R032,PUB,19,Image_011,91733,93049,1316,158,135,23,412.851,135,91740,93049,1440.0,1080.0,960.0,720.0,3.0581555555555555,3.055,1.084058558946615,4.874699622382436,2.9219976790450923,0.1256001120850597,2.913,zhidaoyu,3.0683397212543557,2.882,574.0,-0.3319112818001918,6.002775850104096,0.8544303797468354,0.1455696202531645,5,1367.0,273.4,175.0,425.0,91740.0,425.0,1426.5436376314826,356.63590940787066,0,0.0,7.0,4,143.0,35.75,0.7925242431286015,0.0,0,0,0.0,0.0,0,0,0.0,0.0,0,0,0.0,0.0,0,0,0.0,0.0,0,0,0.0,0.0,0,0,0.0,0.0,0,0,0.0,0.0,0,0,0.0,0.0,0,0,0.0,0.0,0,0,0.0,0.0,0,0,0.0,0.0,0,0,0.0,0.0,0.0,0.0,0.0,0.0,0.0,0.0,0.0,0.0,0.0,0.0,0.0,0.0,0.0,0.0,,,,,,,,0.0,0.0,,,0.0,,,,,,,,,,,,,,,,,,,,,,,,
S032,R032,PUB,20,Image_013,93049,94966,1917,230,230,0,679.41,230,93057,94965,1920.0,1080.0,3840.0,2160.0,2.95395652173913,2.962,0.2544491574370109,1.6821146584277509,2.9219976790450923,0.1256001120850597,2.913,zhidaoyu,3.0683397212543557,2.882,574.0,-3.7278531683729215,2.7758501040943813,1.0,0.0,8,2068.0,258.5,167.0,400.0,93057.0,400.0,2640.6920412010204,377.2417201715744,1,-0.0,8.0,7,276.0,39.42857142857143,1.1987305125991154,0.0,0,0,0.0,0.0,0,0,0.0,0.0,0,0,0.0,0.0,0,0,0.0,300.0,1,1,300.0,0.0,0,0,0.0,0.0,0,0,0.0,0.0,0,0,0.0,0.0,0,0,0.0,0.0,0,0,0.0,0.0,0,0,0.0,0.0,0,0,0.0,0.0,0.0,0.0,0.0,0.1450676982591876,0.0,0.0,0.0,0.0,0.0,0.0,0.0,-0.0,1.0,0.9166666666666666,,,,,13.0,,,0.0,0.0,,0.0,0.0,,,,,3.095076923076923,,,,,,,,,,,,0.8713898802456417,,,,,,,
S032,R032,PUB,21,Image_014,94966,96433,1467,176,176,0,535.434,176,94974,96432,1440.0,1080.0,4032.0,3024.0,3.042238636363636,3.023,0.9573316084074311,3.776175763817382,2.9219976790450923,0.1256001120850597,2.913,zhidaoyu,3.0683397212543557,2.882,574.0,-0.8506582471920278,4.892435808466343,1.0,0.0,5,1725.0,345.0,208.0,700.0,94974.0,300.0,1596.634728460681,399.15868211517017,4,2.0,8.0,4,142.0,35.5,0.887019293589267,0.0,0,0,0.0,0.0,0,0,0.0,508.0,2,2,508.0,0.0,0,0,0.0,600.0,2,2,600.0,0.0,0,0,0.0,0.0,0,0,0.0,0.0,0,0,0.0,517.0,2,2,517.0,0.0,0,0,0.0,0.0,0,0,0.0,0.0,0,0,0.0,0.0,0.0,0.2944927536231884,0.0,0.3478260869565217,0.0,0.0,0.0,0.2997101449275362,0.0,0.0,0.0,1.5808137761381884,0.3352816094674556,0.7594358974358975,,,48.0,,59.0,0.0,,0.0,62.0,,,,,,3.0792708333333336,,3.0374745762711868,,,,3.025596774193548,,,,,,0.3562549480182606,,-1.0059233262003546,,,,-1.3930317677904844,,,
S032,R032,PUB,22,Image_015,96433,97733,1300,156,156,0,433.342,156,96440,97732,1440.0,1080.0,4032.0,3024.0,2.777833333333333,2.735,-1.1478042759557987,-6.110538963268106,2.9219976790450923,0.1256001120850597,2.913,zhidaoyu,3.0683397212543557,2.882,574.0,-9.467869085964882,-5.10062456627343,1.0,0.0,6,1824.0,304.0,158.0,700.0,96440.0,700.0,1477.8983109981843,295.57966219963686,4,2.0,7.0,5,176.0,35.2,0.8210546172212135,0.0,0,0,0.0,0.0,0,0,0.0,0.0,0,0,0.0,0.0,0,0,0.0,333.0,2,1,333.0,0.0,0,0,0.0,0.0,0,0,0.0,0.0,0,0,0.0,0.0,0,0,0.0,0.0,0,0,0.0,225.0,1,1,225.0,0.0,0,0,0.0,0.0,0.0,0.0,0.0,0.1825657894736842,0.0,0.0,0.0,0.0,0.0,0.1233552631578947,0.0,0.9728063221185,0.5187304890738814,0.8494623655913979,,,,,40.0,,,,0.0,0.0,27.0,,,,,,2.780725,,,,,,2.685185185185185,,,,,,-9.373627022524635,,,,,,-12.487357035958665,
S032,R032,PUB,23,Image_016,97733,99533,1800,216,216,0,593.173,216,97740,99532,1440.0,1080.0,4032.0,3024.0,2.7461712962962963,2.734,-1.3998903331369776,-6.144867833848261,2.9219976790450923,0.1256001120850597,2.913,zhidaoyu,3.0683397212543557,2.882,574.0,-10.499763853604668,-5.135322692574605,1.0,0.0,8,1849.0,231.125,142.0,383.0,97740.0,383.0,2422.461522889349,346.06593184133555,4,1.0,7.0,7,274.0,39.142857142857146,1.3458119571607494,0.0,0,0,0.0,0.0,0,0,0.0,0.0,0,0,0.0,0.0,0,0,0.0,0.0,0,0,0.0,0.0,0,0,0.0,0.0,0,0,0.0,0.0,0,0,0.0,0.0,0,0,0.0,0.0,0,0,0.0,417.0,2,2,417.0,0.0,0,0,0.0,0.0,0.0,0.0,0.0,0.0,0.0,0.0,0.0,0.0,0.0,0.2255273120605732,0.0,-0.0,1.0,0.9166666666666666,,,,,,,,,0.0,,50.0,,,,,,,,,,,,2.70764,,,,,,,,,,,,-11.755534068010537,
S032,R032,PUB,24,Image_017,99533,101299,1766,212,185,27,527.362,185,99540,101299,1440.0,1080.0,4032.0,3024.0,2.850605405405405,2.852,-0.5684093147252807,-2.0940611053896308,2.9219976790450923,0.1256001120850597,2.913,zhidaoyu,3.0683397212543557,2.882,574.0,-7.09616064807645,-1.0409437890354003,0.8726415094339622,0.1273584905660377,8,1624.0,203.0,133.0,325.0,99540.0,325.0,1780.0363298780348,254.2909042682907,3,1.584962500721156,7.0,6,201.0,33.5,0.9889090721544638,0.0,0,0,0.0,0.0,0,0,0.0,0.0,0,0,0.0,0.0,0,0,0.0,758.0,4,2,758.0,0.0,0,0,0.0,0.0,0,0,0.0,0.0,0,0,0.0,0.0,0,0,0.0,0.0,0,0,0.0,333.0,2,1,333.0,0.0,0,0,0.0,0.0,0.0,0.0,0.0,0.4667487684729064,0.0,0.0,0.0,0.0,0.0,0.2050492610837438,0.0,0.8875839132086505,0.575874940455237,0.8657959058967308,,,,,68.0,,,,0.0,,56.0,,,,,,2.8120294117647058,,,,,,2.9090892857142854,,,,,,-8.353387589848374,,,,,,-5.1901174578859015,
S032,R032,PUB,25,Image_018,101299,103016,1717,206,206,0,594.81,206,101307,103015,1440.0,1080.0,3648.0,2736.0,2.887427184466019,2.871,-0.2752425456090451,-1.4418125643666262,2.9219976790450923,0.1256001120850597,2.913,zhidaoyu,3.0683397212543557,2.882,574.0,-5.896105165120963,-0.3816793893129813,1.0,0.0,6,1799.0,299.8333333333333,208.0,558.0,101307.0,250.0,1934.3771090905584,386.8754218181117,3,1.584962500721156,8.0,5,200.0,40.0,1.074653949494755,0.0,0,0,0.0,250.0,1,1,250.0,783.0,2,1,783.0,0.0,0,0,0.0,0.0,0,0,0.0,0.0,0,0,0.0,0.0,0,0,0.0,0.0,0,0,0.0,250.0,1,1,250.0,0.0,0,0,0.0,0.0,0,0,0.0,0.0,0,0,0.0,0.0,0.1389660922734852,0.4352418010005559,0.0,0.0,0.0,0.0,0.0,0.1389660922734852,0.0,0.0,0.0,1.3543248037179536,0.4483894856231953,0.8192387633151468,,30.0,67.0,,,,,,23.0,,0.0,,,2.8616333333333333,2.890179104477612,,,,,,2.842304347826087,,,,,-6.736750382924328,-5.806417573081199,,,,,,-7.366699712633635,,,
S032,R032,PUB,26,Image_019,103016,104532,1516,182,182,0,519.749,182,103024,104532,1439.0,1080.0,1706.0,1280.0,2.8557637362637363,2.814,-0.5273398381722835,-3.3985581874356257,2.9219976790450923,0.1256001120850597,2.913,zhidaoyu,3.0683397212543557,2.882,574.0,-6.928045923927768,-2.3594725884802243,1.0,0.0,6,1866.0,311.0,225.0,558.0,103024.0,558.0,1347.425393153599,269.48507863071984,4,1.5,8.0,5,184.0,36.8,0.7489024667797105,0.0,0,0,0.0,0.0,0,0,0.0,0.0,0,0,0.0,0.0,0,0,0.0,558.0,2,2,558.0,0.0,0,0,0.0,0.0,0,0,0.0,0.0,0,0,0.0,0.0,0,0,0.0,0.0,0,0,0.0,242.0,1,1,242.0,0.0,0,0,0.0,0.0,0.0,0.0,0.0,0.2990353697749196,0.0,0.0,0.0,0.0,0.0,0.1296891747052518,0.0,0.8843254454983014,0.5780125,0.86625,,,,,43.0,,,,0.0,,29.0,,,,,,2.9180232558139534,,,,,,2.758448275862069,,,,,,-4.89895119497888,,,,,,-10.099645852304798,
S032,R032,PUB,27,Image_020,104532,105749,1217,146,146,0,424.636,146,104541,105749,1439.0,1080.0,1706.0,1280.0,2.9084657534246574,2.8815,-0.1077381651639828,-1.0813594232749697,2.9219976790450923,0.1256001120850597,2.913,zhidaoyu,3.0683397212543557,2.882,574.0,-5.210438945930682,-0.0173490631505956,1.0,0.0,5,1449.0,289.8,150.0,608.0,104541.0,325.0,651.8766012829615,162.96915032074037,1,-0.0,9.0,4,124.0,31.0,0.3623146759867635,1124.0,4,1,1124.0,0.0,0,0,0.0,0.0,0,0,0.0,0.0,0,0,0.0,0.0,0,0,0.0,0.0,0,0,0.0,0.0,0,0,0.0,0.0,0,0,0.0,1266.0,4,2,1266.0,0.0,0,0,0.0,0.0,0,0,0.0,0.0,0,0,0.0,0.7757073844030365,0.0,0.0,0.0,0.0,0.0,0.0,0.0,0.8737060041407867,0.0,0.0,0.0,0.9974521067406628,0.5017650251221091,0.8382845188284519,107.0,,,,,,,0.0,109.0,,,,2.891551401869159,,,,,,,,2.895788990825688,,,,-5.7616931450121225,,,,,,,,-5.623586242208126,,,
S032,R032,PUB,28,Image_021,105749,107149,1400,168,168,0,470.858,168,105757,107149,1440.0,1080.0,4032.0,3024.0,2.80272619047619,2.83,-0.949612915059565,-2.849296258153098,2.9219976790450923,0.1256001120850597,2.913,zhidaoyu,3.0683397212543557,2.882,574.0,-8.656588086979504,-1.804302567661348,1.0,0.0,6,1758.0,293.0,158.0,608.0,105757.0,608.0,1400.6860119634114,280.1372023926823,1,-0.0,8.0,5,201.0,40.2,0.7781588955352285,0.0,0,0,0.0,0.0,0,0,0.0,0.0,0,0,0.0,0.0,0,0,0.0,0.0,0,0,0.0,0.0,0,0,0.0,0.0,0,0,0.0,0.0,0,0,0.0,608.0,1,1,608.0,0.0,0,0,0.0,0.0,0,0,0.0,0.0,0,0,0.0,0.0,0.0,0.0,0.0,0.0,0.0,0.0,0.0,0.3458475540386803,0.0,0.0,0.0,-0.0,1.0,0.9166666666666666,,,,0.0,,,,0.0,28.0,,,,,,,,,,,,2.836392857142857,,,,,,,,,,,,-7.559360604851045,,,
S032,R032,PUB,29,Image_022,107149,108699,1550,186,159,27,464.769,158,107157,108699,1620.0,1080.0,5472.0,3648.0,2.941575949367089,2.899,0.1558778093186569,-0.4806041881222035,2.9219976790450923,0.1256001120850597,2.913,zhidaoyu,3.0683397212543557,2.882,574.0,-4.131347354048668,0.5898681471200522,0.8548387096774194,0.1451612903225806,5,1559.0,311.8,250.0,350.0,107157.0,342.0,2060.70851539874,515.1771288496849,2,1.0,8.0,5,192.0,38.4,1.0584031646802603,0.0,0,0,0.0,0.0,0,0,0.0,0.0,0,0,0.0,0.0,0,0,0.0,0.0,0,0,0.0,0.0,0,0,0.0,0.0,0,0,0.0,250.0,1,1,250.0,0.0,0,0,0.0,0.0,0,0,0.0,0.0,0,0,0.0,0.0,0,0,0.0,0.0,0.0,0.0,0.0,0.0,0.0,0.0,0.1603592046183451,0.0,0.0,0.0,0.0,-0.0,1.0,0.9166666666666666,,,,,,,,30.0,0.0,,,,,,,,,,,2.875633333333333,,,,,,,,,,,,-6.280477568573869,,,,
S032,R032,PUB,30,Image_024,108699,110182,1483,178,178,0,515.485,178,108707,110182,1440.0,1080.0,4032.0,3024.0,2.895983146067416,2.8945,-0.2071218930127936,-0.6350841057329201,2.9219976790450923,0.1256001120850597,2.913,zhidaoyu,3.0683397212543557,2.882,574.0,-5.617258545167847,0.4337265787647374,1.0,0.0,6,1542.0,257.0,167.0,333.0,108707.0,292.0,885.4670812029025,177.0934162405805,2,1.0,8.0,5,133.0,26.6,0.4919261562238347,0.0,0,0,0.0,0.0,0,0,0.0,0.0,0,0,0.0,0.0,0,0,0.0,333.0,1,1,333.0,0.0,0,0,0.0,0.0,0,0,0.0,0.0,0,0,0.0,333.0,1,1,333.0,0.0,0,0,0.0,0.0,0,0,0.0,0.0,0,0,0.0,0.0,0.0,0.0,0.0,0.2159533073929961,0.0,0.0,0.0,0.2159533073929961,0.0,0.0,0.0,1.0,0.5,0.8333333333333334,,,,,40.0,0.0,,0.0,40.0,,,0.0,,,,,2.830275,,,,2.830275,,,,,,,,-7.758747168877153,,,,-7.758747168877153,,,
S032,R032,PUB,31,Image_025,110182,111749,1567,188,188,0,541.624,188,110191,111749,1620.0,1080.0,5472.0,3648.0,2.8809787234042554,2.855,-0.3265837502840584,-1.991074493649153,2.9219976790450923,0.1256001120850597,2.913,zhidaoyu,3.0683397212543557,2.882,574.0,-6.106266413469548,-0.9368494101318576,1.0,0.0,7,1567.0,223.8571428571429,158.0,283.0,110191.0,283.0,1588.4914290026177,264.7485715004363,0,0.0,9.0,6,217.0,36.16666666666666,0.8158671364535617,0.0,0,0,0.0,0.0,0,0,0.0,0.0,0,0,0.0,0.0,0,0,0.0,0.0,0,0,0.0,0.0,0,0,0.0,0.0,0,0,0.0,0.0,0,0,0.0,0.0,0,0,0.0,0.0,0,0,0.0,0.0,0,0,0.0,0.0,0,0,0.0,0.0,0.0,0.0,0.0,0.0,0.0,0.0,0.0,0.0,0.0,0.0,0.0,0.0,0.0,0.0,,,,,,,,0.0,0.0,,,0.0,,,,,,,,,,,,,,,,,,,,,,,,
S033,R034,PUB,1,Image_001,85281,99580,14299,1716,1676,40,4920.577,1674,85281,99573,1440.0,1080.0,4032.0,3024.0,2.939412783751493,2.953,-0.3955675312740675,-1.270478100969584,3.007366350637583,0.1717875242874998,2.991,zhidaoyu,2.7276193576388885,2.704,2304.0,7.76477207200712,9.208579881656792,0.9766899766899768,0.0233100233100233,35,13034.0,372.4,83.0,1467.0,85281.0,392.0,7756.651267074816,228.1368019727887,8,1.811278124459133,0.0,41,1217.0,29.682926829268293,4.309250703930453,0.0,0,0,0.0,0.0,0,0,0.0,0.0,0,0,0.0,0.0,0,0,0.0,0.0,0,0,0.0,0.0,0,0,0.0,0.0,0,0,0.0,225.0,1,1,225.0,6809.0,13,5,6809.0,0.0,0,0,0.0,0.0,0,0,0.0,0.0,0,0,0.0,0.0,0.0,0.0,0.0,0.0,0.0,0.0,0.0172625441153905,0.5224029461408624,0.0,0.0,0.0,0.204263129097141,0.9380714202732268,0.9113354184437494,,,,,0.0,,,27.0,764.0,,0.0,0.0,,,,,,,,2.972703703703704,2.964311518324607,,,,,,,,,,,8.985284012537875,8.677609653372114,,,
S033,R034,PUB,2,Image_012,99580,111147,11567,1388,1358,30,3975.672,1357,99581,111140,1440.0,1080.0,4032.0,3024.0,2.9297509211495942,2.908,-0.4518106294965486,-2.774991641591447,3.007366350637583,0.1717875242874998,2.991,zhidaoyu,2.7276193576388885,2.704,2304.0,7.410548797603381,7.544378698224842,0.978386167146974,0.0216138328530259,27,11732.0,434.5185185185185,75.0,1583.0,99581.0,1150.0,6128.632385412192,235.71663020816123,10,2.321928094887362,1.0,28,850.0,30.357142857142858,3.40479576967344,0.0,0,0,0.0,0.0,0,0,0.0,0.0,0,0,0.0,0.0,0,0,0.0,1866.0,5,4,1866.0,0.0,0,0,0.0,0.0,0,0,0.0,0.0,0,0,0.0,1400.0,3,1,1400.0,0.0,0,0,0.0,4624.0,7,1,4624.0,0.0,0,0,0.0,0.0,0.0,0.0,0.0,0.1590521650187521,0.0,0.0,0.0,0.1193317422434367,0.0,0.3941356972383225,0.0,1.386365960584245,0.4308823638078072,0.8181030840726659,,,,,224.0,,,,168.0,0.0,555.0,,,,,,2.9252232142857144,,,,3.0506726190476194,,2.9005495495495497,,,,,,7.244553976837804,,,,11.843780933142217,,6.339967907411938,
S033,R034,PUB,3,Image_023,111147,121980,10833,1300,1263,37,3836.148,1255,111148,121973,1440.0,1080.0,960.0,720.0,3.056691633466136,3.052,0.2871295982239227,2.0394516883985268,3.007366350637583,0.1717875242874998,2.991,zhidaoyu,2.7276193576388885,2.704,2304.0,12.064450081924258,12.869822485207097,0.9715384615384616,0.0284615384615384,33,9569.0,289.969696969697,108.0,675.0,111148.0,408.0,6204.372133735542,193.88662917923568,13,3.180832987205441,1.0,38,1118.0,29.42105263157895,3.4468734076308567,0.0,0,0,0.0,0.0,0,0,0.0,0.0,0,0,0.0,0.0,0,0,0.0,0.0,0,0,0.0,0.0,0,0,0.0,0.0,0,0,0.0,525.0,2,2,525.0,1300.0,3,2,1300.0,408.0,2,1,408.0,0.0,0,0,0.0,1225.0,5,3,1225.0,0.0,0.0,0.0,0.0,0.0,0.0,0.0,0.0548646671543526,0.1358553662869683,0.0426376841885254,0.0,0.1280175566934893,1.8376571571354336,0.3037954252985759,0.7480239059186428,,,,,,,,63.0,156.0,49.0,,127.0,,,,,,,,3.0955238095238093,3.09250641025641,3.270897959183673,,3.194070866141732,,,,,,,,13.488115592616644,13.377491679534748,19.91768389615272,,17.10104847278318
S033,R034,PUB,4,Image_026,121980,132847,10867,1304,1287,17,3852.749,1281,121982,132840,1439.0,1080.0,1706.0,1280.0,3.007610460577674,3.017,0.001420999232064,0.8692744901370713,3.007366350637583,0.1717875242874998,2.991,zhidaoyu,2.7276193576388885,2.704,2304.0,10.265035777615038,11.575443786982238,0.9869631901840492,0.0130368098159509,26,10034.0,385.9230769230769,67.0,1400.0,121982.0,233.0,6644.359858383811,265.77439433535244,7,2.5216406363433186,2.0,28,891.0,31.821428571428573,3.692952139242109,0.0,0,0,0.0,0.0,0,0,0.0,0.0,0,0,0.0,0.0,0,0,0.0,2117.0,2,2,2117.0,0.0,0,0,0.0,0.0,0,0,0.0,3317.0,6,2,3317.0,750.0,3,1,750.0,0.0,0,0,0.0,0.0,0,0,0.0,0.0,0,0,0.0,0.0,0.0,0.0,0.0,0.2109826589595375,0.0,0.0,0.3305760414590393,0.0747458640621885,0.0,0.0,0.0,1.380582753614794,0.4196103348122016,0.8191839154808107,,,,,235.0,,,390.0,90.0,,,,,,,,3.0702212765957446,,,2.9915435897435896,2.868211111111111,,,,,,,,12.56047395313336,,,9.67599204652815,5.154375850812376,,,
S033,R034,PUB,5,Image_027,132847,140196,7349,882,866,16,2691.009,865,132848,140190,810.0,1080.0,1280.0,1706.0,3.110993063583815,3.122,0.6032260688081438,4.379806084921423,3.007366350637583,0.1717875242874998,2.991,zhidaoyu,2.7276193576388885,2.704,2304.0,14.055249493345244,15.458579881656792,0.981859410430839,0.0181405895691609,20,8025.0,401.25,142.0,1400.0,132848.0,1400.0,2783.43208428149,146.49642548849948,8,2.75,1.0,23,589.0,25.608695652173918,2.061801543912215,0.0,0,0,0.0,0.0,0,0,0.0,217.0,1,1,217.0,0.0,0,0,0.0,0.0,0,0,0.0,0.0,0,0,0.0,0.0,0,0,0.0,1817.0,5,3,1817.0,1741.0,4,2,1741.0,0.0,0,0,0.0,0.0,0,0,0.0,0.0,0,0,0.0,0.0,0.0,0.0270404984423676,0.0,0.0,0.0,0.0,0.226417445482866,0.2169470404984423,0.0,0.0,0.0,1.2595793767728083,0.4476757335204596,0.8206401766004415,,,26.0,,,,,186.0,209.0,,,,,,3.222730769230769,,,,,3.1223225806451618,3.1893301435406696,,,,,,18.151778040630436,,,,,14.47061232722518,16.927244067568584,,,
S033,R034,PUB,6,Image_028,140196,149380,9184,1102,1077,25,3135.732,1071,140198,149373,1620.0,1080.0,5472.0,3648.0,2.9278543417366945,2.899,-0.4628508922907531,-3.0758943497158167,3.007366350637583,0.1717875242874998,2.991,zhidaoyu,2.7276193576388885,2.704,2304.0,7.341016389879837,7.211538461538455,0.9773139745916516,0.0226860254083484,24,8650.0,360.4166666666667,142.0,1583.0,140198.0,475.0,5016.059876763287,218.08955985927332,5,1.9219280948873625,2.0,25,744.0,29.76,2.576304998072309,2183.0,2,2,2183.0,0.0,0,0,0.0,0.0,0,0,0.0,0.0,0,0,0.0,0.0,0,0,0.0,0.0,0,0,0.0,0.0,0,0,0.0,2183.0,2,2,2183.0,4233.0,13,3,4233.0,0.0,0,0,0.0,0.0,0,0,0.0,0.0,0,0,0.0,0.2523699421965318,0.0,0.0,0.0,0.0,0.0,0.0,0.2523699421965318,0.489364161849711,0.0,0.0,0.0,1.507560885811084,0.3712229808551612,0.7897333023219755,235.0,,,,,,,235.0,483.0,,,,2.8689829787234045,,,,,,,2.8689829787234045,2.8910227743271224,,,,5.182674066622135,,,,,,,5.182674066622135,5.990697207460829,,,
S033,R034,PUB,7,Image_029,149380,163029,13649,1638,1578,60,4706.583,1572,149382,163024,1620.0,1080.0,6000.0,4000.0,2.994009541984733,3.002,-0.0777519130579952,0.3677699765964452,3.007366350637583,0.1717875242874998,2.991,zhidaoyu,2.7276193576388885,2.704,2304.0,9.76639880486991,11.020710059171584,0.9633699633699634,0.0366300366300366,26,13690.0,526.5384615384615,100.0,2283.0,149382.0,1583.0,5116.8950028819,204.675800115276,8,2.5,2.0,30,848.0,28.266666666666666,2.628095057557856,0.0,0,0,0.0,0.0,0,0,0.0,0.0,0,0,0.0,0.0,0,0,0.0,4732.0,7,2,4732.0,0.0,0,0,0.0,0.0,0,0,0.0,2017.0,8,2,2017.0,2392.0,4,1,2392.0,0.0,0,0,0.0,0.0,0,0,0.0,0.0,0,0,0.0,0.0,0.0,0.0,0.0,0.3456537618699781,0.0,0.0,0.1473338203067933,0.1747260774287801,0.0,0.0,0.0,1.4789115127527803,0.3851435270360673,0.7995022426430368,,,,,568.0,,,242.0,269.0,,0.0,,,,,,3.0220510563380283,,,3.0185867768595043,2.953657992565056,,,,,,,,10.794457000554832,,,10.667449562041757,8.28703001733472,,,
S033,R034,PUB,8,Image_030,163029,177462,14433,1732,1732,0,4856.698,1732,163032,177457,1920.0,1079.0,2275.0,1279.0,2.804098152424942,2.799,-1.183253551477087,-6.419257773319965,3.007366350637583,0.1717875242874998,2.991,zhidaoyu,2.7276193576388885,2.704,2304.0,2.803866110271945,3.5133136094674464,1.0,0.0,41,13817.0,337.0,92.0,750.0,163032.0,500.0,9221.63584285408,230.540896071352,14,2.610577243331642,3.0,40,1142.0,28.55,4.187052453031659,0.0,0,0,0.0,0.0,0,0,0.0,0.0,0,0,0.0,0.0,0,0,0.0,0.0,0,0,0.0,1042.0,2,1,1042.0,0.0,0,0,0.0,1501.0,4,3,1501.0,2925.0,9,4,2925.0,0.0,0,0,0.0,0.0,0,0,0.0,0.0,0,0,0.0,0.0,0.0,0.0,0.0,0.0,0.0754143446478975,0.0,0.1086342910906853,0.2116957371354129,0.0,0.0,0.0,1.4505565465417976,0.3978186712716776,0.8073945379175811,0.0,,,,,125.0,,180.0,351.0,,,,,,,,,2.7586,,2.8536888888888887,2.782316239316239,,,,,,,,,1.1358125272996016,,4.621962037955687,2.0052974592722443,,,
S033,R034,PUB,9,Image_031,177462,189046,11584,1390,1371,19,4096.218,1367,177465,189040,1621.0,1080.0,2731.0,1820.0,2.9965018288222383,3.005,-0.0632439512729824,0.4680708793045733,3.007366350637583,0.1717875242874998,2.991,zhidaoyu,2.7276193576388885,2.704,2304.0,9.857771042367975,11.131656804733716,0.9863309352517986,0.0136690647482014,34,10591.0,311.5,75.0,1183.0,177465.0,350.0,8024.844400860778,243.17710305638724,14,2.521640636343318,3.0,37,1087.0,29.37837837837838,4.119889903412679,0.0,0,0,0.0,0.0,0,0,0.0,984.0,2,1,984.0,0.0,0,0,0.0,0.0,0,0,0.0,0.0,0,0,0.0,0.0,0,0,0.0,0.0,0,0,0.0,3684.0,12,5,3684.0,383.0,2,2,383.0,0.0,0,0,0.0,0.0,0,0,0.0,0.0,0.0,0.0929090737418563,0.0,0.0,0.0,0.0,0.0,0.3478425077896327,0.036162779718629,0.0,0.0,1.0739642234552471,0.5756685098473496,0.85892232561209,,,118.0,,,,,,442.0,46.0,,,,,3.049271186440678,,,,,,3.010918552036199,3.0181739130434777,,,,,11.792401601087818,,,,,,10.386317049844637,10.652313145925984,,
S033,R034,PUB,10,Image_002,189046,202062,13016,1562,1539,23,4792.726,1534,189049,202057,810.0,1080.0,3072.0,4096.0,3.1243324641460237,3.122,0.680876646855264,4.379806084921423,3.007366350637583,0.1717875242874998,2.991,zhidaoyu,2.7276193576388885,2.704,2304.0,14.544298690215406,15.458579881656792,0.9852752880921894,0.0147247119078105,35,12025.0,343.57142857142856,108.0,1200.0,189049.0,308.0,6820.362530850085,200.59889796617895,9,2.725480556997868,3.0,37,991.0,26.783783783783782,5.052120393222285,0.0,0,0,0.0,0.0,0,0,0.0,0.0,0,0,0.0,0.0,0,0,0.0,0.0,0,0,0.0,0.0,0,0,0.0,0.0,0,0,0.0,0.0,0,0,0.0,2634.0,9,2,2634.0,2675.0,6,1,2675.0,3433.0,8,3,3433.0,0.0,0,0,0.0,0.0,0.0,0.0,0.0,0.0,0.0,0.0,0.0,0.219043659043659,0.2224532224532224,0.2854885654885655,0.0,1.573793035502967,0.3386312712564839,0.7652329749103942,,,,,,,,,316.0,321.0,412.0,,,,,,,,,,3.207658227848101,3.152956386292835,3.007415048543689,,,,,,,,,,17.59918842285784,15.593709124506708,10.257871580256005,
S033,R034,PUB,11,Image_003,202062,213778,11716,1406,1366,40,3995.933,1355,202066,213774,1620.0,1080.0,5472.0,3648.0,2.949028044280442,2.956,-0.3395957104516323,-1.1701771982614555,3.007366350637583,0.1717875242874998,2.991,zhidaoyu,2.7276193576388885,2.704,2304.0,8.1172868208859,9.319526627218924,0.9715504978662872,0.0284495021337126,28,11090.0,396.07142857142856,108.0,1367.0,202066.0,733.0,6021.163888030147,223.0060699270425,12,3.084962500721156,4.0,32,1040.0,32.5,3.0925377686986906,0.0,0,0,0.0,0.0,0,0,0.0,0.0,0,0,0.0,0.0,0,0,0.0,1367.0,1,1,1367.0,0.0,0,0,0.0,0.0,0,0,0.0,1991.0,6,3,1991.0,2816.0,8,3,2816.0,0.0,0,0,0.0,0.0,0,0,0.0,200.0,1,1,200.0,0.0,0.0,0.0,0.0,0.1232642019837691,0.0,0.0,0.1795311091073038,0.2539224526600541,0.0,0.0,0.018034265103697,1.6781128283833473,0.3397328966938857,0.7774291392113796,,,,,164.0,,,239.0,338.0,,,24.0,,,,,3.0224573170731706,,,2.9502050209205017,2.9389260355029583,,,2.8828750000000003,,,,,10.809351334472964,,,8.160437146709878,7.746926904309087,,,5.691983447994953
S033,R034,PUB,12,Image_004,213778,225045,11267,1352,1305,47,3929.119,1304,213782,225041,1439.0,1080.0,1706.0,1280.0,3.0131280674846623,3.008,0.0335397862619899,0.5683717820127016,3.007366350637583,0.1717875242874998,2.991,zhidaoyu,2.7276193576388885,2.704,2304.0,10.467322320696498,11.24260355029585,0.9652366863905324,0.0347633136094674,30,10026.0,334.2,108.0,1125.0,213782.0,267.0,6280.299835810989,216.5620633038272,15,2.872905595320056,4.0,34,976.0,28.705882352941178,3.490606651064432,0.0,0,0,0.0,0.0,0,0,0.0,2208.0,8,5,2208.0,0.0,0,0,0.0,2234.0,4,3,2234.0,0.0,0,0,0.0,0.0,0,0,0.0,0.0,0,0,0.0,4084.0,11,5,4084.0,0.0,0,0,0.0,0.0,0,0,0.0,0.0,0,0,0.0,0.0,0.0,0.220227408737283,0.0,0.2228206662677039,0.0,0.0,0.0,0.4073409136245761,0.0,0.0,0.0,1.5197095518087802,0.3651685074848531,0.786672140120416,,,259.0,,268.0,,,0.0,465.0,,,,,,2.9869343629343628,,2.9822574626865666,,,,3.0612494623655917,,,,,,9.507008540955116,,9.33554399130312,,,,12.231549236969167,,,
S033,R034,PUB,13,Image_005,225045,236378,11333,1360,1304,56,3741.866,1295,225049,236374,1920.0,1080.0,960.0,540.0,2.889471814671815,2.906,-0.6862811281246634,-2.8418589100635225,3.007366350637583,0.1717875242874998,2.991,zhidaoyu,2.7276193576388885,2.704,2304.0,5.93383591371161,7.47041420118343,0.9588235294117649,0.0411764705882352,30,9990.0,333.0,108.0,1425.0,225049.0,342.0,8488.36815858363,292.70235029598723,11,2.663532754804255,4.0,36,1153.0,32.02777777777778,3.8532573110044,0.0,0,0,0.0,0.0,0,0,0.0,0.0,0,0,0.0,0.0,0,0,0.0,0.0,0,0,0.0,0.0,0,0,0.0,725.0,3,3,725.0,4632.0,8,4,4632.0,0.0,0,0,0.0,0.0,0,0,0.0,0.0,0,0,0.0,317.0,1,1,317.0,0.0,0.0,0.0,0.0,0.0,0.0,0.0725725725725725,0.4636636636636637,0.0,0.0,0.0,0.0317317317317317,0.85076680263874,0.6858839751513592,0.8767477382211256,,,,,0.0,,87.0,526.0,,,,38.0,,,,,,,2.968758620689655,2.927264258555133,,,,2.7405,,,,,,,8.840649351436781,7.319382756143189,,,,0.4722302004874059
S033,R034,PUB,14,Image_006,236378,248778,12400,1488,1417,71,4665.161,1408,236383,248774,1439.0,1080.0,1706.0,1280.0,3.3133245738636363,3.348,1.781027024488741,11.935807422266793,3.007366350637583,0.1717875242874998,2.991,zhidaoyu,2.7276193576388885,2.704,2304.0,21.4731287407988,23.816568047337263,0.9522849462365592,0.0477150537634408,36,11298.0,313.8333333333333,125.0,900.0,236383.0,900.0,6120.797173527531,174.87991924364374,17,2.5366082543915,5.0,44,1228.0,27.90909090909091,3.401954664951539,0.0,0,0,0.0,0.0,0,0,0.0,0.0,0,0,0.0,0.0,0,0,0.0,258.0,1,1,258.0,0.0,0,0,0.0,0.0,0,0,0.0,0.0,0,0,0.0,1891.0,6,3,1891.0,0.0,0,0,0.0,5807.0,16,6,5807.0,0.0,0,0,0.0,0.0,0.0,0.0,0.0,0.0228359001593202,0.0,0.0,0.0,0.1673747565940874,0.0,0.5139847760665605,0.0,0.9846526425483348,0.5902829754196092,0.8662435059493883,,,,,31.0,,,,227.0,,619.0,,,,,,3.1939032258064515,,,,3.09168281938326,,3.3704911147011307,,,,,,17.094902441636602,,,,13.34729718517308,,23.56896886150316,
S033,R034,PUB,15,Image_007,248778,258744,9966,1196,1153,43,3710.646,1150,248783,258741,1439.0,1080.0,1706.0,1280.0,3.226648695652174,3.204,1.276474213852717,7.121364092276833,3.007366350637583,0.1717875242874998,2.991,zhidaoyu,2.7276193576388885,2.704,2304.0,18.29541708654175,18.49112426035503,0.9640468227424748,0.035953177257525,32,8915.0,278.59375,75.0,600.0,248783.0,408.0,8259.518464291437,266.4360794932722,8,2.1556390622295662,5.0,35,1043.0,29.8,4.590661407859709,1659.0,4,3,1659.0,0.0,0,0,0.0,0.0,0,0,0.0,0.0,0,0,0.0,0.0,0,0,0.0,0.0,0,0,0.0,0.0,0,0,0.0,408.0,1,1,408.0,4685.0,13,2,4685.0,0.0,0,0,0.0,0.0,0,0,0.0,0.0,0,0,0.0,0.1860908581043185,0.0,0.0,0.0,0.0,0.0,0.0,0.0457655636567582,0.5255187885586091,0.0,0.0,0.0,1.108053340348072,0.5454757744238674,0.8555736571879937,170.0,,,,,,,23.0,533.0,,,,3.387311764705882,,,,,,,3.511217391304348,3.2525553470919326,,,,24.185647649826173,,,,,,,28.72827660028656,19.245206923133324,,,
S033,R034,PUB,16,Image_008,258744,276227,17483,2098,1968,130,6266.889999999999,1959,258749,276225,1440.0,1080.0,4096.0,3072.0,3.1990250127616133,3.218,1.1156727644742956,7.589434971581406,3.007366350637583,0.1717875242874998,2.991,zhidaoyu,2.7276193576388885,2.704,2304.0,17.282677430871,19.008875739644964,0.9380362249761678,0.0619637750238322,34,15370.0,452.05882352941177,117.0,1792.0,258749.0,592.0,6734.196668832723,204.06656572220373,10,2.1219280948873624,5.0,49,1224.0,24.97959183673469,3.741220371573735,0.0,0,0,0.0,0.0,0,0,0.0,0.0,0,0,0.0,0.0,0,0,0.0,0.0,0,0,0.0,0.0,0,0,0.0,0.0,0,0,0.0,0.0,0,0,0.0,3385.0,10,2,3385.0,0.0,0,0,0.0,8259.0,14,4,8259.0,0.0,0,0,0.0,0.0,0.0,0.0,0.0,0.0,0.0,0.0,0.0,0.2202342225113858,0.0,0.5373454782042941,0.0,0.8696336247311603,0.5876065666649476,0.8682153899003778,,,,,,,,,406.0,,969.0,,,,,,,,,,3.264386699507389,,3.1729432404540767,,,,,,,,,,19.67896804828159,,16.32646731179802,
S033,R034,PUB,17,Image_009,276227,291744,15517,1862,1753,109,5177.705,1743,276233,291741,1440.0,1080.0,4032.0,3024.0,2.9705708548479635,2.98,-0.2141918974746942,-0.3677699765964601,3.007366350637583,0.1717875242874998,2.991,zhidaoyu,2.7276193576388885,2.704,2304.0,8.907089492845557,10.20710059171597,0.9414607948442536,0.0585392051557465,34,15169.0,446.1470588235294,92.0,2058.0,276233.0,1792.0,8012.841635460187,242.81338289273293,15,3.006238928653389,6.0,40,1201.0,30.025,4.45157868636677,0.0,0,0,0.0,0.0,0,0,0.0,0.0,0,0,0.0,0.0,0,0,0.0,767.0,2,2,767.0,0.0,0,0,0.0,0.0,0,0,0.0,433.0,1,1,433.0,2642.0,3,3,2642.0,0.0,0,0,0.0,0.0,0,0,0.0,3792.0,7,3,3792.0,0.0,0.0,0.0,0.0,0.0505636495484211,0.0,0.0,0.0285450590019117,0.1741710066583163,0.0,0.0,0.249983519019052,1.5991195535750369,0.3798212483636179,0.7971356213431141,,,,,92.0,,,52.0,100.0,,,455.0,,,,,3.100391304347826,,,2.7248653846153847,3.0866,,,2.9819208791208798,,,,,13.666567721957382,,,-0.1009661782825774,13.16095082533277,,,9.323204162259724
S033,R034,PUB,18,Image_010,291744,306277,14533,1744,1666,78,4877.085,1659,291750,306275,1440.0,1080.0,1600.0,1200.0,2.939773960216998,2.945,-0.3934650708829352,-1.5379471748579157,3.007366350637583,0.1717875242874998,2.991,zhidaoyu,2.7276193576388885,2.704,2304.0,7.778013526115944,8.912721893491112,0.9552752293577982,0.0447247706422018,41,12558.0,306.2926829268293,75.0,825.0,291750.0,458.0,10373.633905144394,259.3408476286098,18,3.2810361125534238,6.0,48,1483.0,30.89583333333333,5.763129947302441,0.0,0,0,0.0,0.0,0,0,0.0,0.0,0,0,0.0,0.0,0,0,0.0,0.0,0,0,0.0,0.0,0,0,0.0,0.0,0,0,0.0,534.0,3,3,534.0,3616.0,11,6,3616.0,1417.0,4,2,1417.0,508.0,1,1,508.0,0.0,0,0,0.0,0.0,0.0,0.0,0.0,0.0,0.0,0.0,0.0425226946966077,0.2879439401178532,0.1128364389233954,0.0404523013218665,0.0,1.5430767846875733,0.4234196006706295,0.8066803840877915,,,,,,,,64.0,434.0,170.0,61.0,,,,,,,,,2.97203125,2.9224193548387096,3.0009941176470587,3.011819672131148,,,,,,,,,8.960630510141344,7.14175886214732,10.022467366737413,10.419353921079065,
S033,R034,PUB,19,Image_011,306277,317443,11166,1340,1323,17,4308.0,1323,306283,317442,1440.0,1080.0,960.0,720.0,3.256235827664399,3.302,1.448705184261887,10.397860247408891,3.007366350637583,0.1717875242874998,2.991,zhidaoyu,2.7276193576388885,2.704,2304.0,19.380140727667268,22.11538461538461,0.9873134328358208,0.0126865671641791,27,10601.0,392.6296296296296,92.0,1225.0,306283.0,275.0,6850.845076304928,263.4940413963434,9,2.197159723424149,6.0,28,832.0,29.714285714285715,3.806025042391626,0.0,0,0,0.0,0.0,0,0,0.0,0.0,0,0,0.0,0.0,0,0,0.0,0.0,0,0,0.0,0.0,0,0,0.0,0.0,0,0,0.0,0.0,0,0,0.0,3741.0,7,3,3741.0,0.0,0,0,0.0,0.0,0,0,0.0,1275.0,4,4,1275.0,0.0,0.0,0.0,0.0,0.0,0.0,0.0,0.0,0.3528912366757853,0.0,0.0,0.1202716724837279,0.8178465494114744,0.6208484524163824,0.8743022328548644,,,,,,,,0.0,421.0,,,153.0,,,,,,,,,3.4084916864608075,,,3.365901960784314,,,,,,,,,24.962146089595983,,,23.4007212684523
S033,R034,PUB,20,Image_013,317443,344459,27016,3242,3143,99,9847.276,3132,317450,344459,1920.0,1080.0,3840.0,2160.0,3.144085568326948,3.158,0.7958623203659091,5.583416917418917,3.007366350637583,0.1717875242874998,2.991,zhidaoyu,2.7276193576388885,2.704,2304.0,15.26848713409063,16.789940828402354,0.9694632942628008,0.0305367057371992,70,24075.0,343.92857142857144,117.0,900.0,317450.0,433.0,16366.044579374144,237.1890518749876,27,2.879732299086036,7.0,82,2300.0,28.04878048780488,7.429293799412676,0.0,0,0,0.0,0.0,0,0,0.0,0.0,0,0,0.0,0.0,0,0,0.0,3327.0,9,7,3327.0,0.0,0,0,0.0,0.0,0,0,0.0,592.0,1,1,592.0,4891.0,15,6,4891.0,0.0,0,0,0.0,0.0,0,0,0.0,383.0,2,1,383.0,0.0,0.0,0.0,0.0,0.1381931464174454,0.0,0.0,0.0245898234683281,0.2031568016614745,0.0,0.0,0.0159086188992731,1.4608712242958033,0.4199199919527873,0.8140523586787048,,,,,399.0,,,71.0,587.0,,0.0,46.0,,,,,3.1786716791979948,,,3.133323943661972,3.1389114139693355,,,3.206652173913044,,,,,16.53648337316212,,,14.873944375225207,15.078792250780698,,,17.562304466442143
S033,R034,PUB,21,Image_014,344459,357409,12950,1554,1535,19,4504.743,1534,344467,357409,1440.0,1080.0,4032.0,3024.0,2.9365990873533248,2.974,-0.4119464645513133,-0.5683717820127016,3.007366350637583,0.1717875242874998,2.991,zhidaoyu,2.7276193576388885,2.704,2304.0,7.661616314944163,9.985207100591715,0.9877734877734876,0.0122265122265122,36,11841.0,328.9166666666667,67.0,783.0,344467.0,225.0,6935.256904000948,198.15019725717,13,2.661226256269789,8.0,39,1060.0,27.17948717948718,3.852920502222749,0.0,0,0,0.0,0.0,0,0,0.0,3582.0,8,3,3582.0,0.0,0,0,0.0,433.0,1,1,433.0,801.0,3,1,801.0,0.0,0,0,0.0,0.0,0,0,0.0,1825.0,7,3,1825.0,0.0,0,0,0.0,0.0,0,0,0.0,0.0,0,0,0.0,0.0,0.0,0.3025082341018495,0.0,0.0365678574444725,0.0676463136559412,0.0,0.0,0.1541254961574191,0.0,0.0,0.0,1.6173758435189498,0.3852455579942725,0.7980600311198113,,,430.0,,29.0,96.0,,0.0,196.0,,,,,,2.9547418604651163,,2.7798275862068964,2.71903125,,,2.897959183673469,,,,,,8.326766789880539,,1.9140584415415256,-0.3148572624269187,,,6.244999895514467,,,
S033,R034,PUB,22,Image_015,357409,372359,14950,1793,1705,88,4845.427,1703,357417,372351,1440.0,1080.0,4032.0,3024.0,2.8452301820317087,2.86,-0.9438180640785468,-4.379806084921438,3.007366350637583,0.1717875242874998,2.991,zhidaoyu,2.7276193576388885,2.704,2304.0,4.311848867894375,5.769230769230758,0.950920245398773,0.0490797546012269,38,13517.0,355.7105263157895,75.0,1233.0,357417.0,433.0,6889.252263737111,186.19600712803003,15,2.4662478973127318,8.0,40,1008.0,25.2,3.82736236874284,0.0,0,0,0.0,0.0,0,0,0.0,0.0,0,0,0.0,0.0,0,0,0.0,317.0,2,2,317.0,0.0,0,0,0.0,0.0,0,0,0.0,0.0,0,0,0.0,3735.0,12,5,3735.0,0.0,0,0,0.0,2292.0,4,1,2292.0,0.0,0,0,0.0,0.0,0.0,0.0,0.0,0.0234519493970555,0.0,0.0,0.0,0.2763187097728786,0.0,0.1695642524228749,0.0,1.1966266160858956,0.4796456005336734,0.8397961328289197,,,,,38.0,,,,448.0,0.0,296.0,,,,,,2.8630000000000004,,,,2.8328169642857146,,2.903834459459459,,,,,,4.96332605874676,,,,3.856755391921269,,6.46039929754377,
S033,R034,PUB,23,Image_016,372359,384909,12550,1506,1456,50,4058.416,1448,372359,384901,1440.0,1080.0,4032.0,3024.0,2.802773480662984,2.798,-1.1909646572017516,-6.452691407556004,3.007366350637583,0.1717875242874998,2.991,zhidaoyu,2.7276193576388885,2.704,2304.0,2.755300984854081,3.476331360946741,0.9667994687915008,0.0332005312084993,33,12010.0,363.93939393939394,92.0,1308.0,372359.0,1008.0,6481.076144639778,202.53362951999307,6,1.9182958340544891,0.0,35,1028.0,29.37142857142857,3.6005978581332103,0.0,0,0,0.0,0.0,0,0,0.0,0.0,0,0,0.0,0.0,0,0,0.0,0.0,0,0,0.0,0.0,0,0,0.0,0.0,0,0,0.0,0.0,0,0,0.0,2050.0,5,1,2050.0,0.0,0,0,0.0,3416.0,7,2,3416.0,0.0,0,0,0.0,0.0,0.0,0.0,0.0,0.0,0.0,0.0,0.0,0.1706910907577019,0.0,0.2844296419650291,0.0,0.9544677032921692,0.5312271355412811,0.8541590437858275,,,,,,,,,246.0,,410.0,,,,,,,,,,2.8293048780487804,,2.792141463414634,,,,,,,,,,3.727995261696412,,2.365509894005079,
S033,R034,PUB,24,Image_017,384909,393675,8766,1052,1034,18,2978.465,1034,384909,393668,1440.0,1080.0,4032.0,3024.0,2.880527079303675,2.888,-0.7383497251036271,-3.443664326312277,3.007366350637583,0.1717875242874998,2.991,zhidaoyu,2.7276193576388885,2.704,2304.0,5.605903962976276,6.80473372781064,0.9828897338403042,0.0171102661596958,21,8724.0,415.4285714285714,67.0,1600.0,384909.0,692.0,4821.13666841803,241.0568334209015,11,3.095795255000934,0.0,23,685.0,29.782608695652176,2.678409260232239,0.0,0,0,0.0,0.0,0,0,0.0,0.0,0,0,0.0,0.0,0,0,0.0,2283.0,3,2,2283.0,0.0,0,0,0.0,0.0,0,0,0.0,0.0,0,0,0.0,608.0,2,2,608.0,0.0,0,0,0.0,4567.0,9,4,4567.0,0.0,0,0,0.0,0.0,0.0,0.0,0.0,0.2616918844566712,0.0,0.0,0.0,0.0696928014672168,0.0,0.5234983952315452,0.0,1.2509123792897798,0.4753398687607246,0.8384732278537588,,,,,274.0,,,,73.0,,450.0,,,,,,2.867616788321168,,,,2.8933972602739724,,2.8970177777777777,,,,,,5.132586784523535,,,,6.077750627880362,,6.2104860659709376,
S033,R034,PUB,25,Image_018,393675,404642,10967,1316,1301,15,4039.075,1301,393676,404634,1440.0,1080.0,3648.0,2736.0,3.104592621060722,3.1,0.5659681680983056,3.644266131728519,3.007366350637583,0.1717875242874998,2.991,zhidaoyu,2.7276193576388885,2.704,2304.0,13.820596424720852,14.644970414201175,0.9886018237082068,0.0113981762917933,32,10173.0,317.90625,83.0,1333.0,393676.0,375.0,6251.595828120391,201.66438155227067,16,3.375,1.0,34,944.0,27.764705882352946,3.4731087934002174,0.0,0,0,0.0,884.0,3,3,884.0,1991.0,6,2,1991.0,0.0,0,0,0.0,0.0,0,0,0.0,0.0,0,0,0.0,0.0,0,0,0.0,0.0,0,0,0.0,2991.0,11,3,2991.0,0.0,0,0,0.0,1075.0,3,2,1075.0,0.0,0,0,0.0,0.0,0.0868966873095448,0.1957141452865428,0.0,0.0,0.0,0.0,0.0,0.2940135653199646,0.0,0.1056718765359284,0.0,1.8355386380967065,0.3081780676743975,0.7535537626662825,,77.0,239.0,,,,,,359.0,,129.0,,,3.0902597402597403,3.187523012552301,,,,,,3.0965208913649027,,3.044093023255814,,,13.295124248376228,16.860991018611898,,,,,,13.52467061406056,,11.602559746125088,
S033,R034,PUB,26,Image_019,404642,418708,14066,1688,1605,82,4853.098,1597,404643,418701,1439.0,1080.0,1706.0,1280.0,3.0388841577958674,3.028,0.1834697093924976,1.2370444667335314,3.007366350637583,0.1717875242874998,2.991,zhidaoyu,2.7276193576388885,2.704,2304.0,11.411592284138184,11.982248520710051,0.950829383886256,0.0485781990521327,26,12526.0,481.7692307692308,67.0,2067.0,404643.0,425.0,4851.911923613728,194.0764769445491,10,2.4464393446710155,1.0,33,986.0,29.87878787878788,2.6967050099062515,0.0,0,0,0.0,0.0,0,0,0.0,0.0,0,0,0.0,0.0,0,0,0.0,926.0,4,2,926.0,0.0,0,0,0.0,0.0,0,0,0.0,0.0,0,0,0.0,367.0,1,1,367.0,0.0,0,0,0.0,2216.0,6,3,2216.0,0.0,0,0,0.0,0.0,0.0,0.0,0.0,0.0739262334344563,0.0,0.0,0.0,0.0292990579594443,0.0,0.1769120229921762,0.0,1.266622725517744,0.479394312438942,0.8378217915835471,,,,,89.0,,,,44.0,,265.0,,,,,,2.9965617977528094,,,,2.998409090909091,,3.1344150943396225,,,,,,9.859969623720728,,,,9.927695098358829,,14.913948149014052,
S033,R034,PUB,27,Image_020,418708,427158,8450,1014,986,28,2794.174,984,418709,427151,1439.0,1080.0,1706.0,1280.0,2.839607723577236,2.85,-0.9765472071161008,-4.714142427281845,3.007366350637583,0.1717875242874998,2.991,zhidaoyu,2.7276193576388885,2.704,2304.0,4.10571825664443,5.399408284023665,0.9723865877712032,0.0276134122287968,18,8181.0,454.5,83.0,1400.0,418709.0,425.0,4811.447840262975,283.0263435448809,11,2.8453509366224363,1.0,18,568.0,31.55555555555556,2.6742149692766666,4783.0,7,5,4783.0,0.0,0,0,0.0,0.0,0,0,0.0,0.0,0,0,0.0,0.0,0,0,0.0,0.0,0,0,0.0,0.0,0,0,0.0,1058.0,4,2,1058.0,4349.0,8,4,4349.0,0.0,0,0,0.0,0.0,0,0,0.0,0.0,0,0,0.0,0.5846473536242514,0.0,0.0,0.0,0.0,0.0,0.0,0.1293240435154626,0.5315976042048649,0.0,0.0,0.0,1.3757237552892536,0.4132498620421991,0.8109257441936539,554.0,,,,,,,81.0,522.0,,,,2.84687725631769,,,,,,,2.7930493827160494,2.8673793103448277,,,,4.372233916906743,,,,,,,2.398796037794626,5.12388036529112,,,
S033,R034,PUB,28,Image_021,427158,436908,9750,1170,1150,20,3364.554,1142,427159,436901,1440.0,1080.0,4032.0,3024.0,2.9461943957968475,2.93,-0.356090787700972,-2.0394516883985268,3.007366350637583,0.1717875242874998,2.991,zhidaoyu,2.7276193576388885,2.704,2304.0,8.01339958032723,8.35798816568047,0.9829059829059827,0.017094017094017,31,9633.0,310.741935483871,92.0,1017.0,427159.0,1017.0,8106.133033191982,270.2044344397327,14,2.235926350629033,1.0,31,946.0,30.516129032258064,4.503407240662212,0.0,0,0,0.0,0.0,0,0,0.0,0.0,0,0,0.0,1166.0,4,4,1166.0,0.0,0,0,0.0,0.0,0,0,0.0,0.0,0,0,0.0,0.0,0,0,0.0,1617.0,5,4,1617.0,0.0,0,0,0.0,0.0,0,0,0.0,0.0,0,0,0.0,0.0,0.0,0.0,0.1210422505969064,0.0,0.0,0.0,0.0,0.1678604796013703,0.0,0.0,0.0,0.9809722194585604,0.5131309659579122,0.8468379446640316,,,,140.0,,,,0.0,194.0,,,,,,,2.9670071428571427,,,,,3.003664948453608,,,,,,,8.776436658870015,,,,,10.1203853844795,,,
S033,R034,PUB,29,Image_022,436908,449791,12883,1546,1484,62,4625.799,1477,436910,449785,1620.0,1080.0,5472.0,3648.0,3.1318882870683824,3.126,0.7248601838070735,4.513540621865589,3.007366350637583,0.1717875242874998,2.991,zhidaoyu,2.7276193576388885,2.704,2304.0,14.821310323132533,15.606508875739634,0.959896507115136,0.0401034928848641,39,11457.0,293.7692307692308,83.0,800.0,436910.0,217.0,8023.558063060992,211.14626481739447,12,2.459147917027245,2.0,40,1088.0,27.2,4.120990029633751,0.0,0,0,0.0,0.0,0,0,0.0,0.0,0,0,0.0,0.0,0,0,0.0,0.0,0,0,0.0,0.0,0,0,0.0,0.0,0,0,0.0,1725.0,4,3,1725.0,1407.0,6,4,1407.0,0.0,0,0,0.0,0.0,0,0,0.0,0.0,0,0,0.0,0.0,0.0,0.0,0.0,0.0,0.0,0.0,0.1505629746006808,0.1228070175438596,0.0,0.0,0.0,0.9925508982720296,0.5051544310858619,0.841794380587484,,,,,,,,207.0,169.0,,,,,,,,,,,3.228797101449276,3.2028757396449703,,,,,,,,,,,18.374181954927234,17.42385280684759,,,
S033,R034,PUB,30,Image_024,449791,463207,13416,1610,1546,64,4445.555,1539,449793,463202,1440.0,1080.0,4032.0,3024.0,2.888599740090968,2.917,-0.691357600263508,-2.474088933467077,3.007366350637583,0.1717875242874998,2.991,zhidaoyu,2.7276193576388885,2.704,2304.0,5.901863909318684,7.8772189349112285,0.9602484472049688,0.039751552795031,35,12199.0,348.54285714285714,133.0,1017.0,449793.0,350.0,4779.21004009273,140.56500117919794,13,3.238901256602631,2.0,37,919.0,24.83783783783784,2.6551166889404056,0.0,0,0,0.0,0.0,0,0,0.0,0.0,0,0,0.0,0.0,0,0,0.0,0.0,0,0,0.0,1342.0,3,1,1342.0,0.0,0,0,0.0,4584.0,14,3,4584.0,1141.0,5,3,1141.0,0.0,0,0,0.0,0.0,0,0,0.0,358.0,1,1,358.0,0.0,0.0,0.0,0.0,0.0,0.1100090171325518,0.0,0.3757685056152143,0.0935322567423559,0.0,0.0,0.0293466677596524,1.5017705390538358,0.4397567595143352,0.8112121212121212,,,,,0.0,161.0,,550.0,114.0,,,43.0,,,,,,2.733596273291925,,2.9590945454545454,2.9225263157894736,,,2.9539534883720933,,,,,,0.2191257235470982,,8.486344957458762,7.14568026527362,,,8.297863486682635
S033,R034,PUB,31,Image_025,463207,475774,12567,1508,1466,42,4187.221,1454,463210,475768,1620.0,1080.0,5472.0,3648.0,2.879794360385145,2.8705,-0.7426149877969991,-4.028752925443005,3.007366350637583,0.1717875242874998,2.991,zhidaoyu,2.7276193576388885,2.704,2304.0,5.579041016851547,6.157544378698211,0.9721485411140584,0.0278514588859416,37,11307.0,305.5945945945946,92.0,983.0,463210.0,300.0,6735.585797115873,187.0996054754409,11,2.7321588913645702,3.0,40,1042.0,26.05,3.459472929029668,0.0,0,0,0.0,0.0,0,0,0.0,0.0,0,0,0.0,0.0,0,0,0.0,0.0,0,0,0.0,0.0,0,0,0.0,0.0,0,0,0.0,783.0,2,2,783.0,2300.0,8,3,2300.0,0.0,0,0,0.0,0.0,0,0,0.0,692.0,3,2,692.0,0.0,0.0,0.0,0.0,0.0,0.0,0.0,0.0692491377023083,0.2034138144512249,0.0,0.0,0.0612010259131511,1.3549230476914609,0.4478367089162756,0.8209933774834437,,,,,,,,94.0,263.0,,,73.0,,,,,,,,2.8885957446808512,2.899939163498099,,,2.988849315068493,,,,,,,,5.901717429564983,6.317589929717162,,,9.57721452951314
S034,R033,PUB,1,Image_001,55732,60082,4350,522,522,0,1638.002,522,55737,60079,1440.0,1080.0,4032.0,3024.0,3.137934865900383,3.1385,-0.5800972299591639,-3.9920464973998175,3.259941765241128,0.2103214651608213,3.269,zhidaoyu,3.87234375,3.9635,384.0,-18.96548786764133,-20.81493629367982,1.0,0.0,17,4334.0,254.94117647058823,92.0,442.0,55737.0,408.0,4647.124165319738,290.4452603324836,4,2.0,5.0,16,540.0,33.75,2.5817356473998543,0.0,0,0,0.0,0.0,0,0,0.0,0.0,0,0,0.0,0.0,0,0,0.0,0.0,0,0,0.0,0.0,0,0,0.0,0.0,0,0,0.0,267.0,1,1,267.0,275.0,1,1,275.0,0.0,0,0,0.0,242.0,1,1,242.0,0.0,0,0,0.0,0.0,0.0,0.0,0.0,0.0,0.0,0.0,0.0616059067835717,0.0634517766497461,0.0,0.0558375634517766,0.0,1.5828541496071282,0.3342975583090379,0.7570153061224489,,,,,0.0,,,32.0,33.0,,29.0,0.0,,,,,,,,3.06959375,3.1733939393939394,,3.1796551724137934,,,,,,,,,-20.730339345519106,-18.049787305325378,,-17.888096261758964,
S034,R033,PUB,2,Image_012,60082,63899,3817,458,458,0,1358.506,458,60087,63896,1440.0,1080.0,4032.0,3024.0,2.966170305676856,2.956,-1.396773550144494,-9.574793514836347,3.259941765241128,0.2103214651608213,3.269,zhidaoyu,3.87234375,3.9635,384.0,-23.401162263116333,-25.419452504099908,1.0,0.0,12,3667.0,305.5833333333333,158.0,625.0,60087.0,442.0,2816.144362582288,256.01312387111705,8,2.0,5.0,11,300.0,27.272727272727277,1.5645246458790487,0.0,0,0,0.0,0.0,0,0,0.0,0.0,0,0,0.0,0.0,0,0,0.0,633.0,2,2,633.0,0.0,0,0,0.0,0.0,0,0,0.0,0.0,0,0,0.0,0.0,0,0,0.0,0.0,0,0,0.0,575.0,2,2,575.0,0.0,0,0,0.0,0.0,0.0,0.0,0.0,0.1726206708481047,0.0,0.0,0.0,0.0,0.0,0.1568039269157349,0.0,0.998336458479558,0.5011526358493048,0.8373344370860927,,,,,76.0,,,,0.0,0.0,69.0,,,,,,3.0095921052631582,,,,,,2.8645942028985507,,,,,,-22.27983103867889,,,,,,-26.02427914880877,
S034,R033,PUB,3,Image_023,63899,65799,1900,228,213,15,636.668,213,63904,65796,1440.0,1080.0,960.0,720.0,2.989051643192488,2.965,-1.2879813377179818,-9.299479963291535,3.259941765241128,0.2103214651608213,3.269,zhidaoyu,3.87234375,3.9635,384.0,-22.810271087310173,-25.19238047180522,0.9342105263157896,0.0657894736842105,9,1900.0,211.11111111111111,92.0,358.0,63904.0,158.0,2993.4396084783302,374.1799510597913,4,1.5,5.0,8,267.0,33.375,1.6630220047101834,0.0,0,0,0.0,0.0,0,0,0.0,0.0,0,0,0.0,0.0,0,0,0.0,0.0,0,0,0.0,0.0,0,0,0.0,0.0,0,0,0.0,0.0,0,0,0.0,200.0,1,1,200.0,0.0,0,0,0.0,0.0,0,0,0.0,433.0,2,2,433.0,0.0,0.0,0.0,0.0,0.0,0.0,0.0,0.0,0.1052631578947368,0.0,0.0,0.2278947368421052,0.8999291618902421,0.567744559995408,0.8640073723012112,,,,,,,,0.0,24.0,0.0,,37.0,,,,,,,,,2.9168333333333334,,,3.098837837837838,,,,,,,,,-24.67524781772452,,,-19.975135527732068
S034,R033,PUB,4,Image_026,65799,67032,1233,148,148,0,460.348,148,65804,67029,1439.0,1080.0,1706.0,1280.0,3.110459459459459,3.105,-0.7107325239835517,-5.016824717038855,3.259941765241128,0.2103214651608213,3.269,zhidaoyu,3.87234375,3.9635,384.0,-19.67501698527,-21.66014885833228,1.0,0.0,5,1474.0,294.8,183.0,425.0,65804.0,358.0,900.55049756415,225.1376243910375,1,-0.0,5.0,4,108.0,27.0,0.5005282611655567,0.0,0,0,0.0,0.0,0,0,0.0,0.0,0,0,0.0,0.0,0,0,0.0,0.0,0,0,0.0,0.0,0,0,0.0,0.0,0,0,0.0,358.0,1,1,358.0,0.0,0,0,0.0,0.0,0,0,0.0,0.0,0,0,0.0,0.0,0,0,0.0,0.0,0.0,0.0,0.0,0.0,0.0,0.0,0.242876526458616,0.0,0.0,0.0,0.0,-0.0,1.0,0.9166666666666666,,,,,0.0,,,32.0,0.0,,,,,,,,,,,3.16646875,,,,,,,,,,,,-18.228624460315544,,,,
S034,R033,PUB,5,Image_027,67032,68999,1967,236,236,0,751.268,236,67037,68996,810.0,1080.0,1280.0,1706.0,3.1833389830508474,3.16,-0.364217613887897,-3.334353013153869,3.259941765241128,0.2103214651608213,3.269,zhidaoyu,3.87234375,3.9635,384.0,-17.792964969836493,-20.27248643875362,1.0,0.0,6,1900.0,316.6666666666667,275.0,425.0,67037.0,425.0,2049.06235953856,409.812471907712,3,0.9182958340544896,5.0,6,233.0,38.833333333333336,1.517823970028563,0.0,0,0,0.0,0.0,0,0,0.0,1333.0,4,2,1333.0,0.0,0,0,0.0,0.0,0,0,0.0,0.0,0,0,0.0,0.0,0,0,0.0,567.0,2,2,567.0,0.0,0,0,0.0,0.0,0,0,0.0,0.0,0,0,0.0,0.0,0,0,0.0,0.0,0.0,0.7015789473684211,0.0,0.0,0.0,0.0,0.2984210526315789,0.0,0.0,0.0,0.0,0.8793522336362865,0.5812681440443214,0.8669298245614036,,,140.0,,,,,68.0,0.0,,,,,,3.201842857142857,,,,,3.140014705882353,,,,,,,-17.31511808209545,,,,,-18.9117777603718,,,,
S034,R033,PUB,6,Image_028,68999,71332,2333,280,280,0,908.034,280,69004,71329,1620.0,1080.0,5472.0,3648.0,3.2429785714285715,3.27,-0.0806536498763257,0.0305903946160871,3.259941765241128,0.2103214651608213,3.269,zhidaoyu,3.87234375,3.9635,384.0,-16.252823075725875,-17.49716159959631,1.0,0.0,8,2491.0,311.375,150.0,500.0,69004.0,225.0,2716.6787460294245,388.0969637184892,6,1.9182958340544891,5.0,7,267.0,38.142857142857146,1.3953168828735474,883.0,2,2,883.0,0.0,0,0,0.0,0.0,0,0,0.0,0.0,0,0,0.0,0.0,0,0,0.0,0.0,0,0,0.0,0.0,0,0,0.0,883.0,2,2,883.0,642.0,3,2,642.0,0.0,0,0,0.0,0.0,0,0,0.0,0.0,0,0,0.0,0.3544761140104375,0.0,0.0,0.0,0.0,0.0,0.0,0.3544761140104375,0.2577278201525492,0.0,0.0,0.0,1.5699486247830785,0.3400110787960397,0.7666805094130675,55.0,,,,,,,55.0,77.0,,,,3.343836363636364,,,,,,,3.343836363636364,3.222857142857143,,,,-13.648255952577465,,,,,,,-13.648255952577465,-16.772441938886683,,,
S034,R033,PUB,7,Image_029,71332,75465,4133,496,496,0,1717.011,496,71337,75463,1620.0,1080.0,6000.0,4000.0,3.461715725806452,3.492,0.9593598086198092,6.821657999388188,3.259941765241128,0.2103214651608213,3.269,zhidaoyu,3.87234375,3.9635,384.0,-10.604121191295285,-11.89605146966065,1.0,0.0,14,3900.0,278.57142857142856,133.0,500.0,71337.0,500.0,4536.007393200779,348.9236456308291,9,2.5032583347756456,5.0,15,477.0,31.8,2.3297446213773725,0.0,0,0,0.0,0.0,0,0,0.0,0.0,0,0,0.0,0.0,0,0,0.0,833.0,3,3,833.0,0.0,0,0,0.0,0.0,0,0,0.0,158.0,1,1,158.0,0.0,0,0,0.0,0.0,0,0,0.0,600.0,2,2,600.0,0.0,0,0,0.0,0.0,0.0,0.0,0.0,0.2135897435897435,0.0,0.0,0.0405128205128205,0.0,0.0,0.1538461538461538,0.0,1.3502382841154523,0.4262083111278441,0.8207102451288498,,,,,100.0,,,19.0,0.0,,72.0,,,,,,3.57976,,,3.686631578947369,,,3.498430555555556,,,,,,-7.555727716579923,,,-4.795859640628011,,,-9.655991786484464,
S034,R033,PUB,8,Image_030,75465,76998,1533,184,184,0,579.788,184,75471,76996,1920.0,1079.0,2275.0,1279.0,3.1510217391304347,3.091,-0.5178740364299398,-5.445090241664116,3.259941765241128,0.2103214651608213,3.269,zhidaoyu,3.87234375,3.9635,384.0,-18.62753044250179,-22.013372019679565,1.0,0.0,6,1875.0,312.5,183.0,458.0,75471.0,458.0,2271.331678177294,454.2663356354589,4,2.0,6.0,5,218.0,43.6,1.0312904387924051,0.0,0,0,0.0,0.0,0,0,0.0,0.0,0,0,0.0,0.0,0,0,0.0,0.0,0,0,0.0,0.0,0,0,0.0,0.0,0,0,0.0,534.0,2,1,534.0,183.0,1,1,183.0,0.0,0,0,0.0,0.0,0,0,0.0,0.0,0,0,0.0,0.0,0.0,0.0,0.0,0.0,0.0,0.0,0.2848,0.0976,0.0,0.0,0.0,0.8194629238662932,0.6198245829029603,0.8741283124128313,0.0,,,,,0.0,,64.0,22.0,,,,,,,,,,,2.99615625,3.4168636363636367,,,,,,,,,,,-22.62680062946375,-11.762388440756672,,,
S034,R033,PUB,9,Image_031,76998,78849,1851,222,204,18,687.331,203,77004,78846,1621.0,1080.0,2731.0,1820.0,3.385866995073892,3.431,0.5987274277329507,4.955643927806666,3.259941765241128,0.2103214651608213,3.269,zhidaoyu,3.87234375,3.9635,384.0,-12.5628504681721,-13.43509524410243,0.918918918918919,0.081081081081081,7,1783.0,254.7142857142857,133.0,392.0,77004.0,375.0,1642.5657019000987,273.76095031668314,2,1.0,6.0,7,225.0,32.142857142857146,0.8432798834360326,0.0,0,0,0.0,0.0,0,0,0.0,242.0,1,1,242.0,0.0,0,0,0.0,0.0,0,0,0.0,0.0,0,0,0.0,0.0,0,0,0.0,0.0,0,0,0.0,0.0,0,0,0.0,0.0,0,0,0.0,0.0,0,0,0.0,0.0,0,0,0.0,0.0,0.0,0.1357263039820527,0.0,0.0,0.0,0.0,0.0,0.0,0.0,0.0,0.0,-0.0,1.0,0.9166666666666666,,,29.0,,,,,,0.0,0.0,,,,,3.2587241379310345,,,,,,,,,,,,-15.846207147001492,,,,,,,,,
S034,R033,PUB,10,Image_002,78849,80665,1816,218,218,0,755.335,218,78854,80663,810.0,1080.0,3072.0,4096.0,3.4648394495412846,3.4525,0.9742119480932788,5.613337412052601,3.259941765241128,0.2103214651608213,3.269,zhidaoyu,3.87234375,3.9635,384.0,-10.523453669595204,-12.892645389176236,1.0,0.0,7,1801.0,257.2857142857143,142.0,392.0,78854.0,392.0,1137.740704356121,189.6234507260201,4,2.0,5.0,7,176.0,25.142857142857142,0.8427708921156449,0.0,0,0,0.0,0.0,0,0,0.0,0.0,0,0,0.0,0.0,0,0,0.0,0.0,0,0,0.0,0.0,0,0,0.0,0.0,0,0,0.0,0.0,0,0,0.0,0.0,0,0,0.0,158.0,1,1,158.0,934.0,4,2,934.0,0.0,0,0,0.0,0.0,0.0,0.0,0.0,0.0,0.0,0.0,0.0,0.0,0.087729039422543,0.5186007773459189,0.0,0.5963874512670994,0.7524923184263843,0.8925518925518926,,,,,,,,,0.0,19.0,112.0,,,,,,,,,,,3.4519999999999995,3.431589285714286,,,,,,,,,,,-10.85502158737846,-11.382111009274794,
S034,R033,PUB,11,Image_003,80665,82732,2067,248,248,0,799.568,248,80671,82729,1620.0,1080.0,5472.0,3648.0,3.224064516129032,3.3035,-0.1705829173672911,1.055368614255123,3.259941765241128,0.2103214651608213,3.269,zhidaoyu,3.87234375,3.9635,384.0,-16.741262545996026,-16.651949034943854,1.0,0.0,6,1858.0,309.6666666666667,183.0,642.0,80671.0,225.0,1591.1550416956338,318.2310083391268,4,2.0,6.0,6,208.0,34.666666666666664,0.8172351980123432,0.0,0,0,0.0,0.0,0,0,0.0,0.0,0,0,0.0,0.0,0,0,0.0,642.0,1,1,642.0,0.0,0,0,0.0,0.0,0,0,0.0,283.0,1,1,283.0,225.0,1,1,225.0,0.0,0,0,0.0,0.0,0,0,0.0,0.0,0,0,0.0,0.0,0.0,0.0,0.0,0.3455328310010764,0.0,0.0,0.1523143164693218,0.1210979547900968,0.0,0.0,0.0,1.427760074981499,0.4104937618147447,0.8104347826086956,,,,,77.0,,,34.0,27.0,,,0.0,,,,,3.141922077922078,,,3.355176470588236,3.486222222222222,,,,,,,,-18.86252149174314,,,-13.355407288202771,-9.971261662340233,,,
S034,R033,PUB,12,Image_004,82732,84032,1300,156,156,0,531.623,156,82738,84029,1439.0,1080.0,1706.0,1280.0,3.407839743589744,3.4315,0.7031996388743599,4.970939125114703,3.259941765241128,0.2103214651608213,3.269,zhidaoyu,3.87234375,3.9635,384.0,-11.995422834304318,-13.422480131197176,1.0,0.0,6,1309.0,218.16666666666663,142.0,392.0,82738.0,142.0,1290.832564189042,258.1665128378084,4,1.5,6.0,5,141.0,28.2,0.7174480282416298,0.0,0,0,0.0,0.0,0,0,0.0,550.0,3,2,550.0,0.0,0,0,0.0,0.0,0,0,0.0,0.0,0,0,0.0,0.0,0,0,0.0,0.0,0,0,0.0,367.0,2,2,367.0,0.0,0,0,0.0,0.0,0,0,0.0,0.0,0,0,0.0,0.0,0.0,0.4201680672268907,0.0,0.0,0.0,0.0,0.0,0.280366692131398,0.0,0.0,0.0,0.971078033278728,0.5199128541341367,0.8499636495819702,,,66.0,,0.0,,,0.0,26.0,,,,,,3.348969696969697,,,,,,3.4532692307692305,,,,,,-13.515691963821736,,,,,,-10.822244776971818,,,
S034,R033,PUB,13,Image_005,84032,85332,1300,156,156,0,505.959,156,84038,85329,1920.0,1080.0,960.0,540.0,3.243326923076923,3.292,-0.0789973679172532,0.7035790761700731,3.259941765241128,0.2103214651608213,3.269,zhidaoyu,3.87234375,3.9635,384.0,-16.243827189233322,-16.942096631764855,1.0,0.0,5,1175.0,235.0,142.0,350.0,84038.0,225.0,1725.4853856295283,431.3713464073821,1,-0.0,6.0,5,200.0,40.0,0.7832764853024043,0.0,0,0,0.0,0.0,0,0,0.0,0.0,0,0,0.0,0.0,0,0,0.0,0.0,0,0,0.0,0.0,0,0,0.0,350.0,1,1,350.0,0.0,0,0,0.0,0.0,0,0,0.0,0.0,0,0,0.0,0.0,0,0,0.0,0.0,0,0,0.0,0.0,0.0,0.0,0.0,0.0,0.0,0.2978723404255319,0.0,0.0,0.0,0.0,0.0,-0.0,1.0,0.9166666666666666,,,,,0.0,,42.0,0.0,,,,0.0,,,,,,,3.3904761904761904,,,,,,,,,,,,-12.443821897883156,,,,,
S034,R033,PUB,14,Image_006,85332,87798,2466,296,296,0,986.476,296,85338,87796,1439.0,1080.0,1706.0,1280.0,3.332689189189189,3.313,0.3458868256382428,1.3459773631079852,3.259941765241128,0.2103214651608213,3.269,zhidaoyu,3.87234375,3.9635,384.0,-13.936122298306064,-16.412261889743903,1.0,0.0,9,2166.0,240.66666666666663,183.0,308.0,85338.0,208.0,3392.007688789559,424.00096109869486,2,1.0,6.0,8,308.0,38.5,1.88528651632786,0.0,0,0,0.0,0.0,0,0,0.0,0.0,0,0,0.0,0.0,0,0,0.0,0.0,0,0,0.0,0.0,0,0,0.0,0.0,0,0,0.0,0.0,0,0,0.0,0.0,0,0,0.0,0.0,0,0,0.0,491.0,2,1,491.0,0.0,0,0,0.0,0.0,0.0,0.0,0.0,0.0,0.0,0.0,0.0,0.0,0.0,0.2266851338873499,0.0,-0.0,1.0,0.9166666666666666,,,,,0.0,,,,0.0,,59.0,,,,,,,,,,,,3.312779661016949,,,,,,,,,,,,-14.450269012998938,
S034,R033,PUB,15,Image_007,87798,89148,1350,162,162,0,559.092,162,87804,89146,1439.0,1080.0,1706.0,1280.0,3.451185185185185,3.4455,0.909291021712042,5.3992046497399775,3.259941765241128,0.2103214651608213,3.269,zhidaoyu,3.87234375,3.9635,384.0,-10.876063490355552,-13.069256969849876,1.0,0.0,6,1684.0,280.6666666666667,217.0,333.0,87804.0,217.0,1571.5959779245866,314.31919558491734,2,1.0,6.0,5,183.0,36.6,0.873497048986241,0.0,0,0,0.0,0.0,0,0,0.0,0.0,0,0,0.0,0.0,0,0,0.0,0.0,0,0,0.0,0.0,0,0,0.0,0.0,0,0,0.0,325.0,1,1,325.0,0.0,0,0,0.0,0.0,0,0,0.0,0.0,0,0,0.0,0.0,0,0,0.0,0.0,0.0,0.0,0.0,0.0,0.0,0.0,0.1929928741092636,0.0,0.0,0.0,0.0,-0.0,1.0,0.9166666666666666,0.0,,,,,,,39.0,0.0,,,,,,,,,,,3.4493846153846155,,,,,,,,,,,,-10.922561681549698,,,,
S034,R033,PUB,16,Image_008,89148,90765,1617,194,194,0,651.206,194,89154,90763,1440.0,1080.0,4096.0,3072.0,3.3567319587628868,3.35,0.4602012136409774,2.477821963903333,3.259941765241128,0.2103214651608213,3.269,zhidaoyu,3.87234375,3.9635,384.0,-13.315238122574048,-15.47874353475463,1.0,0.0,7,1584.0,226.28571428571428,150.0,333.0,89154.0,333.0,2826.332303554469,471.0553839257448,0,0.0,6.0,6,234.0,39.0,1.570184613085816,0.0,0,0,0.0,0.0,0,0,0.0,0.0,0,0,0.0,0.0,0,0,0.0,0.0,0,0,0.0,0.0,0,0,0.0,0.0,0,0,0.0,0.0,0,0,0.0,0.0,0,0,0.0,0.0,0,0,0.0,0.0,0,0,0.0,0.0,0,0,0.0,0.0,0.0,0.0,0.0,0.0,0.0,0.0,0.0,0.0,0.0,0.0,0.0,0.0,0.0,0.0,,,,,,,,,0.0,,0.0,,,,,,,,,,,,,,,,,,,,,,,,,
S034,R033,PUB,17,Image_009,90765,91548,783,94,94,0,311.181,94,90771,91546,1440.0,1080.0,4032.0,3024.0,3.310436170212766,3.2775,0.2400820331535218,0.2600183542367614,3.259941765241128,0.2103214651608213,3.269,zhidaoyu,3.87234375,3.9635,384.0,-14.510787679612234,-17.307934906017408,1.0,0.0,4,1034.0,258.5,167.0,358.0,90771.0,217.0,822.9121131698487,274.3040377232829,0,0.0,6.0,3,91.0,30.33333333333333,0.4571733962054715,0.0,0,0,0.0,0.0,0,0,0.0,0.0,0,0,0.0,0.0,0,0,0.0,0.0,0,0,0.0,0.0,0,0,0.0,0.0,0,0,0.0,0.0,0,0,0.0,0.0,0,0,0.0,0.0,0,0,0.0,0.0,0,0,0.0,0.0,0,0,0.0,0.0,0.0,0.0,0.0,0.0,0.0,0.0,0.0,0.0,0.0,0.0,0.0,0.0,0.0,0.0,,,,,0.0,,,0.0,0.0,,,0.0,,,,,,,,,,,,,,,,,,,,,,,,
S034,R033,PUB,18,Image_010,91548,93615,2067,248,248,0,835.008,248,91554,93613,1440.0,1080.0,1600.0,1200.0,3.366967741935484,3.382,0.5088685389887277,3.456714591618231,3.259941765241128,0.2103214651608213,3.269,zhidaoyu,3.87234375,3.9635,384.0,-13.050907685158794,-14.671376308817957,1.0,0.0,8,1858.0,232.25,142.0,358.0,91554.0,358.0,2512.208804794389,358.88697211348415,3,1.584962500721156,6.0,8,284.0,35.5,1.395671558219105,0.0,0,0,0.0,0.0,0,0,0.0,0.0,0,0,0.0,0.0,0,0,0.0,0.0,0,0,0.0,0.0,0,0,0.0,0.0,0,0,0.0,158.0,1,1,158.0,0.0,0,0,0.0,350.0,2,1,350.0,0.0,0,0,0.0,0.0,0,0,0.0,0.0,0.0,0.0,0.0,0.0,0.0,0.0,0.085037674919268,0.0,0.1883745963401507,0.0,0.0,0.8943515226908718,0.5714241428482857,0.8648293963254593,,,,,,,,19.0,0.0,42.0,0.0,,,,,,,,,3.258684210526316,,3.2864047619047616,,,,,,,,,,-15.84723823843595,,-15.13137846027328,,
S034,R033,PUB,19,Image_011,93615,95632,2017,242,219,23,761.366,218,93621,95630,1440.0,1080.0,960.0,720.0,3.4925045871559632,3.5195,1.1057493429736565,7.662893851330674,3.259941765241128,0.2103214651608213,3.269,zhidaoyu,3.87234375,3.9635,384.0,-9.809024904982596,-11.202220259871323,0.9049586776859504,0.0950413223140495,7,1751.0,250.14285714285717,192.0,333.0,93638.0,217.0,2028.2494133179207,338.0415688863202,3,1.584962500721156,23.0,8,259.0,32.375,1.126805229621067,0.0,0,0,0.0,0.0,0,0,0.0,0.0,0,0,0.0,0.0,0,0,0.0,0.0,0,0,0.0,0.0,0,0,0.0,0.0,0,0,0.0,267.0,1,1,267.0,0.0,0,0,0.0,0.0,0,0,0.0,0.0,0,0,0.0,333.0,1,1,333.0,0.0,0.0,0.0,0.0,0.0,0.0,0.0,0.1524842946887492,0.0,0.0,0.0,0.1901770416904626,0.9912540071703688,0.5060500000000001,0.8425,,,,,,,,32.0,0.0,,,40.0,,,,,,,,3.54384375,,,,3.395475,,,,,,,,-8.48323447524514,,,,-12.314731872654653
S034,R033,PUB,20,Image_013,95632,97748,2116,254,254,0,812.906,254,95638,97746,1920.0,1080.0,3840.0,2160.0,3.200417322834645,3.1865,-0.2830164879317838,-2.52370755582747,3.259941765241128,0.2103214651608213,3.269,zhidaoyu,3.87234375,3.9635,384.0,-17.351931299109346,-19.60388545477481,1.0,0.0,7,2241.0,320.1428571428572,242.0,383.0,95638.0,275.0,2339.9811233424703,389.9968538904117,5,2.321928094887362,6.0,6,207.0,34.5,1.0622241168950624,0.0,0,0,0.0,0.0,0,0,0.0,0.0,0,0,0.0,0.0,0,0,0.0,383.0,1,1,383.0,0.0,0,0,0.0,0.0,0,0,0.0,242.0,1,1,242.0,533.0,2,2,533.0,0.0,0,0,0.0,0.0,0,0,0.0,383.0,1,1,383.0,0.0,0.0,0.0,0.0,0.1709058456046407,0.0,0.0,0.107987505577867,0.2378402498884426,0.0,0.0,0.1709058456046407,1.947552420099724,0.267838501255537,0.713876270819814,,,,,46.0,,,29.0,52.0,,0.0,18.0,,,,,3.0296521739130435,,,3.3056896551724138,3.282326923076923,,,3.1814444444444443,,,,,-21.76179674356019,,,-14.63336241333395,-15.236685196738462,,,-17.84188982591114
S034,R033,PUB,21,Image_014,97748,98865,1117,134,134,0,435.901,134,97755,98863,1440.0,1080.0,4032.0,3024.0,3.252992537313433,3.236,-0.0330409828705849,-1.0094830223309992,3.259941765241128,0.2103214651608213,3.269,zhidaoyu,3.87234375,3.9635,384.0,-15.994220882032154,-18.354989277154036,1.0,0.0,3,1192.0,397.3333333333333,367.0,442.0,97755.0,383.0,757.5889462602265,378.79447313011326,2,1.0,7.0,2,84.0,42.0,0.4208827479223481,0.0,0,0,0.0,0.0,0,0,0.0,442.0,1,1,442.0,0.0,0,0,0.0,0.0,0,0,0.0,0.0,0,0,0.0,0.0,0,0,0.0,0.0,0,0,0.0,367.0,1,1,367.0,0.0,0,0,0.0,0.0,0,0,0.0,0.0,0,0,0.0,0.0,0.0,0.3708053691275167,0.0,0.0,0.0,0.0,0.0,0.3078859060402684,0.0,0.0,0.0,0.9937913979374288,0.5042972981644999,0.8410589204779563,,,52.0,,0.0,0.0,,0.0,44.0,,,,,,3.305057692307692,,,,,,3.210568181818182,,,,,,-14.649682319455962,,,,,,-17.089793957001312,,,
S034,R033,PUB,22,Image_015,98865,101182,2317,278,278,0,873.252,278,98871,101180,1440.0,1080.0,4032.0,3024.0,3.141194244604317,3.158,-0.5646001017823435,-3.3955338023860566,3.259941765241128,0.2103214651608213,3.269,zhidaoyu,3.87234375,3.9635,384.0,-18.881317171175294,-20.322946890374663,1.0,0.0,9,2459.0,273.22222222222223,142.0,442.0,98871.0,442.0,2951.7330873806386,368.9666359225798,6,2.2516291673878226,6.0,8,292.0,36.5,1.639851715211466,0.0,0,0,0.0,0.0,0,0,0.0,0.0,0,0,0.0,0.0,0,0,0.0,0.0,0,0,0.0,0.0,0,0,0.0,0.0,0,0,0.0,0.0,0,0,0.0,492.0,2,2,492.0,0.0,0,0,0.0,792.0,2,2,792.0,0.0,0,0,0.0,0.0,0.0,0.0,0.0,0.0,0.0,0.0,0.0,0.2000813338755591,0.0,0.3220821472143148,0.0,0.9602553596067605,0.5272949602585378,0.852803738317757,,,,,0.0,,,,59.0,0.0,43.0,,,,,,,,,,3.1853050847457625,,3.171209302325581,,,,,,,,,,-17.742192057568175,,-18.106203708656263,
S034,R033,PUB,23,Image_016,101182,102782,1600,192,192,0,600.252,192,101188,102780,1440.0,1080.0,4032.0,3024.0,3.1263125000000005,3.116,-0.635357238211272,-4.680330376261854,3.259941765241128,0.2103214651608213,3.269,zhidaoyu,3.87234375,3.9635,384.0,-19.26562563047249,-21.382616374416543,1.0,0.0,5,1516.0,303.2,200.0,375.0,101205.0,275.0,1222.4985988710537,305.6246497177634,2,1.0,23.0,5,151.0,30.2,0.6791658882616964,0.0,0,0,0.0,0.0,0,0,0.0,0.0,0,0,0.0,0.0,0,0,0.0,0.0,0,0,0.0,0.0,0,0,0.0,0.0,0,0,0.0,0.0,0,0,0.0,308.0,1,1,308.0,0.0,0,0,0.0,275.0,1,1,275.0,0.0,0,0,0.0,0.0,0.0,0.0,0.0,0.0,0.0,0.0,0.0,0.2031662269129287,0.0,0.1813984168865435,0.0,0.9976875760352552,0.5016019935920256,0.8380503144654088,,,,,,,,,29.0,,33.0,,,,,,,,,,3.224896551724138,,3.149969696969697,,,,,,,,,,-16.719775930942653,,-18.654698540910868,
S034,R033,PUB,24,Image_017,102782,104415,1633,196,196,0,609.969,196,102788,104413,1440.0,1080.0,4032.0,3024.0,3.112086734693878,3.1075,-0.7029954381222747,-4.94034873049863,3.259941765241128,0.2103214651608213,3.269,zhidaoyu,3.87234375,3.9635,384.0,-19.63299397957948,-21.597073293805977,1.0,0.0,8,1883.0,235.375,133.0,308.0,102788.0,308.0,2038.6348878529188,291.23355540755983,5,1.9219280948873625,6.0,7,225.0,32.142857142857146,1.132574937696066,0.0,0,0,0.0,0.0,0,0,0.0,0.0,0,0,0.0,0.0,0,0,0.0,950.0,4,3,950.0,0.0,0,0,0.0,0.0,0,0,0.0,0.0,0,0,0.0,0.0,0,0,0.0,0.0,0,0,0.0,608.0,2,2,608.0,0.0,0,0,0.0,0.0,0.0,0.0,0.0,0.5045140732873075,0.0,0.0,0.0,0.0,0.0,0.3228890069038768,0.0,0.9649567669505684,0.5240928019036288,0.8516260162601627,,,,,57.0,,,,0.0,,73.0,,,,,,3.0534736842105263,,,,,,3.183054794520548,,,,,,-21.146626401374466,,,,,,-17.800303898109572,
S034,R033,PUB,25,Image_018,104415,105465,1050,126,126,0,426.947,126,104421,105463,1440.0,1080.0,3648.0,2736.0,3.3884682539682545,3.4,0.6110954420598441,4.007341694707855,3.259941765241128,0.2103214651608213,3.269,zhidaoyu,3.87234375,3.9635,384.0,-12.495675158790997,-14.217232244228583,1.0,0.0,4,1225.0,306.25,242.0,383.0,104421.0,242.0,1011.62588543104,337.2086284770133,2,1.0,6.0,3,108.0,36.0,0.5620143807950222,0.0,0,0,0.0,0.0,0,0,0.0,0.0,0,0,0.0,0.0,0,0,0.0,0.0,0,0,0.0,0.0,0,0,0.0,0.0,0,0,0.0,0.0,0,0,0.0,625.0,2,2,625.0,0.0,0,0,0.0,0.0,0,0,0.0,0.0,0,0,0.0,0.0,0.0,0.0,0.0,0.0,0.0,0.0,0.0,0.5102040816326531,0.0,0.0,0.0,-0.0,1.0,0.9166666666666666,,0.0,0.0,,,,,,41.0,,0.0,,,,,,,,,,3.2888536585365853,,,,,,,,,,,,-15.068137777371,,,
S034,R033,PUB,26,Image_019,105465,106465,1000,120,120,0,397.956,120,105471,106463,1439.0,1080.0,1706.0,1280.0,3.3163,3.3075,0.2679623533231747,1.1777301927194854,3.259941765241128,0.2103214651608213,3.269,zhidaoyu,3.87234375,3.9635,384.0,-14.359359238187473,-16.551028131701774,1.0,0.0,3,1233.0,411.0,242.0,608.0,105471.0,383.0,686.9704945941827,343.48524729709135,1,-0.0,6.0,2,91.0,45.5,0.3818199513090325,0.0,0,0,0.0,0.0,0,0,0.0,0.0,0,0,0.0,0.0,0,0,0.0,0.0,0,0,0.0,0.0,0,0,0.0,0.0,0,0,0.0,0.0,0,0,0.0,0.0,0,0,0.0,0.0,0,0,0.0,608.0,1,1,608.0,0.0,0,0,0.0,0.0,0.0,0.0,0.0,0.0,0.0,0.0,0.0,0.0,0.0,0.4931062449310625,0.0,-0.0,1.0,0.9166666666666666,,,,,0.0,,,,0.0,,47.0,,,,,,,,,,,,3.281957446808511,,,,,,,,,,,,-15.246226608665342,
S034,R033,PUB,27,Image_020,106465,107615,1150,138,138,0,444.62,138,106471,107613,1439.0,1080.0,1706.0,1280.0,3.2218840579710144,3.182,-0.1809501813854955,-2.6613643315998834,3.259941765241128,0.2103214651608213,3.269,zhidaoyu,3.87234375,3.9635,384.0,-16.797571032504173,-19.71742147092216,1.0,0.0,5,1508.0,301.6,175.0,608.0,106471.0,608.0,675.8303556369593,168.95758890923983,2,1.0,6.0,4,101.0,25.25,0.3756282336913267,425.0,2,1,425.0,0.0,0,0,0.0,0.0,0,0,0.0,0.0,0,0,0.0,0.0,0,0,0.0,0.0,0,0,0.0,0.0,0,0,0.0,475.0,2,1,475.0,1033.0,3,1,1033.0,0.0,0,0,0.0,0.0,0,0,0.0,0.0,0,0,0.0,0.2818302387267904,0.0,0.0,0.0,0.0,0.0,0.0,0.3149867374005305,0.6850132625994695,0.0,0.0,0.0,1.461142737595635,0.3943110765213011,0.8024228315226763,51.0,,,,,,,49.0,77.0,,,,3.255529411764706,,,,,,,3.126285714285714,3.2888441558441555,,,,-15.928708246402302,,,,,,,-19.266317348873955,-15.068383176360436,,,
S034,R033,PUB,28,Image_021,107615,108415,800,96,96,0,316.654,96,107621,108413,1440.0,1080.0,4032.0,3024.0,3.298479166666666,3.298,0.1832309479019222,0.8871214438666233,3.259941765241128,0.2103214651608213,3.269,zhidaoyu,3.87234375,3.9635,384.0,-14.819567176424703,-16.790715276901725,1.0,0.0,3,900.0,300.0,208.0,417.0,107621.0,275.0,659.3212597956704,329.6606298978352,2,1.0,6.0,3,124.0,41.333333333333336,0.3662895887753724,0.0,0,0,0.0,0.0,0,0,0.0,0.0,0,0,0.0,0.0,0,0,0.0,0.0,0,0,0.0,0.0,0,0,0.0,0.0,0,0,0.0,0.0,0,0,0.0,208.0,1,1,208.0,0.0,0,0,0.0,0.0,0,0,0.0,0.0,0,0,0.0,0.0,0.0,0.0,0.0,0.0,0.0,0.0,0.0,0.2311111111111111,0.0,0.0,0.0,-0.0,1.0,0.9166666666666666,,,,0.0,,,,0.0,25.0,,,,,,,,,,,,3.24864,,,,,,,,,,,,-16.106621474397777,,,
S034,R033,PUB,29,Image_022,108415,109398,983,118,118,0,404.954,118,108421,109396,1620.0,1080.0,5472.0,3648.0,3.431813559322034,3.433,0.8171861771193197,5.0168247170388405,3.259941765241128,0.2103214651608213,3.269,zhidaoyu,3.87234375,3.9635,384.0,-11.376319333167832,-13.384634792481393,1.0,0.0,4,1158.0,289.5,200.0,375.0,108438.0,358.0,1113.2478720081613,371.0826240027204,0,0.0,23.0,4,141.0,35.25,0.5717766787502275,0.0,0,0,0.0,0.0,0,0,0.0,0.0,0,0,0.0,0.0,0,0,0.0,0.0,0,0,0.0,0.0,0,0,0.0,0.0,0,0,0.0,0.0,0,0,0.0,0.0,0,0,0.0,0.0,0,0,0.0,0.0,0,0,0.0,0.0,0,0,0.0,0.0,0.0,0.0,0.0,0.0,0.0,0.0,0.0,0.0,0.0,0.0,0.0,0.0,0.0,0.0,,,,,,,,0.0,0.0,,,,,,,,,,,,,,,,,,,,,,,,,,,
S034,R033,PUB,30,Image_024,109398,110465,1067,128,128,0,436.125,128,109405,110463,1440.0,1080.0,4032.0,3024.0,3.4072265625,3.419,0.7002841918500858,4.588559192413579,3.259941765241128,0.2103214651608213,3.269,zhidaoyu,3.87234375,3.9635,384.0,-12.01125771698342,-13.73785795382868,1.0,0.0,4,1492.0,373.0,275.0,542.0,109405.0,375.0,530.5251639894979,176.8417213298326,2,1.0,7.0,3,83.0,27.666666666666668,0.2947362022163877,0.0,0,0,0.0,0.0,0,0,0.0,0.0,0,0,0.0,0.0,0,0,0.0,542.0,1,1,542.0,0.0,0,0,0.0,0.0,0,0,0.0,0.0,0,0,0.0,842.0,2,1,842.0,0.0,0,0,0.0,0.0,0,0,0.0,0.0,0,0,0.0,0.0,0.0,0.0,0.0,0.3632707774798928,0.0,0.0,0.0,0.564343163538874,0.0,0.0,0.0,0.9658360826687306,0.5234931003374654,0.8513969171483622,,,,,13.0,0.0,,0.0,49.0,,,0.0,,,,,3.516538461538462,,,,3.3825102040816324,,,,,,,,-9.188370440034884,,,,-12.64953675453962,,,
S034,R033,PUB,31,Image_025,110465,111165,700,84,84,0,302.75,84,110471,111163,1620.0,1080.0,5472.0,3648.0,3.604166666666666,3.5995,1.6366608190102128,10.11012542061792,3.259941765241128,0.2103214651608213,3.269,zhidaoyu,3.87234375,3.9635,384.0,-6.925446206404947,-9.183802195029642,1.0,0.0,2,900.0,450.0,358.0,542.0,110471.0,542.0,116.70903992407786,116.70903992407786,1,-0.0,6.0,1,33.0,33.0,0.0599430808769852,0.0,0,0,0.0,0.0,0,0,0.0,0.0,0,0,0.0,0.0,0,0,0.0,0.0,0,0,0.0,0.0,0,0,0.0,0.0,0,0,0.0,0.0,0,0,0.0,542.0,1,1,542.0,0.0,0,0,0.0,0.0,0,0,0.0,0.0,0,0,0.0,0.0,0.0,0.0,0.0,0.0,0.0,0.0,0.0,0.6022222222222222,0.0,0.0,0.0,-0.0,1.0,0.9166666666666666,,,,,,,,0.0,52.0,,,0.0,,,,,,,,,3.640519230769231,,,,,,,,,,,,-5.986672005313812,,,
